2026-08-06 14:25:01.844 INFO  [main] c.t.n.NaicomBacklogPosterApplication - Starting NaicomBacklogPosterApplication v1.0.0 using Java 21.0.10 with PID 7416 (D:\Naicom Posting\naicom-backlog-poster\target\naicom-backlog-poster.jar started by Chumba in D:\Naicom Posting\naicom-backlog-poster\target)
2026-08-06 14:25:01.855 DEBUG [main] c.t.n.NaicomBacklogPosterApplication - Running with Spring Boot v3.2.11, Spring v6.1.14
2026-08-06 14:25:01.860 INFO  [main] c.t.n.NaicomBacklogPosterApplication - No active profile set, falling back to 1 default profile: "default"
2026-08-06 14:25:13.127 INFO  [main] o.s.d.r.c.RepositoryConfigurationDelegate - Bootstrapping Spring Data JPA repositories in DEFAULT mode.
2026-08-06 14:25:13.971 INFO  [main] o.s.d.r.c.RepositoryConfigurationDelegate - Finished Spring Data repository scanning in 802 ms. Found 4 JPA repository interfaces.
2026-08-06 14:25:25.522 INFO  [main] o.s.b.w.e.tomcat.TomcatWebServer - Tomcat initialized with port 8090 (http)
2026-08-06 14:25:25.835 INFO  [main] o.a.catalina.core.StandardService - Starting service [Tomcat]
2026-08-06 14:25:25.871 INFO  [main] o.a.catalina.core.StandardEngine - Starting Servlet engine: [Apache Tomcat/10.1.31]
2026-08-06 14:25:26.127 INFO  [main] o.a.c.c.C.[Tomcat].[localhost].[/] - Initializing Spring embedded WebApplicationContext
2026-08-06 14:25:26.305 INFO  [main] o.s.b.w.s.c.ServletWebServerApplicationContext - Root WebApplicationContext: initialization completed in 24210 ms
2026-08-06 14:25:36.582 INFO  [main] o.h.jpa.internal.util.LogHelper - HHH000204: Processing PersistenceUnitInfo [name: default]
2026-08-06 14:25:37.064 INFO  [main] org.hibernate.Version - HHH000412: Hibernate ORM core version 6.4.10.Final
2026-08-06 14:25:37.320 INFO  [main] o.h.c.i.RegionFactoryInitiator - HHH000026: Second-level cache disabled
2026-08-06 14:25:38.923 INFO  [main] o.s.o.j.p.SpringPersistenceUnitInfo - No LoadTimeWeaver setup: ignoring JPA class transformer
2026-08-06 14:25:39.074 INFO  [main] com.zaxxer.hikari.HikariDataSource - HikariPool-1 - Starting...
2026-08-06 14:25:44.666 INFO  [main] com.zaxxer.hikari.pool.HikariPool - HikariPool-1 - Added connection oracle.jdbc.driver.T4CConnection@3a54638b
2026-08-06 14:25:44.685 INFO  [main] com.zaxxer.hikari.HikariDataSource - HikariPool-1 - Start completed.
2026-08-06 14:25:47.968 WARN  [main] org.hibernate.orm.deprecation - HHH90000025: OracleDialect does not need to be specified explicitly using 'hibernate.dialect' (remove the property setting and it will be selected by default)
2026-08-06 14:27:24.873 INFO  [main] o.h.e.t.j.p.i.JtaPlatformInitiator - HHH000489: No JTA platform available (set 'hibernate.transaction.jta.platform' to enable JTA platform integration)
2026-08-06 14:27:24.898 INFO  [main] o.s.o.j.LocalContainerEntityManagerFactoryBean - Initialized JPA EntityManagerFactory for persistence unit 'default'
2026-08-06 14:27:30.114 WARN  [main] c.t.n.config.RestClientConfig - naicom.trust-all-ssl is enabled: TLS certificate and hostname verification is DISABLED for NAICOM calls.
2026-08-06 14:27:35.841 INFO  [main] o.s.b.w.e.tomcat.TomcatWebServer - Tomcat started on port 8090 (http) with context path ''
2026-08-06 14:27:35.941 INFO  [main] c.t.n.NaicomBacklogPosterApplication - Started NaicomBacklogPosterApplication in 158.232 seconds (process running for 161.106)
2026-08-06 14:27:38.758 INFO  [http-nio-8090-exec-3] o.a.c.c.C.[Tomcat].[localhost].[/] - Initializing Spring DispatcherServlet 'dispatcherServlet'
2026-08-06 14:27:38.760 INFO  [http-nio-8090-exec-3] o.s.web.servlet.DispatcherServlet - Initializing Servlet 'dispatcherServlet'
2026-08-06 14:27:38.762 INFO  [http-nio-8090-exec-3] o.s.web.servlet.DispatcherServlet - Completed initialization in 2 ms
2026-08-06 14:27:46.477 INFO  [http-nio-8090-exec-7] o.s.api.AbstractOpenApiResource - Init duration for springdoc-openapi is: 6025 ms
2026-08-06 14:28:17.105 INFO  [http-nio-8090-exec-3] c.t.n.controller.BacklogController - Received /postbacklog request: transactionType=NB, batchCount=10
2026-08-06 14:28:17.106 INFO  [http-nio-8090-exec-3] c.t.n.controller.BacklogController - Processing backlog: policyBatchNumber=2093095, transactionType=NB
2026-08-06 14:28:17.137 INFO  [http-nio-8090-exec-3] c.t.n.service.BacklogService - Staging: policyBatchNumber=2093095, transactionType=NB
2026-08-06 14:28:21.553 INFO  [http-nio-8090-exec-3] c.t.n.service.StagingService - Staging: policyBatchNumber=2093095, payload={"cover_end_date":"2022-05-04","cover_start_date":"2022-02-03","cover_type":"COMPREHENSIVE","customer":{"email_address":"insure@leadway.com","first_name":"Mushilab ","last_name":"Nigeria Limited","phone_number":"08034073796","postal_address":"121123","residential_address":"100011","city":"LAGOS","license":"n/a","organization_id":"n/a","organization_name":"n/a","state":"LAGOS","type":"PERSON"},"policy_number":"CV200000457AE","sum_insured":7000000,"total_premium":99250,"naicom_product":"AUTO","commission_fee":24812.5,"conditions":"n/a","endorsements":"n/a","exclusions":"n/a","extra_fee":0,"policy_description":"n/a","preamble":"n/a","premium_note":"DNN125745","terms":"n/a","naicom_product_code":357,"insured_info":[{"auto_note":"n/a","engine_capacity":"0","plate_no":"KNN321ZY","registration_date":"2022-02-03","registration_expiry_date":"2022-05-04","registration_number":"KNN321ZY","seats":0,"vehicle_color":"NOT_PROVIDED","vehicle_id":"KNN321ZY","vehicle_make":"IVECO","vehicle_mileage":0,"vehicle_model":"TRUCK","vehicle_type":"CAR","year_of_manufacture":"2016"}],"recorder_type":"BROKER","recorder_id":478,"trans_type":"NB","policy_batch_no":2093095}
2026-08-06 14:28:23.910 INFO  [http-nio-8090-exec-3] c.t.n.service.StagingService - Staged NAICOM payload for batch 2093095 Success
2026-08-06 14:28:23.912 INFO  [http-nio-8090-exec-3] c.t.n.service.BacklogService - Staging: Response={"cover_end_date":"2022-05-04","cover_start_date":"2022-02-03","cover_type":"COMPREHENSIVE","customer":{"email_address":"insure@leadway.com","first_name":"Mushilab ","last_name":"Nigeria Limited","phone_number":"08034073796","postal_address":"121123","residential_address":"100011","city":"LAGOS","license":"n/a","organization_id":"n/a","organization_name":"n/a","state":"LAGOS","type":"PERSON"},"policy_number":"CV200000457AE","sum_insured":7000000,"total_premium":99250,"naicom_product":"AUTO","commission_fee":24812.5,"conditions":"n/a","endorsements":"n/a","exclusions":"n/a","extra_fee":0,"policy_description":"n/a","preamble":"n/a","premium_note":"DNN125745","terms":"n/a","naicom_product_code":357,"insured_info":[{"auto_note":"n/a","engine_capacity":"0","plate_no":"KNN321ZY","registration_date":"2022-02-03","registration_expiry_date":"2022-05-04","registration_number":"KNN321ZY","seats":0,"vehicle_color":"NOT_PROVIDED","vehicle_id":"KNN321ZY","vehicle_make":"IVECO","vehicle_mileage":0,"vehicle_model":"TRUCK","vehicle_type":"CAR","year_of_manufacture":"2016"}],"recorder_type":"BROKER","recorder_id":478,"trans_type":"NB","policy_batch_no":2093095}, transactionType=NB
2026-08-06 14:28:23.912 INFO  [http-nio-8090-exec-3] c.t.n.service.BacklogService - Posting: policyBatchNumber=2093095, transactionType=NB
2026-08-06 14:28:26.672 INFO  [http-nio-8090-exec-3] c.t.n.service.NaicomPostingService - Posting AUTO payload to NAICOM: {"SID":"c79ec578-8507-4cad-a24d-6185563fdcdf","Token":"TTAeOPzW2Eh4xZ7HB4WtTKJNYYVWP9zf","Type":"Auto","DataGroup":[{"GroupName":"Basic info","GroupTag":0,"GroupCount":0,"AttArray":[{"Name":"TypeID","Value":"357"},{"Name":"CoverageStartDate","Value":"2/03/2022 03:00 AM"},{"Name":"CoverageEndDate","Value":"5/04/2022 03:00 AM"},{"Name":"PolicyInternalID","Value":"CV200000457AE"},{"Name":"PolicyDescription","Value":"n/a"},{"Name":"RecorderType","Value":"COMPANY"},{"Name":"RecorderID","Value":"478"}]},{"GroupName":"Detail Info","GroupTag":1,"GroupCount":0,"AttArray":[{"Name":"PersonNameLast","Value":"Nigeria Limited"},{"Name":"PersonNameFirst","Value":"Mushilab "},{"Name":"OwnerLicense","Value":"n/a"},{"Name":"OrgType","Value":"COMMERCIAL"},{"Name":"OrgName","Value":"n/a"},{"Name":"OrgID","Value":"n/a"},{"Name":"CoverageType","Value":"THIRD_PARTY"},{"Name":"OwnerType","Value":"PERSON"},{"Name":"AddressLine","Value":"100011"},{"Name":"State","Value":"LAGOS"},{"Name":"PostCode","Value":"121123"},{"Name":"Phone","Value":"08034073796"},{"Name":"CityLGA","Value":"LAGOS"},{"Name":"Email","Value":"insure@leadway.com"},{"Name":"InsuredValue","Value":"7000000"},{"Name":"Premium","Value":"99250"},{"Name":"CommissionFee","Value":"24812.5"},{"Name":"ExtraFee","Value":"0"},{"Name":"PremiumNote","Value":"DNN125745"},{"Name":"Terms","Value":"n/a"},{"Name":"Preamble","Value":"n/a"},{"Name":"Endorsements","Value":"n/a"},{"Name":"Exclusions","Value":"n/a"},{"Name":"Conditions","Value":"n/a"}]},{"GroupName":"Insured Info","GroupTag":2,"GroupCount":0,"AttArray":[{"Name":"InsuredNo","Value":"1"},{"Name":"VehicleID","Value":"KNN321ZY"},{"Name":"PlateNo","Value":"KNN321ZY"},{"Name":"RegNo","Value":"KNN321ZY"},{"Name":"RegDate","Value":"February 03, 2022"},{"Name":"RegExpDate","Value":"May 04, 2022"},{"Name":"RegMileage","Value":"0"},{"Name":"AutoType","Value":"CAR"},{"Name":"AutoMake","Value":"IVECO"},{"Name":"AutoModel","Value":"TRUCK"},{"Name":"AutoColor","Value":"NOT_PROVIDED"},{"Name":"AutoYear","Value":"2016"},{"Name":"EngineCap","Value":"0"},{"Name":"SeatCap","Value":"0"},{"Name":"AutoNote","Value":"n/a"}]}]}
2026-08-06 14:29:28.642 ERROR [http-nio-8090-exec-3] c.t.n.service.ThirdPartyApiClient - Error posting to NAICOM_POLICY_POSTING_URL: timeout
java.net.SocketTimeoutException: timeout
	at okhttp3.internal.http2.Http2Stream$StreamTimeout.newTimeoutException(Http2Stream.kt:675)
	at okhttp3.internal.http2.Http2Stream$StreamTimeout.exitAndThrowIfTimedOut(Http2Stream.kt:684)
	at okhttp3.internal.http2.Http2Stream.takeHeaders(Http2Stream.kt:143)
	at okhttp3.internal.http2.Http2ExchangeCodec.readResponseHeaders(Http2ExchangeCodec.kt:97)
	at okhttp3.internal.connection.Exchange.readResponseHeaders(Exchange.kt:110)
	at okhttp3.internal.http.CallServerInterceptor.intercept(CallServerInterceptor.kt:93)
	at okhttp3.internal.http.RealInterceptorChain.proceed(RealInterceptorChain.kt:109)
	at okhttp3.internal.connection.ConnectInterceptor.intercept(ConnectInterceptor.kt:34)
	at okhttp3.internal.http.RealInterceptorChain.proceed(RealInterceptorChain.kt:109)
	at okhttp3.internal.cache.CacheInterceptor.intercept(CacheInterceptor.kt:95)
	at okhttp3.internal.http.RealInterceptorChain.proceed(RealInterceptorChain.kt:109)
	at okhttp3.internal.http.BridgeInterceptor.intercept(BridgeInterceptor.kt:83)
	at okhttp3.internal.http.RealInterceptorChain.proceed(RealInterceptorChain.kt:109)
	at okhttp3.internal.http.RetryAndFollowUpInterceptor.intercept(RetryAndFollowUpInterceptor.kt:76)
	at okhttp3.internal.http.RealInterceptorChain.proceed(RealInterceptorChain.kt:109)
	at okhttp3.internal.connection.RealCall.getResponseWithInterceptorChain$okhttp(RealCall.kt:201)
	at okhttp3.internal.connection.RealCall.execute(RealCall.kt:154)
	at com.turnkey.naicombacklog.service.ThirdPartyApiClient.postTransaction(ThirdPartyApiClient.java:37)
	at com.turnkey.naicombacklog.service.NaicomPostingService.postAutoPolicyToNaicom(NaicomPostingService.java:224)
	at com.turnkey.naicombacklog.service.NaicomPostingService.postSingleTransaction(NaicomPostingService.java:147)
	at com.turnkey.naicombacklog.service.NaicomPostingService.postPolicyToNaicom(NaicomPostingService.java:126)
	at com.turnkey.naicombacklog.service.BacklogService.post(BacklogService.java:100)
	at com.turnkey.naicombacklog.service.BacklogService.processBacklog(BacklogService.java:60)
	at java.base/jdk.internal.reflect.DirectMethodHandleAccessor.invoke(DirectMethodHandleAccessor.java:103)
	at java.base/java.lang.reflect.Method.invoke(Method.java:580)
	at org.springframework.aop.support.AopUtils.invokeJoinpointUsingReflection(AopUtils.java:355)
	at org.springframework.aop.framework.ReflectiveMethodInvocation.invokeJoinpoint(ReflectiveMethodInvocation.java:196)
	at org.springframework.aop.framework.ReflectiveMethodInvocation.proceed(ReflectiveMethodInvocation.java:163)
	at org.springframework.aop.framework.CglibAopProxy$CglibMethodInvocation.proceed(CglibAopProxy.java:768)
	at org.springframework.transaction.interceptor.TransactionAspectSupport.invokeWithinTransaction(TransactionAspectSupport.java:379)
	at org.springframework.transaction.interceptor.TransactionInterceptor.invoke(TransactionInterceptor.java:119)
	at org.springframework.aop.framework.ReflectiveMethodInvocation.proceed(ReflectiveMethodInvocation.java:184)
	at org.springframework.aop.framework.CglibAopProxy$CglibMethodInvocation.proceed(CglibAopProxy.java:768)
	at org.springframework.aop.framework.CglibAopProxy$DynamicAdvisedInterceptor.intercept(CglibAopProxy.java:720)
	at com.turnkey.naicombacklog.service.BacklogService$$SpringCGLIB$$0.processBacklog(<generated>)
	at com.turnkey.naicombacklog.controller.BacklogController.postBacklog(BacklogController.java:63)
	at java.base/jdk.internal.reflect.DirectMethodHandleAccessor.invoke(DirectMethodHandleAccessor.java:103)
	at java.base/java.lang.reflect.Method.invoke(Method.java:580)
	at org.springframework.web.method.support.InvocableHandlerMethod.doInvoke(InvocableHandlerMethod.java:255)
	at org.springframework.web.method.support.InvocableHandlerMethod.invokeForRequest(InvocableHandlerMethod.java:188)
	at org.springframework.web.servlet.mvc.method.annotation.ServletInvocableHandlerMethod.invokeAndHandle(ServletInvocableHandlerMethod.java:118)
	at org.springframework.web.servlet.mvc.method.annotation.RequestMappingHandlerAdapter.invokeHandlerMethod(RequestMappingHandlerAdapter.java:926)
	at org.springframework.web.servlet.mvc.method.annotation.RequestMappingHandlerAdapter.handleInternal(RequestMappingHandlerAdapter.java:831)
	at org.springframework.web.servlet.mvc.method.AbstractHandlerMethodAdapter.handle(AbstractHandlerMethodAdapter.java:87)
	at org.springframework.web.servlet.DispatcherServlet.doDispatch(DispatcherServlet.java:1089)
	at org.springframework.web.servlet.DispatcherServlet.doService(DispatcherServlet.java:979)
	at org.springframework.web.servlet.FrameworkServlet.processRequest(FrameworkServlet.java:1014)
	at org.springframework.web.servlet.FrameworkServlet.doPost(FrameworkServlet.java:914)
	at jakarta.servlet.http.HttpServlet.service(HttpServlet.java:590)
	at org.springframework.web.servlet.FrameworkServlet.service(FrameworkServlet.java:885)
	at jakarta.servlet.http.HttpServlet.service(HttpServlet.java:658)
	at org.apache.catalina.core.ApplicationFilterChain.internalDoFilter(ApplicationFilterChain.java:195)
	at org.apache.catalina.core.ApplicationFilterChain.doFilter(ApplicationFilterChain.java:140)
	at org.apache.tomcat.websocket.server.WsFilter.doFilter(WsFilter.java:51)
	at org.apache.catalina.core.ApplicationFilterChain.internalDoFilter(ApplicationFilterChain.java:164)
	at org.apache.catalina.core.ApplicationFilterChain.doFilter(ApplicationFilterChain.java:140)
	at org.springframework.web.filter.RequestContextFilter.doFilterInternal(RequestContextFilter.java:100)
	at org.springframework.web.filter.OncePerRequestFilter.doFilter(OncePerRequestFilter.java:116)
	at org.apache.catalina.core.ApplicationFilterChain.internalDoFilter(ApplicationFilterChain.java:164)
	at org.apache.catalina.core.ApplicationFilterChain.doFilter(ApplicationFilterChain.java:140)
	at org.springframework.web.filter.FormContentFilter.doFilterInternal(FormContentFilter.java:93)
	at org.springframework.web.filter.OncePerRequestFilter.doFilter(OncePerRequestFilter.java:116)
	at org.apache.catalina.core.ApplicationFilterChain.internalDoFilter(ApplicationFilterChain.java:164)
	at org.apache.catalina.core.ApplicationFilterChain.doFilter(ApplicationFilterChain.java:140)
	at org.springframework.web.filter.CharacterEncodingFilter.doFilterInternal(CharacterEncodingFilter.java:201)
	at org.springframework.web.filter.OncePerRequestFilter.doFilter(OncePerRequestFilter.java:116)
	at org.apache.catalina.core.ApplicationFilterChain.internalDoFilter(ApplicationFilterChain.java:164)
	at org.apache.catalina.core.ApplicationFilterChain.doFilter(ApplicationFilterChain.java:140)
	at org.apache.catalina.core.StandardWrapperValve.invoke(StandardWrapperValve.java:167)
	at org.apache.catalina.core.StandardContextValve.invoke(StandardContextValve.java:90)
	at org.apache.catalina.authenticator.AuthenticatorBase.invoke(AuthenticatorBase.java:483)
	at org.apache.catalina.core.StandardHostValve.invoke(StandardHostValve.java:115)
	at org.apache.catalina.valves.ErrorReportValve.invoke(ErrorReportValve.java:93)
	at org.apache.catalina.core.StandardEngineValve.invoke(StandardEngineValve.java:74)
	at org.apache.catalina.connector.CoyoteAdapter.service(CoyoteAdapter.java:344)
	at org.apache.coyote.http11.Http11Processor.service(Http11Processor.java:384)
	at org.apache.coyote.AbstractProcessorLight.process(AbstractProcessorLight.java:63)
	at org.apache.coyote.AbstractProtocol$ConnectionHandler.process(AbstractProtocol.java:905)
	at org.apache.tomcat.util.net.NioEndpoint$SocketProcessor.doRun(NioEndpoint.java:1741)
	at org.apache.tomcat.util.net.SocketProcessorBase.run(SocketProcessorBase.java:52)
	at org.apache.tomcat.util.threads.ThreadPoolExecutor.runWorker(ThreadPoolExecutor.java:1190)
	at org.apache.tomcat.util.threads.ThreadPoolExecutor$Worker.run(ThreadPoolExecutor.java:659)
	at org.apache.tomcat.util.threads.TaskThread$WrappingRunnable.run(TaskThread.java:63)
	at java.base/java.lang.Thread.run(Thread.java:1583)
2026-08-06 14:29:28.661 INFO  [http-nio-8090-exec-3] c.t.n.service.BacklogService - After Posting: response=NaicomPolicyResponseDto{errors=null, message='timeout Encountered while posting Naicom Policy', status=408 REQUEST_TIMEOUT, turnquest_request_id=null, success=false, PolicyUniqueID='null'}, transactionType=NB
2026-08-06 14:29:30.704 INFO  [http-nio-8090-exec-3] c.t.n.controller.BacklogController - Completed backlog: policyBatchNumber=2093095, transactionType=NB, success=false, stage=POST
2026-08-06 14:29:30.704 INFO  [http-nio-8090-exec-3] c.t.n.controller.BacklogController - Processing backlog: policyBatchNumber=20111387, transactionType=NB
2026-08-06 14:29:30.711 INFO  [http-nio-8090-exec-3] c.t.n.service.BacklogService - Staging: policyBatchNumber=20111387, transactionType=NB
2026-08-06 14:29:33.348 INFO  [http-nio-8090-exec-3] c.t.n.service.StagingService - Staging: policyBatchNumber=20111387, payload={"cover_end_date":"2021-08-09","cover_start_date":"2020-08-10","cover_type":"COMPREHENSIVE","customer":{"email_address":"insure@leadway.com","first_name":"Sanni","last_name":"Sanni","phone_number":"08033049113","postal_address":"121123","residential_address":"100011","city":"LAGOS","license":"n/a","organization_id":"n/a","organization_name":"n/a","state":"LAGOS","type":"PERSON"},"policy_number":"PM200003154AE","sum_insured":1000000,"total_premium":25000,"naicom_product":"AUTO","commission_fee":3125,"conditions":"n/a","endorsements":"n/a","exclusions":"n/a","extra_fee":0,"policy_description":"n/a","preamble":"n/a","premium_note":"DNN125690","terms":"n/a","naicom_product_code":361,"insured_info":[{"auto_note":"n/a","engine_capacity":"0","plate_no":"AKD781DW","registration_date":"2020-08-10","registration_expiry_date":"2021-08-09","registration_number":"AKD781DW","seats":5,"vehicle_color":"NOT_PROVIDED","vehicle_id":"AKD781DW","vehicle_make":"TOYOTA","vehicle_mileage":0,"vehicle_model":"CAMRY","vehicle_type":"CAR","year_of_manufacture":"2000"}],"recorder_type":"BROKER","recorder_id":478,"trans_type":"NB","policy_batch_no":20111387}
2026-08-06 14:29:35.241 INFO  [http-nio-8090-exec-3] c.t.n.service.StagingService - Staged NAICOM payload for batch 20111387 Success
2026-08-06 14:29:35.242 INFO  [http-nio-8090-exec-3] c.t.n.service.BacklogService - Staging: Response={"cover_end_date":"2021-08-09","cover_start_date":"2020-08-10","cover_type":"COMPREHENSIVE","customer":{"email_address":"insure@leadway.com","first_name":"Sanni","last_name":"Sanni","phone_number":"08033049113","postal_address":"121123","residential_address":"100011","city":"LAGOS","license":"n/a","organization_id":"n/a","organization_name":"n/a","state":"LAGOS","type":"PERSON"},"policy_number":"PM200003154AE","sum_insured":1000000,"total_premium":25000,"naicom_product":"AUTO","commission_fee":3125,"conditions":"n/a","endorsements":"n/a","exclusions":"n/a","extra_fee":0,"policy_description":"n/a","preamble":"n/a","premium_note":"DNN125690","terms":"n/a","naicom_product_code":361,"insured_info":[{"auto_note":"n/a","engine_capacity":"0","plate_no":"AKD781DW","registration_date":"2020-08-10","registration_expiry_date":"2021-08-09","registration_number":"AKD781DW","seats":5,"vehicle_color":"NOT_PROVIDED","vehicle_id":"AKD781DW","vehicle_make":"TOYOTA","vehicle_mileage":0,"vehicle_model":"CAMRY","vehicle_type":"CAR","year_of_manufacture":"2000"}],"recorder_type":"BROKER","recorder_id":478,"trans_type":"NB","policy_batch_no":20111387}, transactionType=NB
2026-08-06 14:29:35.242 INFO  [http-nio-8090-exec-3] c.t.n.service.BacklogService - Posting: policyBatchNumber=20111387, transactionType=NB
2026-08-06 14:29:37.728 INFO  [http-nio-8090-exec-3] c.t.n.service.NaicomPostingService - Posting AUTO payload to NAICOM: {"SID":"c79ec578-8507-4cad-a24d-6185563fdcdf","Token":"TTAeOPzW2Eh4xZ7HB4WtTKJNYYVWP9zf","Type":"Auto","DataGroup":[{"GroupName":"Basic info","GroupTag":0,"GroupCount":0,"AttArray":[{"Name":"TypeID","Value":"361"},{"Name":"CoverageStartDate","Value":"8/10/2020 03:00 AM"},{"Name":"CoverageEndDate","Value":"8/09/2021 03:00 AM"},{"Name":"PolicyInternalID","Value":"PM200003154AE"},{"Name":"PolicyDescription","Value":"n/a"},{"Name":"RecorderType","Value":"COMPANY"},{"Name":"RecorderID","Value":"478"}]},{"GroupName":"Detail Info","GroupTag":1,"GroupCount":0,"AttArray":[{"Name":"PersonNameLast","Value":"Sanni"},{"Name":"PersonNameFirst","Value":"Sanni"},{"Name":"OwnerLicense","Value":"n/a"},{"Name":"OrgType","Value":"COMMERCIAL"},{"Name":"OrgName","Value":"n/a"},{"Name":"OrgID","Value":"n/a"},{"Name":"CoverageType","Value":"THIRD_PARTY"},{"Name":"OwnerType","Value":"PERSON"},{"Name":"AddressLine","Value":"100011"},{"Name":"State","Value":"LAGOS"},{"Name":"PostCode","Value":"121123"},{"Name":"Phone","Value":"08033049113"},{"Name":"CityLGA","Value":"LAGOS"},{"Name":"Email","Value":"insure@leadway.com"},{"Name":"InsuredValue","Value":"1000000"},{"Name":"Premium","Value":"25000"},{"Name":"CommissionFee","Value":"3125"},{"Name":"ExtraFee","Value":"0"},{"Name":"PremiumNote","Value":"DNN125690"},{"Name":"Terms","Value":"n/a"},{"Name":"Preamble","Value":"n/a"},{"Name":"Endorsements","Value":"n/a"},{"Name":"Exclusions","Value":"n/a"},{"Name":"Conditions","Value":"n/a"}]},{"GroupName":"Insured Info","GroupTag":2,"GroupCount":0,"AttArray":[{"Name":"InsuredNo","Value":"1"},{"Name":"VehicleID","Value":"AKD781DW"},{"Name":"PlateNo","Value":"AKD781DW"},{"Name":"RegNo","Value":"AKD781DW"},{"Name":"RegDate","Value":"August 10, 2020"},{"Name":"RegExpDate","Value":"August 09, 2021"},{"Name":"RegMileage","Value":"0"},{"Name":"AutoType","Value":"CAR"},{"Name":"AutoMake","Value":"TOYOTA"},{"Name":"AutoModel","Value":"CAMRY"},{"Name":"AutoColor","Value":"NOT_PROVIDED"},{"Name":"AutoYear","Value":"2000"},{"Name":"EngineCap","Value":"0"},{"Name":"SeatCap","Value":"5"},{"Name":"AutoNote","Value":"n/a"}]}]}
2026-08-06 14:30:37.743 ERROR [http-nio-8090-exec-3] c.t.n.service.ThirdPartyApiClient - Error posting to NAICOM_POLICY_POSTING_URL: timeout
java.net.SocketTimeoutException: timeout
	at okhttp3.internal.http2.Http2Stream$StreamTimeout.newTimeoutException(Http2Stream.kt:675)
	at okhttp3.internal.http2.Http2Stream$StreamTimeout.exitAndThrowIfTimedOut(Http2Stream.kt:684)
	at okhttp3.internal.http2.Http2Stream.takeHeaders(Http2Stream.kt:143)
	at okhttp3.internal.http2.Http2ExchangeCodec.readResponseHeaders(Http2ExchangeCodec.kt:97)
	at okhttp3.internal.connection.Exchange.readResponseHeaders(Exchange.kt:110)
	at okhttp3.internal.http.CallServerInterceptor.intercept(CallServerInterceptor.kt:93)
	at okhttp3.internal.http.RealInterceptorChain.proceed(RealInterceptorChain.kt:109)
	at okhttp3.internal.connection.ConnectInterceptor.intercept(ConnectInterceptor.kt:34)
	at okhttp3.internal.http.RealInterceptorChain.proceed(RealInterceptorChain.kt:109)
	at okhttp3.internal.cache.CacheInterceptor.intercept(CacheInterceptor.kt:95)
	at okhttp3.internal.http.RealInterceptorChain.proceed(RealInterceptorChain.kt:109)
	at okhttp3.internal.http.BridgeInterceptor.intercept(BridgeInterceptor.kt:83)
	at okhttp3.internal.http.RealInterceptorChain.proceed(RealInterceptorChain.kt:109)
	at okhttp3.internal.http.RetryAndFollowUpInterceptor.intercept(RetryAndFollowUpInterceptor.kt:76)
	at okhttp3.internal.http.RealInterceptorChain.proceed(RealInterceptorChain.kt:109)
	at okhttp3.internal.connection.RealCall.getResponseWithInterceptorChain$okhttp(RealCall.kt:201)
	at okhttp3.internal.connection.RealCall.execute(RealCall.kt:154)
	at com.turnkey.naicombacklog.service.ThirdPartyApiClient.postTransaction(ThirdPartyApiClient.java:37)
	at com.turnkey.naicombacklog.service.NaicomPostingService.postAutoPolicyToNaicom(NaicomPostingService.java:224)
	at com.turnkey.naicombacklog.service.NaicomPostingService.postSingleTransaction(NaicomPostingService.java:147)
	at com.turnkey.naicombacklog.service.NaicomPostingService.postPolicyToNaicom(NaicomPostingService.java:126)
	at com.turnkey.naicombacklog.service.BacklogService.post(BacklogService.java:100)
	at com.turnkey.naicombacklog.service.BacklogService.processBacklog(BacklogService.java:60)
	at java.base/jdk.internal.reflect.DirectMethodHandleAccessor.invoke(DirectMethodHandleAccessor.java:103)
	at java.base/java.lang.reflect.Method.invoke(Method.java:580)
	at org.springframework.aop.support.AopUtils.invokeJoinpointUsingReflection(AopUtils.java:355)
	at org.springframework.aop.framework.ReflectiveMethodInvocation.invokeJoinpoint(ReflectiveMethodInvocation.java:196)
	at org.springframework.aop.framework.ReflectiveMethodInvocation.proceed(ReflectiveMethodInvocation.java:163)
	at org.springframework.aop.framework.CglibAopProxy$CglibMethodInvocation.proceed(CglibAopProxy.java:768)
	at org.springframework.transaction.interceptor.TransactionAspectSupport.invokeWithinTransaction(TransactionAspectSupport.java:379)
	at org.springframework.transaction.interceptor.TransactionInterceptor.invoke(TransactionInterceptor.java:119)
	at org.springframework.aop.framework.ReflectiveMethodInvocation.proceed(ReflectiveMethodInvocation.java:184)
	at org.springframework.aop.framework.CglibAopProxy$CglibMethodInvocation.proceed(CglibAopProxy.java:768)
	at org.springframework.aop.framework.CglibAopProxy$DynamicAdvisedInterceptor.intercept(CglibAopProxy.java:720)
	at com.turnkey.naicombacklog.service.BacklogService$$SpringCGLIB$$0.processBacklog(<generated>)
	at com.turnkey.naicombacklog.controller.BacklogController.postBacklog(BacklogController.java:63)
	at java.base/jdk.internal.reflect.DirectMethodHandleAccessor.invoke(DirectMethodHandleAccessor.java:103)
	at java.base/java.lang.reflect.Method.invoke(Method.java:580)
	at org.springframework.web.method.support.InvocableHandlerMethod.doInvoke(InvocableHandlerMethod.java:255)
	at org.springframework.web.method.support.InvocableHandlerMethod.invokeForRequest(InvocableHandlerMethod.java:188)
	at org.springframework.web.servlet.mvc.method.annotation.ServletInvocableHandlerMethod.invokeAndHandle(ServletInvocableHandlerMethod.java:118)
	at org.springframework.web.servlet.mvc.method.annotation.RequestMappingHandlerAdapter.invokeHandlerMethod(RequestMappingHandlerAdapter.java:926)
	at org.springframework.web.servlet.mvc.method.annotation.RequestMappingHandlerAdapter.handleInternal(RequestMappingHandlerAdapter.java:831)
	at org.springframework.web.servlet.mvc.method.AbstractHandlerMethodAdapter.handle(AbstractHandlerMethodAdapter.java:87)
	at org.springframework.web.servlet.DispatcherServlet.doDispatch(DispatcherServlet.java:1089)
	at org.springframework.web.servlet.DispatcherServlet.doService(DispatcherServlet.java:979)
	at org.springframework.web.servlet.FrameworkServlet.processRequest(FrameworkServlet.java:1014)
	at org.springframework.web.servlet.FrameworkServlet.doPost(FrameworkServlet.java:914)
	at jakarta.servlet.http.HttpServlet.service(HttpServlet.java:590)
	at org.springframework.web.servlet.FrameworkServlet.service(FrameworkServlet.java:885)
	at jakarta.servlet.http.HttpServlet.service(HttpServlet.java:658)
	at org.apache.catalina.core.ApplicationFilterChain.internalDoFilter(ApplicationFilterChain.java:195)
	at org.apache.catalina.core.ApplicationFilterChain.doFilter(ApplicationFilterChain.java:140)
	at org.apache.tomcat.websocket.server.WsFilter.doFilter(WsFilter.java:51)
	at org.apache.catalina.core.ApplicationFilterChain.internalDoFilter(ApplicationFilterChain.java:164)
	at org.apache.catalina.core.ApplicationFilterChain.doFilter(ApplicationFilterChain.java:140)
	at org.springframework.web.filter.RequestContextFilter.doFilterInternal(RequestContextFilter.java:100)
	at org.springframework.web.filter.OncePerRequestFilter.doFilter(OncePerRequestFilter.java:116)
	at org.apache.catalina.core.ApplicationFilterChain.internalDoFilter(ApplicationFilterChain.java:164)
	at org.apache.catalina.core.ApplicationFilterChain.doFilter(ApplicationFilterChain.java:140)
	at org.springframework.web.filter.FormContentFilter.doFilterInternal(FormContentFilter.java:93)
	at org.springframework.web.filter.OncePerRequestFilter.doFilter(OncePerRequestFilter.java:116)
	at org.apache.catalina.core.ApplicationFilterChain.internalDoFilter(ApplicationFilterChain.java:164)
	at org.apache.catalina.core.ApplicationFilterChain.doFilter(ApplicationFilterChain.java:140)
	at org.springframework.web.filter.CharacterEncodingFilter.doFilterInternal(CharacterEncodingFilter.java:201)
	at org.springframework.web.filter.OncePerRequestFilter.doFilter(OncePerRequestFilter.java:116)
	at org.apache.catalina.core.ApplicationFilterChain.internalDoFilter(ApplicationFilterChain.java:164)
	at org.apache.catalina.core.ApplicationFilterChain.doFilter(ApplicationFilterChain.java:140)
	at org.apache.catalina.core.StandardWrapperValve.invoke(StandardWrapperValve.java:167)
	at org.apache.catalina.core.StandardContextValve.invoke(StandardContextValve.java:90)
	at org.apache.catalina.authenticator.AuthenticatorBase.invoke(AuthenticatorBase.java:483)
	at org.apache.catalina.core.StandardHostValve.invoke(StandardHostValve.java:115)
	at org.apache.catalina.valves.ErrorReportValve.invoke(ErrorReportValve.java:93)
	at org.apache.catalina.core.StandardEngineValve.invoke(StandardEngineValve.java:74)
	at org.apache.catalina.connector.CoyoteAdapter.service(CoyoteAdapter.java:344)
	at org.apache.coyote.http11.Http11Processor.service(Http11Processor.java:384)
	at org.apache.coyote.AbstractProcessorLight.process(AbstractProcessorLight.java:63)
	at org.apache.coyote.AbstractProtocol$ConnectionHandler.process(AbstractProtocol.java:905)
	at org.apache.tomcat.util.net.NioEndpoint$SocketProcessor.doRun(NioEndpoint.java:1741)
	at org.apache.tomcat.util.net.SocketProcessorBase.run(SocketProcessorBase.java:52)
	at org.apache.tomcat.util.threads.ThreadPoolExecutor.runWorker(ThreadPoolExecutor.java:1190)
	at org.apache.tomcat.util.threads.ThreadPoolExecutor$Worker.run(ThreadPoolExecutor.java:659)
	at org.apache.tomcat.util.threads.TaskThread$WrappingRunnable.run(TaskThread.java:63)
	at java.base/java.lang.Thread.run(Thread.java:1583)
2026-08-06 14:30:37.754 INFO  [http-nio-8090-exec-3] c.t.n.service.BacklogService - After Posting: response=NaicomPolicyResponseDto{errors=null, message='timeout Encountered while posting Naicom Policy', status=408 REQUEST_TIMEOUT, turnquest_request_id=null, success=false, PolicyUniqueID='null'}, transactionType=NB
2026-08-06 14:30:40.174 INFO  [http-nio-8090-exec-3] c.t.n.controller.BacklogController - Completed backlog: policyBatchNumber=20111387, transactionType=NB, success=false, stage=POST
2026-08-06 14:30:40.175 INFO  [http-nio-8090-exec-3] c.t.n.controller.BacklogController - Processing backlog: policyBatchNumber=21164748, transactionType=NB
2026-08-06 14:30:40.175 INFO  [http-nio-8090-exec-3] c.t.n.service.BacklogService - Staging: policyBatchNumber=21164748, transactionType=NB
2026-08-06 14:30:44.718 INFO  [http-nio-8090-exec-3] c.t.n.service.StagingService - Staging: policyBatchNumber=21164748, payload={"cover_end_date":"2022-06-06","cover_start_date":"2022-03-07","cover_type":"COMPREHENSIVE","customer":{"email_address":"insure@leadway.com","first_name":"Keysot ","last_name":"Ventures Limited","phone_number":"08026169934","postal_address":"121123","residential_address":"100011","city":"LAGOS","license":"n/a","organization_id":"n/a","organization_name":"n/a","state":"LAGOS","type":"PERSON"},"policy_number":"CV210000137AE","sum_insured":15000000,"total_premium":209250,"naicom_product":"AUTO","commission_fee":26156.25,"conditions":"n/a","endorsements":"n/a","exclusions":"n/a","extra_fee":0,"policy_description":"n/a","preamble":"n/a","premium_note":"DNN129603","terms":"n/a","naicom_product_code":357,"insured_info":[{"auto_note":"n/a","engine_capacity":"0","plate_no":"AKM414ZY","registration_date":"2022-03-07","registration_expiry_date":"2022-06-06","registration_number":"AKM414ZY","seats":0,"vehicle_color":"NOT_PROVIDED","vehicle_id":"AKM414ZY","vehicle_make":"IVECO","vehicle_mileage":0,"vehicle_model":"TRUCK","vehicle_type":"CAR","year_of_manufacture":"2016"}],"recorder_type":"BROKER","recorder_id":478,"trans_type":"NB","policy_batch_no":21164748}
2026-08-06 14:30:46.682 INFO  [http-nio-8090-exec-3] c.t.n.service.StagingService - Staged NAICOM payload for batch 21164748 Success
2026-08-06 14:30:46.682 INFO  [http-nio-8090-exec-3] c.t.n.service.BacklogService - Staging: Response={"cover_end_date":"2022-06-06","cover_start_date":"2022-03-07","cover_type":"COMPREHENSIVE","customer":{"email_address":"insure@leadway.com","first_name":"Keysot ","last_name":"Ventures Limited","phone_number":"08026169934","postal_address":"121123","residential_address":"100011","city":"LAGOS","license":"n/a","organization_id":"n/a","organization_name":"n/a","state":"LAGOS","type":"PERSON"},"policy_number":"CV210000137AE","sum_insured":15000000,"total_premium":209250,"naicom_product":"AUTO","commission_fee":26156.25,"conditions":"n/a","endorsements":"n/a","exclusions":"n/a","extra_fee":0,"policy_description":"n/a","preamble":"n/a","premium_note":"DNN129603","terms":"n/a","naicom_product_code":357,"insured_info":[{"auto_note":"n/a","engine_capacity":"0","plate_no":"AKM414ZY","registration_date":"2022-03-07","registration_expiry_date":"2022-06-06","registration_number":"AKM414ZY","seats":0,"vehicle_color":"NOT_PROVIDED","vehicle_id":"AKM414ZY","vehicle_make":"IVECO","vehicle_mileage":0,"vehicle_model":"TRUCK","vehicle_type":"CAR","year_of_manufacture":"2016"}],"recorder_type":"BROKER","recorder_id":478,"trans_type":"NB","policy_batch_no":21164748}, transactionType=NB
2026-08-06 14:30:46.682 INFO  [http-nio-8090-exec-3] c.t.n.service.BacklogService - Posting: policyBatchNumber=21164748, transactionType=NB
2026-08-06 14:30:49.327 INFO  [http-nio-8090-exec-3] c.t.n.service.NaicomPostingService - Posting AUTO payload to NAICOM: {"SID":"c79ec578-8507-4cad-a24d-6185563fdcdf","Token":"TTAeOPzW2Eh4xZ7HB4WtTKJNYYVWP9zf","Type":"Auto","DataGroup":[{"GroupName":"Basic info","GroupTag":0,"GroupCount":0,"AttArray":[{"Name":"TypeID","Value":"357"},{"Name":"CoverageStartDate","Value":"3/07/2022 03:00 AM"},{"Name":"CoverageEndDate","Value":"6/06/2022 03:00 AM"},{"Name":"PolicyInternalID","Value":"CV210000137AE"},{"Name":"PolicyDescription","Value":"n/a"},{"Name":"RecorderType","Value":"COMPANY"},{"Name":"RecorderID","Value":"478"}]},{"GroupName":"Detail Info","GroupTag":1,"GroupCount":0,"AttArray":[{"Name":"PersonNameLast","Value":"Ventures Limited"},{"Name":"PersonNameFirst","Value":"Keysot "},{"Name":"OwnerLicense","Value":"n/a"},{"Name":"OrgType","Value":"COMMERCIAL"},{"Name":"OrgName","Value":"n/a"},{"Name":"OrgID","Value":"n/a"},{"Name":"CoverageType","Value":"THIRD_PARTY"},{"Name":"OwnerType","Value":"PERSON"},{"Name":"AddressLine","Value":"100011"},{"Name":"State","Value":"LAGOS"},{"Name":"PostCode","Value":"121123"},{"Name":"Phone","Value":"08026169934"},{"Name":"CityLGA","Value":"LAGOS"},{"Name":"Email","Value":"insure@leadway.com"},{"Name":"InsuredValue","Value":"15000000"},{"Name":"Premium","Value":"209250"},{"Name":"CommissionFee","Value":"26156.25"},{"Name":"ExtraFee","Value":"0"},{"Name":"PremiumNote","Value":"DNN129603"},{"Name":"Terms","Value":"n/a"},{"Name":"Preamble","Value":"n/a"},{"Name":"Endorsements","Value":"n/a"},{"Name":"Exclusions","Value":"n/a"},{"Name":"Conditions","Value":"n/a"}]},{"GroupName":"Insured Info","GroupTag":2,"GroupCount":0,"AttArray":[{"Name":"InsuredNo","Value":"1"},{"Name":"VehicleID","Value":"AKM414ZY"},{"Name":"PlateNo","Value":"AKM414ZY"},{"Name":"RegNo","Value":"AKM414ZY"},{"Name":"RegDate","Value":"March 07, 2022"},{"Name":"RegExpDate","Value":"June 06, 2022"},{"Name":"RegMileage","Value":"0"},{"Name":"AutoType","Value":"CAR"},{"Name":"AutoMake","Value":"IVECO"},{"Name":"AutoModel","Value":"TRUCK"},{"Name":"AutoColor","Value":"NOT_PROVIDED"},{"Name":"AutoYear","Value":"2016"},{"Name":"EngineCap","Value":"0"},{"Name":"SeatCap","Value":"0"},{"Name":"AutoNote","Value":"n/a"}]}]}
2026-08-06 14:31:49.369 ERROR [http-nio-8090-exec-3] c.t.n.service.ThirdPartyApiClient - Error posting to NAICOM_POLICY_POSTING_URL: timeout
java.net.SocketTimeoutException: timeout
	at okhttp3.internal.http2.Http2Stream$StreamTimeout.newTimeoutException(Http2Stream.kt:675)
	at okhttp3.internal.http2.Http2Stream$StreamTimeout.exitAndThrowIfTimedOut(Http2Stream.kt:684)
	at okhttp3.internal.http2.Http2Stream.takeHeaders(Http2Stream.kt:143)
	at okhttp3.internal.http2.Http2ExchangeCodec.readResponseHeaders(Http2ExchangeCodec.kt:97)
	at okhttp3.internal.connection.Exchange.readResponseHeaders(Exchange.kt:110)
	at okhttp3.internal.http.CallServerInterceptor.intercept(CallServerInterceptor.kt:93)
	at okhttp3.internal.http.RealInterceptorChain.proceed(RealInterceptorChain.kt:109)
	at okhttp3.internal.connection.ConnectInterceptor.intercept(ConnectInterceptor.kt:34)
	at okhttp3.internal.http.RealInterceptorChain.proceed(RealInterceptorChain.kt:109)
	at okhttp3.internal.cache.CacheInterceptor.intercept(CacheInterceptor.kt:95)
	at okhttp3.internal.http.RealInterceptorChain.proceed(RealInterceptorChain.kt:109)
	at okhttp3.internal.http.BridgeInterceptor.intercept(BridgeInterceptor.kt:83)
	at okhttp3.internal.http.RealInterceptorChain.proceed(RealInterceptorChain.kt:109)
	at okhttp3.internal.http.RetryAndFollowUpInterceptor.intercept(RetryAndFollowUpInterceptor.kt:76)
	at okhttp3.internal.http.RealInterceptorChain.proceed(RealInterceptorChain.kt:109)
	at okhttp3.internal.connection.RealCall.getResponseWithInterceptorChain$okhttp(RealCall.kt:201)
	at okhttp3.internal.connection.RealCall.execute(RealCall.kt:154)
	at com.turnkey.naicombacklog.service.ThirdPartyApiClient.postTransaction(ThirdPartyApiClient.java:37)
	at com.turnkey.naicombacklog.service.NaicomPostingService.postAutoPolicyToNaicom(NaicomPostingService.java:224)
	at com.turnkey.naicombacklog.service.NaicomPostingService.postSingleTransaction(NaicomPostingService.java:147)
	at com.turnkey.naicombacklog.service.NaicomPostingService.postPolicyToNaicom(NaicomPostingService.java:126)
	at com.turnkey.naicombacklog.service.BacklogService.post(BacklogService.java:100)
	at com.turnkey.naicombacklog.service.BacklogService.processBacklog(BacklogService.java:60)
	at java.base/jdk.internal.reflect.DirectMethodHandleAccessor.invoke(DirectMethodHandleAccessor.java:103)
	at java.base/java.lang.reflect.Method.invoke(Method.java:580)
	at org.springframework.aop.support.AopUtils.invokeJoinpointUsingReflection(AopUtils.java:355)
	at org.springframework.aop.framework.ReflectiveMethodInvocation.invokeJoinpoint(ReflectiveMethodInvocation.java:196)
	at org.springframework.aop.framework.ReflectiveMethodInvocation.proceed(ReflectiveMethodInvocation.java:163)
	at org.springframework.aop.framework.CglibAopProxy$CglibMethodInvocation.proceed(CglibAopProxy.java:768)
	at org.springframework.transaction.interceptor.TransactionAspectSupport.invokeWithinTransaction(TransactionAspectSupport.java:379)
	at org.springframework.transaction.interceptor.TransactionInterceptor.invoke(TransactionInterceptor.java:119)
	at org.springframework.aop.framework.ReflectiveMethodInvocation.proceed(ReflectiveMethodInvocation.java:184)
	at org.springframework.aop.framework.CglibAopProxy$CglibMethodInvocation.proceed(CglibAopProxy.java:768)
	at org.springframework.aop.framework.CglibAopProxy$DynamicAdvisedInterceptor.intercept(CglibAopProxy.java:720)
	at com.turnkey.naicombacklog.service.BacklogService$$SpringCGLIB$$0.processBacklog(<generated>)
	at com.turnkey.naicombacklog.controller.BacklogController.postBacklog(BacklogController.java:63)
	at java.base/jdk.internal.reflect.DirectMethodHandleAccessor.invoke(DirectMethodHandleAccessor.java:103)
	at java.base/java.lang.reflect.Method.invoke(Method.java:580)
	at org.springframework.web.method.support.InvocableHandlerMethod.doInvoke(InvocableHandlerMethod.java:255)
	at org.springframework.web.method.support.InvocableHandlerMethod.invokeForRequest(InvocableHandlerMethod.java:188)
	at org.springframework.web.servlet.mvc.method.annotation.ServletInvocableHandlerMethod.invokeAndHandle(ServletInvocableHandlerMethod.java:118)
	at org.springframework.web.servlet.mvc.method.annotation.RequestMappingHandlerAdapter.invokeHandlerMethod(RequestMappingHandlerAdapter.java:926)
	at org.springframework.web.servlet.mvc.method.annotation.RequestMappingHandlerAdapter.handleInternal(RequestMappingHandlerAdapter.java:831)
	at org.springframework.web.servlet.mvc.method.AbstractHandlerMethodAdapter.handle(AbstractHandlerMethodAdapter.java:87)
	at org.springframework.web.servlet.DispatcherServlet.doDispatch(DispatcherServlet.java:1089)
	at org.springframework.web.servlet.DispatcherServlet.doService(DispatcherServlet.java:979)
	at org.springframework.web.servlet.FrameworkServlet.processRequest(FrameworkServlet.java:1014)
	at org.springframework.web.servlet.FrameworkServlet.doPost(FrameworkServlet.java:914)
	at jakarta.servlet.http.HttpServlet.service(HttpServlet.java:590)
	at org.springframework.web.servlet.FrameworkServlet.service(FrameworkServlet.java:885)
	at jakarta.servlet.http.HttpServlet.service(HttpServlet.java:658)
	at org.apache.catalina.core.ApplicationFilterChain.internalDoFilter(ApplicationFilterChain.java:195)
	at org.apache.catalina.core.ApplicationFilterChain.doFilter(ApplicationFilterChain.java:140)
	at org.apache.tomcat.websocket.server.WsFilter.doFilter(WsFilter.java:51)
	at org.apache.catalina.core.ApplicationFilterChain.internalDoFilter(ApplicationFilterChain.java:164)
	at org.apache.catalina.core.ApplicationFilterChain.doFilter(ApplicationFilterChain.java:140)
	at org.springframework.web.filter.RequestContextFilter.doFilterInternal(RequestContextFilter.java:100)
	at org.springframework.web.filter.OncePerRequestFilter.doFilter(OncePerRequestFilter.java:116)
	at org.apache.catalina.core.ApplicationFilterChain.internalDoFilter(ApplicationFilterChain.java:164)
	at org.apache.catalina.core.ApplicationFilterChain.doFilter(ApplicationFilterChain.java:140)
	at org.springframework.web.filter.FormContentFilter.doFilterInternal(FormContentFilter.java:93)
	at org.springframework.web.filter.OncePerRequestFilter.doFilter(OncePerRequestFilter.java:116)
	at org.apache.catalina.core.ApplicationFilterChain.internalDoFilter(ApplicationFilterChain.java:164)
	at org.apache.catalina.core.ApplicationFilterChain.doFilter(ApplicationFilterChain.java:140)
	at org.springframework.web.filter.CharacterEncodingFilter.doFilterInternal(CharacterEncodingFilter.java:201)
	at org.springframework.web.filter.OncePerRequestFilter.doFilter(OncePerRequestFilter.java:116)
	at org.apache.catalina.core.ApplicationFilterChain.internalDoFilter(ApplicationFilterChain.java:164)
	at org.apache.catalina.core.ApplicationFilterChain.doFilter(ApplicationFilterChain.java:140)
	at org.apache.catalina.core.StandardWrapperValve.invoke(StandardWrapperValve.java:167)
	at org.apache.catalina.core.StandardContextValve.invoke(StandardContextValve.java:90)
	at org.apache.catalina.authenticator.AuthenticatorBase.invoke(AuthenticatorBase.java:483)
	at org.apache.catalina.core.StandardHostValve.invoke(StandardHostValve.java:115)
	at org.apache.catalina.valves.ErrorReportValve.invoke(ErrorReportValve.java:93)
	at org.apache.catalina.core.StandardEngineValve.invoke(StandardEngineValve.java:74)
	at org.apache.catalina.connector.CoyoteAdapter.service(CoyoteAdapter.java:344)
	at org.apache.coyote.http11.Http11Processor.service(Http11Processor.java:384)
	at org.apache.coyote.AbstractProcessorLight.process(AbstractProcessorLight.java:63)
	at org.apache.coyote.AbstractProtocol$ConnectionHandler.process(AbstractProtocol.java:905)
	at org.apache.tomcat.util.net.NioEndpoint$SocketProcessor.doRun(NioEndpoint.java:1741)
	at org.apache.tomcat.util.net.SocketProcessorBase.run(SocketProcessorBase.java:52)
	at org.apache.tomcat.util.threads.ThreadPoolExecutor.runWorker(ThreadPoolExecutor.java:1190)
	at org.apache.tomcat.util.threads.ThreadPoolExecutor$Worker.run(ThreadPoolExecutor.java:659)
	at org.apache.tomcat.util.threads.TaskThread$WrappingRunnable.run(TaskThread.java:63)
	at java.base/java.lang.Thread.run(Thread.java:1583)
2026-08-06 14:31:49.520 INFO  [http-nio-8090-exec-3] c.t.n.service.BacklogService - After Posting: response=NaicomPolicyResponseDto{errors=null, message='timeout Encountered while posting Naicom Policy', status=408 REQUEST_TIMEOUT, turnquest_request_id=null, success=false, PolicyUniqueID='null'}, transactionType=NB
2026-08-06 14:31:51.625 INFO  [http-nio-8090-exec-3] c.t.n.controller.BacklogController - Completed backlog: policyBatchNumber=21164748, transactionType=NB, success=false, stage=POST
2026-08-06 14:31:51.654 INFO  [http-nio-8090-exec-3] c.t.n.controller.BacklogController - Processing backlog: policyBatchNumber=21177829, transactionType=NB
2026-08-06 14:31:51.759 INFO  [http-nio-8090-exec-3] c.t.n.service.BacklogService - Staging: policyBatchNumber=21177829, transactionType=NB
2026-08-06 14:31:54.525 INFO  [http-nio-8090-exec-3] c.t.n.service.StagingService - Staging: policyBatchNumber=21177829, payload={"cover_end_date":"2022-04-25","cover_start_date":"2022-01-25","cover_type":"AR","customer":{"date_of_birth":"1990-01-01","email_address":"insure@leadway.com","first_name":"E.O.Nnabugwu ","last_name":"\u0026 Sons Limited","name":"E.O.Nnabugwu \u0026 Sons Limited ","phone_number":"08033341479","postal_address":"121/123 FUNSHO WILLIAMS AVENUE","residential_address":"n/a","city":"n/a","license":"n/a","organization_id":"n/a","organization_name":"n/a","state":"n/a","type":"C","gender":"MALE","title":"Mr"},"policy_number":"GT210000035EN","sum_insured":1000000,"total_premium":88257.53,"coinsurance":"NO","naicom_product":"CASUALTY","commission_fee":88257.53,"conditions":"n/a","endorsements":"n/a","exclusions":"n/a","extra_fee":0,"policy_description":"n/a","preamble":"n/a","premium_note":"DNN123809","terms":"n/a","naicom_product_code":48,"burglary_details":{"accident_beneficiary_info":"n/a","accident_cover_type":"n/a","accident_insured_benefit":"n/a","accident_insured_persons":"n/a"},"fire_details":{"premises_business_hour":"8am-9pm","premises_business_type":"Commerical","premises_location":"121/123 Funso Williams Avenue, Iponri","premises_name":"121/123 Funso Williams Avenue, Iponri","premises_occupation":"INSURANCE"},"professional_activity_info":"n/a","professional_employee_info":"n/a","company_director_info":"n/a","company_info":"n/a","property_info":"n/a","public_risk_info":"n/a","risk_management_detail":"n/a","safe_guard_info":"n/a","safe_strong_room_details":"n/a","transit_route":"n/a","transit_schedule":"n/a","transit_vehicle_info":"n/a","good_transit_method":"n/a","work_condition":"n/a","work_description":"n/a","work_employee_details":"n/a","employee_info":"n/a","account_info":"n/a","work_location":"n/a","other_conditions":0,"estimated_earnings":"n/a","estimated_wages":"n/a","accident_info":{"accident_beneficiary_info":"n/a","accident_cover_type":"n/a","accident_insured_benefit":"n/a","accident_insured_persons":"n/a"},"premise_details":{"premises_business_hour":"8am-9pm","premises_business_type":"Commerical","premises_location":"121/123 Funso Williams Avenue, Iponri","premises_name":"121/123 Funso Williams Avenue, Iponri","premises_occupation":"INSURANCE"},"recorder_type":"BROKER","recorder_id":752,"trans_type":"NB","policy_batch_no":21177829}
2026-08-06 14:31:56.438 INFO  [http-nio-8090-exec-3] c.t.n.service.StagingService - Staged NAICOM payload for batch 21177829 Success
2026-08-06 14:31:56.441 INFO  [http-nio-8090-exec-3] c.t.n.service.BacklogService - Staging: Response={"cover_end_date":"2022-04-25","cover_start_date":"2022-01-25","cover_type":"AR","customer":{"date_of_birth":"1990-01-01","email_address":"insure@leadway.com","first_name":"E.O.Nnabugwu ","last_name":"\u0026 Sons Limited","name":"E.O.Nnabugwu \u0026 Sons Limited ","phone_number":"08033341479","postal_address":"121/123 FUNSHO WILLIAMS AVENUE","residential_address":"n/a","city":"n/a","license":"n/a","organization_id":"n/a","organization_name":"n/a","state":"n/a","type":"C","gender":"MALE","title":"Mr"},"policy_number":"GT210000035EN","sum_insured":1000000,"total_premium":88257.53,"coinsurance":"NO","naicom_product":"CASUALTY","commission_fee":88257.53,"conditions":"n/a","endorsements":"n/a","exclusions":"n/a","extra_fee":0,"policy_description":"n/a","preamble":"n/a","premium_note":"DNN123809","terms":"n/a","naicom_product_code":48,"burglary_details":{"accident_beneficiary_info":"n/a","accident_cover_type":"n/a","accident_insured_benefit":"n/a","accident_insured_persons":"n/a"},"fire_details":{"premises_business_hour":"8am-9pm","premises_business_type":"Commerical","premises_location":"121/123 Funso Williams Avenue, Iponri","premises_name":"121/123 Funso Williams Avenue, Iponri","premises_occupation":"INSURANCE"},"professional_activity_info":"n/a","professional_employee_info":"n/a","company_director_info":"n/a","company_info":"n/a","property_info":"n/a","public_risk_info":"n/a","risk_management_detail":"n/a","safe_guard_info":"n/a","safe_strong_room_details":"n/a","transit_route":"n/a","transit_schedule":"n/a","transit_vehicle_info":"n/a","good_transit_method":"n/a","work_condition":"n/a","work_description":"n/a","work_employee_details":"n/a","employee_info":"n/a","account_info":"n/a","work_location":"n/a","other_conditions":0,"estimated_earnings":"n/a","estimated_wages":"n/a","accident_info":{"accident_beneficiary_info":"n/a","accident_cover_type":"n/a","accident_insured_benefit":"n/a","accident_insured_persons":"n/a"},"premise_details":{"premises_business_hour":"8am-9pm","premises_business_type":"Commerical","premises_location":"121/123 Funso Williams Avenue, Iponri","premises_name":"121/123 Funso Williams Avenue, Iponri","premises_occupation":"INSURANCE"},"recorder_type":"BROKER","recorder_id":752,"trans_type":"NB","policy_batch_no":21177829}, transactionType=NB
2026-08-06 14:31:56.445 INFO  [http-nio-8090-exec-3] c.t.n.service.BacklogService - Posting: policyBatchNumber=21177829, transactionType=NB
2026-08-06 14:31:59.016 INFO  [http-nio-8090-exec-3] c.t.n.service.NaicomPostingService - Posting Casualty payload to NAICOM: {"SID":"c79ec578-8507-4cad-a24d-6185563fdcdf","Token":"TTAeOPzW2Eh4xZ7HB4WtTKJNYYVWP9zf","Type":"Casualty","DataGroup":[{"GroupName":"Basic info","GroupTag":0,"GroupCount":0,"AttArray":[{"Name":"TypeID","Value":"48"},{"Name":"CoverageStartDate","Value":"1/25/2022 03:00 AM"},{"Name":"CoverageEndDate","Value":"4/25/2022 03:00 AM"},{"Name":"PolicyInternalID","Value":"GT210000035EN"},{"Name":"PolicyDescription","Value":"n/a"},{"Name":"RecorderType","Value":"COMPANY"},{"Name":"RecorderID","Value":"752"}]},{"GroupName":"Detail Info","GroupTag":1,"GroupCount":0,"AttArray":[{"Name":"Conditions","Value":"n/a"},{"Name":"Exceptions","Value":null},{"Name":"Exclusions","Value":"n/a"},{"Name":"Endorsements","Value":"n/a"},{"Name":"Preamble","Value":"n/a"},{"Name":"Terms","Value":"n/a"},{"Name":"Premium","Value":"88257.53"},{"Name":"PremiumNote","Value":"DNN123809"},{"Name":"ExtraFee","Value":"0"},{"Name":"CommissionFee","Value":"88257.53"},{"Name":"InsuredValue","Value":"1000000"},{"Name":"PersonalAddress","Value":"121/123 FUNSHO WILLIAMS AVENUE"},{"Name":"RiskManagementDetail","Value":"n/a"},{"Name":"OtherConditions","Value":"0"},{"Name":"ContactPhone","Value":"08033341479"},{"Name":"EstimatedEarnings","Value":"n/a"},{"Name":"EstimatedWages","Value":"n/a"},{"Name":"WorkCondition","Value":"n/a"},{"Name":"WorkDescription","Value":"n/a"},{"Name":"WorkEmployeeInfo","Value":"n/a"},{"Name":"PublicRiskInfo","Value":"n/a"},{"Name":"EmployeeInfo","Value":"n/a"},{"Name":"AccidentBeneficiaryInfo","Value":"n/a"},{"Name":"AccidentInsuredBenefit","Value":"n/a"},{"Name":"AccountInfo","Value":"n/a"},{"Name":"AccidentInsuredPersons","Value":"n/a"},{"Name":"CompanyInfo","Value":"n/a"},{"Name":"AccidentCoverType","Value":"n/a"},{"Name":"WorkLocation","Value":"n/a"},{"Name":"ProfessionalActivityInfo","Value":"n/a"},{"Name":"ProfessionalEmployeeInfo","Value":"n/a"},{"Name":"PersonalSex","Value":"MALE"},{"Name":"PersonalSpecialisation","Value":"Mr"},{"Name":"PremisesLocation","Value":"121/123 Funso Williams Avenue, Iponri"},{"Name":"CompanyDirectorInfo","Value":"n/a"},{"Name":"TransitRoute","Value":"n/a"},{"Name":"TransitSchedule","Value":"n/a"},{"Name":"GoodTransitVehicleInfo","Value":"n/a"},{"Name":"GoodTransitMethod","Value":"n/a"},{"Name":"GoodPropertyInfo","Value":"n/a"},{"Name":"SafeGuardInfo","Value":"n/a"},{"Name":"SafeStrongRoomDetail","Value":"n/a"},{"Name":"PremisesBusinessHour","Value":"8am-9pm"},{"Name":"PremisesBusinessType","Value":"Commerical"},{"Name":"PremisesOccupation","Value":"INSURANCE"},{"Name":"PremisesName","Value":"121/123 Funso Williams Avenue, Iponri"},{"Name":"PersonalDateBirth","Value":"January 01, 1990"},{"Name":"ContactEmail","Value":"insure@leadway.com"},{"Name":"PersonalName","Value":"E.O.Nnabugwu & Sons Limited "}]}]}
2026-08-06 14:32:22.142 INFO  [http-nio-8090-exec-3] c.t.n.service.BacklogService - After Posting: response=NaicomPolicyResponseDto{errors=null, message='Successfully posted', status=201 CREATED, turnquest_request_id=223141290162981951, success=true, PolicyUniqueID='029260048117979634'}, transactionType=NB
2026-08-06 14:32:23.523 INFO  [http-nio-8090-exec-3] c.t.n.controller.BacklogController - Completed backlog: policyBatchNumber=21177829, transactionType=NB, success=true, stage=null
2026-08-06 14:32:23.675 INFO  [http-nio-8090-exec-3] c.t.n.controller.BacklogController - Processing backlog: policyBatchNumber=21187343, transactionType=NB
2026-08-06 14:32:23.947 INFO  [http-nio-8090-exec-3] c.t.n.service.BacklogService - Staging: policyBatchNumber=21187343, transactionType=NB
2026-08-06 14:32:28.561 INFO  [http-nio-8090-exec-3] c.t.n.service.StagingService - Staging: policyBatchNumber=21187343, payload={"cover_end_date":"2022-04-01","cover_start_date":"2021-04-01","customer":{"email_address":"Tiyamiyu087@Gmail.Com","name":"Tumi  Tiyamiyu ","phone_number":"02012800700","type":"I"},"policy_number":"FR210000151IB","sum_insured":300000000,"total_premium":277500,"coinsurance":"NO","naicom_product":"FIRE","commission_fee":55500,"conditions":"n/a","endorsements":"n/a","exclusions":"n/a","extra_fee":0,"policy_description":"n/a","naicom_product_code":30,"building_details":{"building_address_line":"n/a","building_city":"LAGOS","building_door_number":"1","building_name":"n/a","building_post_code":"100011","building_state":"LAGOS"},"burglary_details":{"burglary_anti_theft":"n/a","burglary_history":"n/a"},"fire_details":{"fire_coverage_detail":"n/a","fire_history":"n/a","fire_protection_detail":"n/a"},"house_details":{"house_building_type":"n/a","house_coverage_detail":"n/a","house_history":"n/a","house_security_detail":"n/a"},"property_details":{"property_business":"n/a","property_construction":"n/a","property_construction_value":0,"property_content":"n/a","property_content_value":0},"recorder_type":"BROKER","recorder_id":1505,"trans_type":"NB","policy_batch_no":21187343}
2026-08-06 14:32:30.765 INFO  [http-nio-8090-exec-3] c.t.n.service.StagingService - Staged NAICOM payload for batch 21187343 Success
2026-08-06 14:32:30.766 INFO  [http-nio-8090-exec-3] c.t.n.service.BacklogService - Staging: Response={"cover_end_date":"2022-04-01","cover_start_date":"2021-04-01","customer":{"email_address":"Tiyamiyu087@Gmail.Com","name":"Tumi  Tiyamiyu ","phone_number":"02012800700","type":"I"},"policy_number":"FR210000151IB","sum_insured":300000000,"total_premium":277500,"coinsurance":"NO","naicom_product":"FIRE","commission_fee":55500,"conditions":"n/a","endorsements":"n/a","exclusions":"n/a","extra_fee":0,"policy_description":"n/a","naicom_product_code":30,"building_details":{"building_address_line":"n/a","building_city":"LAGOS","building_door_number":"1","building_name":"n/a","building_post_code":"100011","building_state":"LAGOS"},"burglary_details":{"burglary_anti_theft":"n/a","burglary_history":"n/a"},"fire_details":{"fire_coverage_detail":"n/a","fire_history":"n/a","fire_protection_detail":"n/a"},"house_details":{"house_building_type":"n/a","house_coverage_detail":"n/a","house_history":"n/a","house_security_detail":"n/a"},"property_details":{"property_business":"n/a","property_construction":"n/a","property_construction_value":0,"property_content":"n/a","property_content_value":0},"recorder_type":"BROKER","recorder_id":1505,"trans_type":"NB","policy_batch_no":21187343}, transactionType=NB
2026-08-06 14:32:30.768 INFO  [http-nio-8090-exec-3] c.t.n.service.BacklogService - Posting: policyBatchNumber=21187343, transactionType=NB
2026-08-06 14:32:33.078 INFO  [http-nio-8090-exec-3] c.t.n.service.BacklogService - After Posting: response=NaicomPolicyResponseDto{errors=[ErrorDto(errorText=Burglary coverage Details cannot be null., errorCode=TEX-400)], message='Failed to post the policy.', status=400 BAD_REQUEST, turnquest_request_id=null, success=false, PolicyUniqueID='null'}, transactionType=NB
2026-08-06 14:32:34.727 INFO  [http-nio-8090-exec-3] c.t.n.controller.BacklogController - Completed backlog: policyBatchNumber=21187343, transactionType=NB, success=false, stage=POST
2026-08-06 14:32:34.807 INFO  [http-nio-8090-exec-3] c.t.n.controller.BacklogController - Processing backlog: policyBatchNumber=21190295, transactionType=NB
2026-08-06 14:32:34.929 INFO  [http-nio-8090-exec-3] c.t.n.service.BacklogService - Staging: policyBatchNumber=21190295, transactionType=NB
2026-08-06 14:32:37.534 INFO  [http-nio-8090-exec-3] c.t.n.service.StagingService - Staging: policyBatchNumber=21190295, payload={"cover_end_date":"2022-05-13","cover_start_date":"2021-05-14","cover_type":"THIRD_PARTY","customer":{"email_address":"insure@leadway.com","first_name":"Olaoluwa","last_name":"Olaoluwa","phone_number":"08033194608","postal_address":"121123","residential_address":"100011","city":"LAGOS","license":"n/a","organization_id":"n/a","organization_name":"n/a","state":"LAGOS","type":"PERSON"},"policy_number":"PM210003088AE","sum_insured":0,"total_premium":5000,"naicom_product":"AUTO","commission_fee":625,"conditions":"n/a","endorsements":"n/a","exclusions":"n/a","extra_fee":0,"policy_description":"n/a","preamble":"n/a","premium_note":"DNN126320","terms":"n/a","naicom_product_code":361,"insured_info":[{"auto_note":"n/a","engine_capacity":"0","plate_no":"SU995KJA","registration_date":"2021-05-14","registration_expiry_date":"2022-05-13","registration_number":"SU995KJA","seats":5,"vehicle_color":"NOT_PROVIDED","vehicle_id":"SU995KJA","vehicle_make":"HONDA","vehicle_mileage":0,"vehicle_model":"ACCORD","vehicle_type":"CAR","year_of_manufacture":"2015"}],"recorder_type":"BROKER","recorder_id":478,"trans_type":"NB","policy_batch_no":21190295}
2026-08-06 14:32:39.432 INFO  [http-nio-8090-exec-3] c.t.n.service.StagingService - Staged NAICOM payload for batch 21190295 Success
2026-08-06 14:32:39.432 INFO  [http-nio-8090-exec-3] c.t.n.service.BacklogService - Staging: Response={"cover_end_date":"2022-05-13","cover_start_date":"2021-05-14","cover_type":"THIRD_PARTY","customer":{"email_address":"insure@leadway.com","first_name":"Olaoluwa","last_name":"Olaoluwa","phone_number":"08033194608","postal_address":"121123","residential_address":"100011","city":"LAGOS","license":"n/a","organization_id":"n/a","organization_name":"n/a","state":"LAGOS","type":"PERSON"},"policy_number":"PM210003088AE","sum_insured":0,"total_premium":5000,"naicom_product":"AUTO","commission_fee":625,"conditions":"n/a","endorsements":"n/a","exclusions":"n/a","extra_fee":0,"policy_description":"n/a","preamble":"n/a","premium_note":"DNN126320","terms":"n/a","naicom_product_code":361,"insured_info":[{"auto_note":"n/a","engine_capacity":"0","plate_no":"SU995KJA","registration_date":"2021-05-14","registration_expiry_date":"2022-05-13","registration_number":"SU995KJA","seats":5,"vehicle_color":"NOT_PROVIDED","vehicle_id":"SU995KJA","vehicle_make":"HONDA","vehicle_mileage":0,"vehicle_model":"ACCORD","vehicle_type":"CAR","year_of_manufacture":"2015"}],"recorder_type":"BROKER","recorder_id":478,"trans_type":"NB","policy_batch_no":21190295}, transactionType=NB
2026-08-06 14:32:39.434 INFO  [http-nio-8090-exec-3] c.t.n.service.BacklogService - Posting: policyBatchNumber=21190295, transactionType=NB
2026-08-06 14:32:42.038 INFO  [http-nio-8090-exec-3] c.t.n.service.NaicomPostingService - Posting AUTO payload to NAICOM: {"SID":"c79ec578-8507-4cad-a24d-6185563fdcdf","Token":"TTAeOPzW2Eh4xZ7HB4WtTKJNYYVWP9zf","Type":"Auto","DataGroup":[{"GroupName":"Basic info","GroupTag":0,"GroupCount":0,"AttArray":[{"Name":"TypeID","Value":"361"},{"Name":"CoverageStartDate","Value":"5/14/2021 03:00 AM"},{"Name":"CoverageEndDate","Value":"5/13/2022 03:00 AM"},{"Name":"PolicyInternalID","Value":"PM210003088AE"},{"Name":"PolicyDescription","Value":"n/a"},{"Name":"RecorderType","Value":"COMPANY"},{"Name":"RecorderID","Value":"478"}]},{"GroupName":"Detail Info","GroupTag":1,"GroupCount":0,"AttArray":[{"Name":"PersonNameLast","Value":"Olaoluwa"},{"Name":"PersonNameFirst","Value":"Olaoluwa"},{"Name":"OwnerLicense","Value":"n/a"},{"Name":"OrgType","Value":"COMMERCIAL"},{"Name":"OrgName","Value":"n/a"},{"Name":"OrgID","Value":"n/a"},{"Name":"CoverageType","Value":"THIRD_PARTY"},{"Name":"OwnerType","Value":"PERSON"},{"Name":"AddressLine","Value":"100011"},{"Name":"State","Value":"LAGOS"},{"Name":"PostCode","Value":"121123"},{"Name":"Phone","Value":"08033194608"},{"Name":"CityLGA","Value":"LAGOS"},{"Name":"Email","Value":"insure@leadway.com"},{"Name":"InsuredValue","Value":"0"},{"Name":"Premium","Value":"5000"},{"Name":"CommissionFee","Value":"625"},{"Name":"ExtraFee","Value":"0"},{"Name":"PremiumNote","Value":"DNN126320"},{"Name":"Terms","Value":"n/a"},{"Name":"Preamble","Value":"n/a"},{"Name":"Endorsements","Value":"n/a"},{"Name":"Exclusions","Value":"n/a"},{"Name":"Conditions","Value":"n/a"}]},{"GroupName":"Insured Info","GroupTag":2,"GroupCount":0,"AttArray":[{"Name":"InsuredNo","Value":"1"},{"Name":"VehicleID","Value":"SU995KJA"},{"Name":"PlateNo","Value":"SU995KJA"},{"Name":"RegNo","Value":"SU995KJA"},{"Name":"RegDate","Value":"May 14, 2021"},{"Name":"RegExpDate","Value":"May 13, 2022"},{"Name":"RegMileage","Value":"0"},{"Name":"AutoType","Value":"CAR"},{"Name":"AutoMake","Value":"HONDA"},{"Name":"AutoModel","Value":"ACCORD"},{"Name":"AutoColor","Value":"NOT_PROVIDED"},{"Name":"AutoYear","Value":"2015"},{"Name":"EngineCap","Value":"0"},{"Name":"SeatCap","Value":"5"},{"Name":"AutoNote","Value":"n/a"}]}]}
2026-08-06 14:33:42.497 ERROR [http-nio-8090-exec-3] c.t.n.service.ThirdPartyApiClient - Error posting to NAICOM_POLICY_POSTING_URL: timeout
java.net.SocketTimeoutException: timeout
	at okhttp3.internal.http2.Http2Stream$StreamTimeout.newTimeoutException(Http2Stream.kt:675)
	at okhttp3.internal.http2.Http2Stream$StreamTimeout.exitAndThrowIfTimedOut(Http2Stream.kt:684)
	at okhttp3.internal.http2.Http2Stream.takeHeaders(Http2Stream.kt:143)
	at okhttp3.internal.http2.Http2ExchangeCodec.readResponseHeaders(Http2ExchangeCodec.kt:97)
	at okhttp3.internal.connection.Exchange.readResponseHeaders(Exchange.kt:110)
	at okhttp3.internal.http.CallServerInterceptor.intercept(CallServerInterceptor.kt:93)
	at okhttp3.internal.http.RealInterceptorChain.proceed(RealInterceptorChain.kt:109)
	at okhttp3.internal.connection.ConnectInterceptor.intercept(ConnectInterceptor.kt:34)
	at okhttp3.internal.http.RealInterceptorChain.proceed(RealInterceptorChain.kt:109)
	at okhttp3.internal.cache.CacheInterceptor.intercept(CacheInterceptor.kt:95)
	at okhttp3.internal.http.RealInterceptorChain.proceed(RealInterceptorChain.kt:109)
	at okhttp3.internal.http.BridgeInterceptor.intercept(BridgeInterceptor.kt:83)
	at okhttp3.internal.http.RealInterceptorChain.proceed(RealInterceptorChain.kt:109)
	at okhttp3.internal.http.RetryAndFollowUpInterceptor.intercept(RetryAndFollowUpInterceptor.kt:76)
	at okhttp3.internal.http.RealInterceptorChain.proceed(RealInterceptorChain.kt:109)
	at okhttp3.internal.connection.RealCall.getResponseWithInterceptorChain$okhttp(RealCall.kt:201)
	at okhttp3.internal.connection.RealCall.execute(RealCall.kt:154)
	at com.turnkey.naicombacklog.service.ThirdPartyApiClient.postTransaction(ThirdPartyApiClient.java:37)
	at com.turnkey.naicombacklog.service.NaicomPostingService.postAutoPolicyToNaicom(NaicomPostingService.java:224)
	at com.turnkey.naicombacklog.service.NaicomPostingService.postSingleTransaction(NaicomPostingService.java:147)
	at com.turnkey.naicombacklog.service.NaicomPostingService.postPolicyToNaicom(NaicomPostingService.java:126)
	at com.turnkey.naicombacklog.service.BacklogService.post(BacklogService.java:100)
	at com.turnkey.naicombacklog.service.BacklogService.processBacklog(BacklogService.java:60)
	at java.base/jdk.internal.reflect.DirectMethodHandleAccessor.invoke(DirectMethodHandleAccessor.java:103)
	at java.base/java.lang.reflect.Method.invoke(Method.java:580)
	at org.springframework.aop.support.AopUtils.invokeJoinpointUsingReflection(AopUtils.java:355)
	at org.springframework.aop.framework.ReflectiveMethodInvocation.invokeJoinpoint(ReflectiveMethodInvocation.java:196)
	at org.springframework.aop.framework.ReflectiveMethodInvocation.proceed(ReflectiveMethodInvocation.java:163)
	at org.springframework.aop.framework.CglibAopProxy$CglibMethodInvocation.proceed(CglibAopProxy.java:768)
	at org.springframework.transaction.interceptor.TransactionAspectSupport.invokeWithinTransaction(TransactionAspectSupport.java:379)
	at org.springframework.transaction.interceptor.TransactionInterceptor.invoke(TransactionInterceptor.java:119)
	at org.springframework.aop.framework.ReflectiveMethodInvocation.proceed(ReflectiveMethodInvocation.java:184)
	at org.springframework.aop.framework.CglibAopProxy$CglibMethodInvocation.proceed(CglibAopProxy.java:768)
	at org.springframework.aop.framework.CglibAopProxy$DynamicAdvisedInterceptor.intercept(CglibAopProxy.java:720)
	at com.turnkey.naicombacklog.service.BacklogService$$SpringCGLIB$$0.processBacklog(<generated>)
	at com.turnkey.naicombacklog.controller.BacklogController.postBacklog(BacklogController.java:63)
	at java.base/jdk.internal.reflect.DirectMethodHandleAccessor.invoke(DirectMethodHandleAccessor.java:103)
	at java.base/java.lang.reflect.Method.invoke(Method.java:580)
	at org.springframework.web.method.support.InvocableHandlerMethod.doInvoke(InvocableHandlerMethod.java:255)
	at org.springframework.web.method.support.InvocableHandlerMethod.invokeForRequest(InvocableHandlerMethod.java:188)
	at org.springframework.web.servlet.mvc.method.annotation.ServletInvocableHandlerMethod.invokeAndHandle(ServletInvocableHandlerMethod.java:118)
	at org.springframework.web.servlet.mvc.method.annotation.RequestMappingHandlerAdapter.invokeHandlerMethod(RequestMappingHandlerAdapter.java:926)
	at org.springframework.web.servlet.mvc.method.annotation.RequestMappingHandlerAdapter.handleInternal(RequestMappingHandlerAdapter.java:831)
	at org.springframework.web.servlet.mvc.method.AbstractHandlerMethodAdapter.handle(AbstractHandlerMethodAdapter.java:87)
	at org.springframework.web.servlet.DispatcherServlet.doDispatch(DispatcherServlet.java:1089)
	at org.springframework.web.servlet.DispatcherServlet.doService(DispatcherServlet.java:979)
	at org.springframework.web.servlet.FrameworkServlet.processRequest(FrameworkServlet.java:1014)
	at org.springframework.web.servlet.FrameworkServlet.doPost(FrameworkServlet.java:914)
	at jakarta.servlet.http.HttpServlet.service(HttpServlet.java:590)
	at org.springframework.web.servlet.FrameworkServlet.service(FrameworkServlet.java:885)
	at jakarta.servlet.http.HttpServlet.service(HttpServlet.java:658)
	at org.apache.catalina.core.ApplicationFilterChain.internalDoFilter(ApplicationFilterChain.java:195)
	at org.apache.catalina.core.ApplicationFilterChain.doFilter(ApplicationFilterChain.java:140)
	at org.apache.tomcat.websocket.server.WsFilter.doFilter(WsFilter.java:51)
	at org.apache.catalina.core.ApplicationFilterChain.internalDoFilter(ApplicationFilterChain.java:164)
	at org.apache.catalina.core.ApplicationFilterChain.doFilter(ApplicationFilterChain.java:140)
	at org.springframework.web.filter.RequestContextFilter.doFilterInternal(RequestContextFilter.java:100)
	at org.springframework.web.filter.OncePerRequestFilter.doFilter(OncePerRequestFilter.java:116)
	at org.apache.catalina.core.ApplicationFilterChain.internalDoFilter(ApplicationFilterChain.java:164)
	at org.apache.catalina.core.ApplicationFilterChain.doFilter(ApplicationFilterChain.java:140)
	at org.springframework.web.filter.FormContentFilter.doFilterInternal(FormContentFilter.java:93)
	at org.springframework.web.filter.OncePerRequestFilter.doFilter(OncePerRequestFilter.java:116)
	at org.apache.catalina.core.ApplicationFilterChain.internalDoFilter(ApplicationFilterChain.java:164)
	at org.apache.catalina.core.ApplicationFilterChain.doFilter(ApplicationFilterChain.java:140)
	at org.springframework.web.filter.CharacterEncodingFilter.doFilterInternal(CharacterEncodingFilter.java:201)
	at org.springframework.web.filter.OncePerRequestFilter.doFilter(OncePerRequestFilter.java:116)
	at org.apache.catalina.core.ApplicationFilterChain.internalDoFilter(ApplicationFilterChain.java:164)
	at org.apache.catalina.core.ApplicationFilterChain.doFilter(ApplicationFilterChain.java:140)
	at org.apache.catalina.core.StandardWrapperValve.invoke(StandardWrapperValve.java:167)
	at org.apache.catalina.core.StandardContextValve.invoke(StandardContextValve.java:90)
	at org.apache.catalina.authenticator.AuthenticatorBase.invoke(AuthenticatorBase.java:483)
	at org.apache.catalina.core.StandardHostValve.invoke(StandardHostValve.java:115)
	at org.apache.catalina.valves.ErrorReportValve.invoke(ErrorReportValve.java:93)
	at org.apache.catalina.core.StandardEngineValve.invoke(StandardEngineValve.java:74)
	at org.apache.catalina.connector.CoyoteAdapter.service(CoyoteAdapter.java:344)
	at org.apache.coyote.http11.Http11Processor.service(Http11Processor.java:384)
	at org.apache.coyote.AbstractProcessorLight.process(AbstractProcessorLight.java:63)
	at org.apache.coyote.AbstractProtocol$ConnectionHandler.process(AbstractProtocol.java:905)
	at org.apache.tomcat.util.net.NioEndpoint$SocketProcessor.doRun(NioEndpoint.java:1741)
	at org.apache.tomcat.util.net.SocketProcessorBase.run(SocketProcessorBase.java:52)
	at org.apache.tomcat.util.threads.ThreadPoolExecutor.runWorker(ThreadPoolExecutor.java:1190)
	at org.apache.tomcat.util.threads.ThreadPoolExecutor$Worker.run(ThreadPoolExecutor.java:659)
	at org.apache.tomcat.util.threads.TaskThread$WrappingRunnable.run(TaskThread.java:63)
	at java.base/java.lang.Thread.run(Thread.java:1583)
2026-08-06 14:33:42.505 INFO  [http-nio-8090-exec-3] c.t.n.service.BacklogService - After Posting: response=NaicomPolicyResponseDto{errors=null, message='timeout Encountered while posting Naicom Policy', status=408 REQUEST_TIMEOUT, turnquest_request_id=null, success=false, PolicyUniqueID='null'}, transactionType=NB
2026-08-06 14:33:45.078 INFO  [http-nio-8090-exec-3] c.t.n.controller.BacklogController - Completed backlog: policyBatchNumber=21190295, transactionType=NB, success=false, stage=POST
2026-08-06 14:33:45.082 INFO  [http-nio-8090-exec-3] c.t.n.controller.BacklogController - Processing backlog: policyBatchNumber=21200547, transactionType=NB
2026-08-06 14:33:45.193 INFO  [http-nio-8090-exec-3] c.t.n.service.BacklogService - Staging: policyBatchNumber=21200547, transactionType=NB
2026-08-06 14:33:47.447 INFO  [http-nio-8090-exec-3] c.t.n.service.StagingService - Staging: policyBatchNumber=21200547, payload={"cover_end_date":"2025-03-31","cover_start_date":"2021-07-01","customer":{"date_of_birth":"1990-01-01","email_address":"insure@leadway.com","first_name":"Julius ","identification_number":"n/a","identification_type":"NATIONAL_ID_CARD","last_name":"Berger Nigeria Plc And Others","name":"Julius Berger Nigeria Plc And Others ","postal_address":"121/123 FUNSHO WILLIAMS AVENUE","residential_address":"100011","city":"LAGOS","license":"n/a","organization_id":"n/a","organization_name":"n/a","state":"LAGOS","type":"C","beneficiary_type":"INDIVIDUAL","address_code":"100011","gender":"MALE","title":"Mr"},"policy_number":"CW210000012IK","sum_insured":746064942.89,"total_premium":1280304.13,"coinsurance":"YES","naicom_product":"ENGINEERING","commission_fee":1280304.13,"policy_description":"n/a","naicom_product_code":135,"contract_description":"REHABILITATION OF ABUJA- KADUNA  -  ZARIA -  KANO ROAD","contract_location":"LAGOS","post_code":"100011","contractor_name":"Julius Berger Nigeria Plc And Others ","contractor_address_line":"n/a","contractor_city":"LAGOS","contractor_state":"LAGOS","contract_site":"n/a","all_plant_equipment_covered":"N","machinery_conditions":"n/a","machinery_description":"ABUJA- KADUNA  -  ZARIA -  KANO ROAD","machinery_model":"ABUJA- KADUNA  -  ZARIA -  KANO ROAD","machinery_year_of_manufacture":"2021","machine_serial_number":"ABUJA- KADUNA  -  ZARIA -  KANO ROAD","is_machinery_leased":"N","estimated_maximum_loss":74606494.29,"deductible_value":6401520.63,"recorder_type":"BROKER","recorder_id":1254,"trans_type":"NB","policy_batch_no":21200547}
2026-08-06 14:33:48.946 INFO  [http-nio-8090-exec-3] c.t.n.service.StagingService - Staged NAICOM payload for batch 21200547 Success
2026-08-06 14:33:48.963 INFO  [http-nio-8090-exec-3] c.t.n.service.BacklogService - Staging: Response={"cover_end_date":"2025-03-31","cover_start_date":"2021-07-01","customer":{"date_of_birth":"1990-01-01","email_address":"insure@leadway.com","first_name":"Julius ","identification_number":"n/a","identification_type":"NATIONAL_ID_CARD","last_name":"Berger Nigeria Plc And Others","name":"Julius Berger Nigeria Plc And Others ","postal_address":"121/123 FUNSHO WILLIAMS AVENUE","residential_address":"100011","city":"LAGOS","license":"n/a","organization_id":"n/a","organization_name":"n/a","state":"LAGOS","type":"C","beneficiary_type":"INDIVIDUAL","address_code":"100011","gender":"MALE","title":"Mr"},"policy_number":"CW210000012IK","sum_insured":746064942.89,"total_premium":1280304.13,"coinsurance":"YES","naicom_product":"ENGINEERING","commission_fee":1280304.13,"policy_description":"n/a","naicom_product_code":135,"contract_description":"REHABILITATION OF ABUJA- KADUNA  -  ZARIA -  KANO ROAD","contract_location":"LAGOS","post_code":"100011","contractor_name":"Julius Berger Nigeria Plc And Others ","contractor_address_line":"n/a","contractor_city":"LAGOS","contractor_state":"LAGOS","contract_site":"n/a","all_plant_equipment_covered":"N","machinery_conditions":"n/a","machinery_description":"ABUJA- KADUNA  -  ZARIA -  KANO ROAD","machinery_model":"ABUJA- KADUNA  -  ZARIA -  KANO ROAD","machinery_year_of_manufacture":"2021","machine_serial_number":"ABUJA- KADUNA  -  ZARIA -  KANO ROAD","is_machinery_leased":"N","estimated_maximum_loss":74606494.29,"deductible_value":6401520.63,"recorder_type":"BROKER","recorder_id":1254,"trans_type":"NB","policy_batch_no":21200547}, transactionType=NB
2026-08-06 14:33:48.978 INFO  [http-nio-8090-exec-3] c.t.n.service.BacklogService - Posting: policyBatchNumber=21200547, transactionType=NB
2026-08-06 14:33:51.323 INFO  [http-nio-8090-exec-3] c.t.n.service.NaicomPostingService - Posting Engineer payload to NAICOM: {"SID":"c79ec578-8507-4cad-a24d-6185563fdcdf","Token":"TTAeOPzW2Eh4xZ7HB4WtTKJNYYVWP9zf","Type":"Engineer","DataGroup":[{"GroupName":"Basic info","GroupTag":0,"GroupCount":0,"AttArray":[{"Name":"TypeID","Value":"135"},{"Name":"CoverageStartDate","Value":"7/01/2021 03:00 AM"},{"Name":"CoverageEndDate","Value":"3/31/2025 03:00 AM"},{"Name":"PolicyInternalID","Value":"CW210000012IK"},{"Name":"PolicyDescription","Value":"n/a"},{"Name":"RecorderType","Value":"COMPANY"},{"Name":"RecorderID","Value":"1254"}]},{"GroupName":"Detail Info","GroupTag":1,"GroupCount":0,"AttArray":[{"Name":"Conditions","Value":"n/a"},{"Name":"Exceptions","Value":"n/a"},{"Name":"Exclusions","Value":"n/a"},{"Name":"Endorsements","Value":"n/a"},{"Name":"Preamble","Value":"n/a"},{"Name":"Terms","Value":"n/a"},{"Name":"Premium","Value":"1280304.13"},{"Name":"PremiumNote","Value":"n/a"},{"Name":"ExtraFee","Value":"0"},{"Name":"CommissionFee","Value":"1280304.13"},{"Name":"InsuredValue","Value":"746064942.89"},{"Name":"PrincipalAddressLine","Value":"121/123 FUNSHO WILLIAMS AVENUE"},{"Name":"OtherConditions","Value":"n/a"},{"Name":"ContractorCityLGA","Value":"LAGOS"},{"Name":"ConsultingEngineerInfo","Value":"n/a"},{"Name":"ContractorName","Value":"Julius Berger Nigeria Plc And Others "},{"Name":"ContractorAddressLine","Value":"n/a"},{"Name":"SpecialRisks","Value":"n/a"},{"Name":"PrincipalPostCode","Value":"100011"},{"Name":"ContractSite","Value":"n/a"},{"Name":"PrincipalName","Value":"Julius Berger Nigeria Plc And Others "},{"Name":"DeductibleValue","Value":"6401520.63"},{"Name":"DeteriorationStockColdRoomDescription","Value":"n/a"},{"Name":"DeteriorationStockGoodsValue","Value":"0"},{"Name":"LossProfitFacilityInfo","Value":"n/a"},{"Name":"LossProfitProductionProcess","Value":"n/a"},{"Name":"ErectionAllRiskPlantDescription","Value":"n/a"},{"Name":"ErectionAllRiskPlantType","Value":"n/a"},{"Name":"ContractorAllRiskProjectName","Value":"n/a"},{"Name":"LossProfitStockInfo","Value":"n/a"},{"Name":"LossProfitSupplyInfo","Value":"n/a"},{"Name":"EstimatedMaximumLoss","Value":"74606494.29"},{"Name":"TankDescription","Value":"n/a"},{"Name":"TankLocation","Value":"n/a"},{"Name":"TankSubstance","Value":"n/a"},{"Name":"TankRepairUpgradeHistory","Value":"n/a"},{"Name":"PublicLiabilityPremisesOccupation","Value":"n/a"},{"Name":"MachineryConditions","Value":"n/a"},{"Name":"MachineryIsLeased","Value":"false"},{"Name":"MachineryModel","Value":"ABUJA- KADUNA  -  ZARIA -  KANO ROAD"},{"Name":"MachineryYearMfg","Value":"2021"},{"Name":"MachinerySerialNo","Value":"ABUJA- KADUNA  -  ZARIA -  KANO ROAD"},{"Name":"MachineryDescription","Value":"ABUJA- KADUNA  -  ZARIA -  KANO ROAD"},{"Name":"PrincipalState","Value":"LAGOS"},{"Name":"PlantAllRiskIsEquipmentCovered","Value":"false"},{"Name":"PlantAllRiskMainItemManufacture","Value":"n/a"},{"Name":"ContractorAllRiskProjectDetail","Value":"n/a"},{"Name":"DeteriorationStockInfo","Value":"n/a"},{"Name":"SubContractorInfo","Value":"n/a"},{"Name":"DeteriorationStockGoodsDescription","Value":"n/a"},{"Name":"DeteriorationStockMachineryDetail","Value":"n/a"},{"Name":"DeteriorationStockMachineryValue","Value":"n/a"},{"Name":"ContractorState","Value":"LAGOS"},{"Name":"ContractorPostCode","Value":"100011"},{"Name":"PublicLiabilityPremisesSituation","Value":"n/a"},{"Name":"LossProfitMachineryDamageCost","Value":"0"},{"Name":"PrincipalCityLGA","Value":"LAGOS"}]}]}
2026-08-06 14:34:30.253 ERROR [http-nio-8090-exec-3] c.t.n.service.ThirdPartyApiClient - Error posting to NAICOM_POLICY_POSTING_URL: null
java.io.InterruptedIOException: null
	at okhttp3.internal.http2.Http2Stream.waitForIo$okhttp(Http2Stream.kt:660)
	at okhttp3.internal.http2.Http2Stream.takeHeaders(Http2Stream.kt:140)
	at okhttp3.internal.http2.Http2ExchangeCodec.readResponseHeaders(Http2ExchangeCodec.kt:97)
	at okhttp3.internal.connection.Exchange.readResponseHeaders(Exchange.kt:110)
	at okhttp3.internal.http.CallServerInterceptor.intercept(CallServerInterceptor.kt:93)
	at okhttp3.internal.http.RealInterceptorChain.proceed(RealInterceptorChain.kt:109)
	at okhttp3.internal.connection.ConnectInterceptor.intercept(ConnectInterceptor.kt:34)
	at okhttp3.internal.http.RealInterceptorChain.proceed(RealInterceptorChain.kt:109)
	at okhttp3.internal.cache.CacheInterceptor.intercept(CacheInterceptor.kt:95)
	at okhttp3.internal.http.RealInterceptorChain.proceed(RealInterceptorChain.kt:109)
	at okhttp3.internal.http.BridgeInterceptor.intercept(BridgeInterceptor.kt:83)
	at okhttp3.internal.http.RealInterceptorChain.proceed(RealInterceptorChain.kt:109)
	at okhttp3.internal.http.RetryAndFollowUpInterceptor.intercept(RetryAndFollowUpInterceptor.kt:76)
	at okhttp3.internal.http.RealInterceptorChain.proceed(RealInterceptorChain.kt:109)
	at okhttp3.internal.connection.RealCall.getResponseWithInterceptorChain$okhttp(RealCall.kt:201)
	at okhttp3.internal.connection.RealCall.execute(RealCall.kt:154)
	at com.turnkey.naicombacklog.service.ThirdPartyApiClient.postTransaction(ThirdPartyApiClient.java:37)
	at com.turnkey.naicombacklog.service.NaicomPostingService.postProductPolicy(NaicomPostingService.java:390)
	at com.turnkey.naicombacklog.service.NaicomPostingService.postSingleTransaction(NaicomPostingService.java:154)
	at com.turnkey.naicombacklog.service.NaicomPostingService.postPolicyToNaicom(NaicomPostingService.java:126)
	at com.turnkey.naicombacklog.service.BacklogService.post(BacklogService.java:100)
	at com.turnkey.naicombacklog.service.BacklogService.processBacklog(BacklogService.java:60)
	at java.base/jdk.internal.reflect.DirectMethodHandleAccessor.invoke(DirectMethodHandleAccessor.java:103)
	at java.base/java.lang.reflect.Method.invoke(Method.java:580)
	at org.springframework.aop.support.AopUtils.invokeJoinpointUsingReflection(AopUtils.java:355)
	at org.springframework.aop.framework.ReflectiveMethodInvocation.invokeJoinpoint(ReflectiveMethodInvocation.java:196)
	at org.springframework.aop.framework.ReflectiveMethodInvocation.proceed(ReflectiveMethodInvocation.java:163)
	at org.springframework.aop.framework.CglibAopProxy$CglibMethodInvocation.proceed(CglibAopProxy.java:768)
	at org.springframework.transaction.interceptor.TransactionAspectSupport.invokeWithinTransaction(TransactionAspectSupport.java:379)
	at org.springframework.transaction.interceptor.TransactionInterceptor.invoke(TransactionInterceptor.java:119)
	at org.springframework.aop.framework.ReflectiveMethodInvocation.proceed(ReflectiveMethodInvocation.java:184)
	at org.springframework.aop.framework.CglibAopProxy$CglibMethodInvocation.proceed(CglibAopProxy.java:768)
	at org.springframework.aop.framework.CglibAopProxy$DynamicAdvisedInterceptor.intercept(CglibAopProxy.java:720)
	at com.turnkey.naicombacklog.service.BacklogService$$SpringCGLIB$$0.processBacklog(<generated>)
	at com.turnkey.naicombacklog.controller.BacklogController.postBacklog(BacklogController.java:63)
	at java.base/jdk.internal.reflect.DirectMethodHandleAccessor.invoke(DirectMethodHandleAccessor.java:103)
	at java.base/java.lang.reflect.Method.invoke(Method.java:580)
	at org.springframework.web.method.support.InvocableHandlerMethod.doInvoke(InvocableHandlerMethod.java:255)
	at org.springframework.web.method.support.InvocableHandlerMethod.invokeForRequest(InvocableHandlerMethod.java:188)
	at org.springframework.web.servlet.mvc.method.annotation.ServletInvocableHandlerMethod.invokeAndHandle(ServletInvocableHandlerMethod.java:118)
	at org.springframework.web.servlet.mvc.method.annotation.RequestMappingHandlerAdapter.invokeHandlerMethod(RequestMappingHandlerAdapter.java:926)
	at org.springframework.web.servlet.mvc.method.annotation.RequestMappingHandlerAdapter.handleInternal(RequestMappingHandlerAdapter.java:831)
	at org.springframework.web.servlet.mvc.method.AbstractHandlerMethodAdapter.handle(AbstractHandlerMethodAdapter.java:87)
	at org.springframework.web.servlet.DispatcherServlet.doDispatch(DispatcherServlet.java:1089)
	at org.springframework.web.servlet.DispatcherServlet.doService(DispatcherServlet.java:979)
	at org.springframework.web.servlet.FrameworkServlet.processRequest(FrameworkServlet.java:1014)
	at org.springframework.web.servlet.FrameworkServlet.doPost(FrameworkServlet.java:914)
	at jakarta.servlet.http.HttpServlet.service(HttpServlet.java:590)
	at org.springframework.web.servlet.FrameworkServlet.service(FrameworkServlet.java:885)
	at jakarta.servlet.http.HttpServlet.service(HttpServlet.java:658)
	at org.apache.catalina.core.ApplicationFilterChain.internalDoFilter(ApplicationFilterChain.java:195)
	at org.apache.catalina.core.ApplicationFilterChain.doFilter(ApplicationFilterChain.java:140)
	at org.apache.tomcat.websocket.server.WsFilter.doFilter(WsFilter.java:51)
	at org.apache.catalina.core.ApplicationFilterChain.internalDoFilter(ApplicationFilterChain.java:164)
	at org.apache.catalina.core.ApplicationFilterChain.doFilter(ApplicationFilterChain.java:140)
	at org.springframework.web.filter.RequestContextFilter.doFilterInternal(RequestContextFilter.java:100)
	at org.springframework.web.filter.OncePerRequestFilter.doFilter(OncePerRequestFilter.java:116)
	at org.apache.catalina.core.ApplicationFilterChain.internalDoFilter(ApplicationFilterChain.java:164)
	at org.apache.catalina.core.ApplicationFilterChain.doFilter(ApplicationFilterChain.java:140)
	at org.springframework.web.filter.FormContentFilter.doFilterInternal(FormContentFilter.java:93)
	at org.springframework.web.filter.OncePerRequestFilter.doFilter(OncePerRequestFilter.java:116)
	at org.apache.catalina.core.ApplicationFilterChain.internalDoFilter(ApplicationFilterChain.java:164)
	at org.apache.catalina.core.ApplicationFilterChain.doFilter(ApplicationFilterChain.java:140)
	at org.springframework.web.filter.CharacterEncodingFilter.doFilterInternal(CharacterEncodingFilter.java:201)
	at org.springframework.web.filter.OncePerRequestFilter.doFilter(OncePerRequestFilter.java:116)
	at org.apache.catalina.core.ApplicationFilterChain.internalDoFilter(ApplicationFilterChain.java:164)
	at org.apache.catalina.core.ApplicationFilterChain.doFilter(ApplicationFilterChain.java:140)
	at org.apache.catalina.core.StandardWrapperValve.invoke(StandardWrapperValve.java:167)
	at org.apache.catalina.core.StandardContextValve.invoke(StandardContextValve.java:90)
	at org.apache.catalina.authenticator.AuthenticatorBase.invoke(AuthenticatorBase.java:483)
	at org.apache.catalina.core.StandardHostValve.invoke(StandardHostValve.java:115)
	at org.apache.catalina.valves.ErrorReportValve.invoke(ErrorReportValve.java:93)
	at org.apache.catalina.core.StandardEngineValve.invoke(StandardEngineValve.java:74)
	at org.apache.catalina.connector.CoyoteAdapter.service(CoyoteAdapter.java:344)
	at org.apache.coyote.http11.Http11Processor.service(Http11Processor.java:384)
	at org.apache.coyote.AbstractProcessorLight.process(AbstractProcessorLight.java:63)
	at org.apache.coyote.AbstractProtocol$ConnectionHandler.process(AbstractProtocol.java:905)
	at org.apache.tomcat.util.net.NioEndpoint$SocketProcessor.doRun(NioEndpoint.java:1741)
	at org.apache.tomcat.util.net.SocketProcessorBase.run(SocketProcessorBase.java:52)
	at org.apache.tomcat.util.threads.ThreadPoolExecutor.runWorker(ThreadPoolExecutor.java:1190)
	at org.apache.tomcat.util.threads.ThreadPoolExecutor$Worker.run(ThreadPoolExecutor.java:659)
	at org.apache.tomcat.util.threads.TaskThread$WrappingRunnable.run(TaskThread.java:63)
	at java.base/java.lang.Thread.run(Thread.java:1583)
2026-08-06 14:34:30.264 INFO  [http-nio-8090-exec-3] c.t.n.service.BacklogService - After Posting: response=NaicomPolicyResponseDto{errors=null, message='null Encountered while posting Naicom Policy', status=408 REQUEST_TIMEOUT, turnquest_request_id=null, success=false, PolicyUniqueID='null'}, transactionType=NB
2026-08-06 14:34:30.303 WARN  [http-nio-8090-exec-3] c.zaxxer.hikari.pool.ProxyConnection - HikariPool-1 - Connection oracle.jdbc.driver.T4CConnection@3a54638b marked as broken because of SQLSTATE(08006), ErrorCode(17002)
java.sql.SQLRecoverableException: IO Error: Socket read interrupted
	at oracle.jdbc.driver.T4CPreparedStatement.executeForDescribe(T4CPreparedStatement.java:1022)
	at oracle.jdbc.driver.OracleStatement.prepareDefineBufferAndExecute(OracleStatement.java:1270)
	at oracle.jdbc.driver.OracleStatement.executeMaybeDescribe(OracleStatement.java:1148)
	at oracle.jdbc.driver.OracleStatement.executeSQLSelect(OracleStatement.java:1660)
	at oracle.jdbc.driver.OracleStatement.doExecuteWithTimeout(OracleStatement.java:1469)
	at oracle.jdbc.driver.OraclePreparedStatement.executeInternal(OraclePreparedStatement.java:3760)
	at oracle.jdbc.driver.OraclePreparedStatement.executeQuery(OraclePreparedStatement.java:3935)
	at oracle.jdbc.driver.OraclePreparedStatementWrapper.executeQuery(OraclePreparedStatementWrapper.java:1101)
	at com.zaxxer.hikari.pool.ProxyPreparedStatement.executeQuery(ProxyPreparedStatement.java:52)
	at com.zaxxer.hikari.pool.HikariProxyPreparedStatement.executeQuery(HikariProxyPreparedStatement.java)
	at org.hibernate.sql.results.jdbc.internal.DeferredResultSetAccess.executeQuery(DeferredResultSetAccess.java:246)
	at org.hibernate.sql.results.jdbc.internal.DeferredResultSetAccess.getResultSet(DeferredResultSetAccess.java:167)
	at org.hibernate.sql.results.jdbc.internal.JdbcValuesResultSetImpl.advanceNext(JdbcValuesResultSetImpl.java:218)
	at org.hibernate.sql.results.jdbc.internal.JdbcValuesResultSetImpl.processNext(JdbcValuesResultSetImpl.java:98)
	at org.hibernate.sql.results.jdbc.internal.AbstractJdbcValues.next(AbstractJdbcValues.java:19)
	at org.hibernate.sql.results.internal.RowProcessingStateStandardImpl.next(RowProcessingStateStandardImpl.java:66)
	at org.hibernate.sql.results.spi.ListResultsConsumer.consume(ListResultsConsumer.java:202)
	at org.hibernate.sql.results.spi.ListResultsConsumer.consume(ListResultsConsumer.java:33)
	at org.hibernate.sql.exec.internal.JdbcSelectExecutorStandardImpl.doExecuteQuery(JdbcSelectExecutorStandardImpl.java:209)
	at org.hibernate.sql.exec.internal.JdbcSelectExecutorStandardImpl.executeQuery(JdbcSelectExecutorStandardImpl.java:83)
	at org.hibernate.sql.exec.spi.JdbcSelectExecutor.list(JdbcSelectExecutor.java:76)
	at org.hibernate.sql.exec.spi.JdbcSelectExecutor.list(JdbcSelectExecutor.java:65)
	at org.hibernate.query.sqm.internal.ConcreteSqmSelectQueryPlan.lambda$new$2(ConcreteSqmSelectQueryPlan.java:137)
	at org.hibernate.query.sqm.internal.ConcreteSqmSelectQueryPlan.withCacheableSqmInterpretation(ConcreteSqmSelectQueryPlan.java:381)
	at org.hibernate.query.sqm.internal.ConcreteSqmSelectQueryPlan.performList(ConcreteSqmSelectQueryPlan.java:303)
	at org.hibernate.query.sqm.internal.QuerySqmImpl.doList(QuerySqmImpl.java:509)
	at org.hibernate.query.spi.AbstractSelectionQuery.list(AbstractSelectionQuery.java:427)
	at org.hibernate.query.Query.getResultList(Query.java:120)
	at org.springframework.data.jpa.repository.query.JpaQueryExecution$CollectionExecution.doExecute(JpaQueryExecution.java:129)
	at org.springframework.data.jpa.repository.query.JpaQueryExecution.execute(JpaQueryExecution.java:92)
	at org.springframework.data.jpa.repository.query.AbstractJpaQuery.doExecute(AbstractJpaQuery.java:149)
	at org.springframework.data.jpa.repository.query.AbstractJpaQuery.execute(AbstractJpaQuery.java:137)
	at org.springframework.data.repository.core.support.RepositoryMethodInvoker.doInvoke(RepositoryMethodInvoker.java:170)
	at org.springframework.data.repository.core.support.RepositoryMethodInvoker.invoke(RepositoryMethodInvoker.java:158)
	at org.springframework.data.repository.core.support.QueryExecutorMethodInterceptor.doInvoke(QueryExecutorMethodInterceptor.java:169)
	at org.springframework.data.repository.core.support.QueryExecutorMethodInterceptor.invoke(QueryExecutorMethodInterceptor.java:148)
	at org.springframework.aop.framework.ReflectiveMethodInvocation.proceed(ReflectiveMethodInvocation.java:184)
	at org.springframework.data.projection.DefaultMethodInvokingMethodInterceptor.invoke(DefaultMethodInvokingMethodInterceptor.java:70)
	at org.springframework.aop.framework.ReflectiveMethodInvocation.proceed(ReflectiveMethodInvocation.java:184)
	at org.springframework.transaction.interceptor.TransactionAspectSupport.invokeWithinTransaction(TransactionAspectSupport.java:379)
	at org.springframework.transaction.interceptor.TransactionInterceptor.invoke(TransactionInterceptor.java:119)
	at org.springframework.aop.framework.ReflectiveMethodInvocation.proceed(ReflectiveMethodInvocation.java:184)
	at org.springframework.dao.support.PersistenceExceptionTranslationInterceptor.invoke(PersistenceExceptionTranslationInterceptor.java:138)
	at org.springframework.aop.framework.ReflectiveMethodInvocation.proceed(ReflectiveMethodInvocation.java:184)
	at org.springframework.data.jpa.repository.support.CrudMethodMetadataPostProcessor$CrudMethodMetadataPopulatingMethodInterceptor.invoke(CrudMethodMetadataPostProcessor.java:135)
	at org.springframework.aop.framework.ReflectiveMethodInvocation.proceed(ReflectiveMethodInvocation.java:184)
	at org.springframework.aop.interceptor.ExposeInvocationInterceptor.invoke(ExposeInvocationInterceptor.java:97)
	at org.springframework.aop.framework.ReflectiveMethodInvocation.proceed(ReflectiveMethodInvocation.java:184)
	at org.springframework.aop.framework.JdkDynamicAopProxy.invoke(JdkDynamicAopProxy.java:223)
	at jdk.proxy2/jdk.proxy2.$Proxy135.findAllByGtpPolBatchNoAndGtpTargetRegulator(Unknown Source)
	at com.turnkey.naicombacklog.service.NaicomPostingService.getStagedPolicy(NaicomPostingService.java:85)
	at com.turnkey.naicombacklog.service.BacklogService.safeStagedPayloadForLog(BacklogService.java:139)
	at com.turnkey.naicombacklog.service.BacklogService.processBacklog(BacklogService.java:65)
	at java.base/jdk.internal.reflect.DirectMethodHandleAccessor.invoke(DirectMethodHandleAccessor.java:103)
	at java.base/java.lang.reflect.Method.invoke(Method.java:580)
	at org.springframework.aop.support.AopUtils.invokeJoinpointUsingReflection(AopUtils.java:355)
	at org.springframework.aop.framework.ReflectiveMethodInvocation.invokeJoinpoint(ReflectiveMethodInvocation.java:196)
	at org.springframework.aop.framework.ReflectiveMethodInvocation.proceed(ReflectiveMethodInvocation.java:163)
	at org.springframework.aop.framework.CglibAopProxy$CglibMethodInvocation.proceed(CglibAopProxy.java:768)
	at org.springframework.transaction.interceptor.TransactionAspectSupport.invokeWithinTransaction(TransactionAspectSupport.java:379)
	at org.springframework.transaction.interceptor.TransactionInterceptor.invoke(TransactionInterceptor.java:119)
	at org.springframework.aop.framework.ReflectiveMethodInvocation.proceed(ReflectiveMethodInvocation.java:184)
	at org.springframework.aop.framework.CglibAopProxy$CglibMethodInvocation.proceed(CglibAopProxy.java:768)
	at org.springframework.aop.framework.CglibAopProxy$DynamicAdvisedInterceptor.intercept(CglibAopProxy.java:720)
	at com.turnkey.naicombacklog.service.BacklogService$$SpringCGLIB$$0.processBacklog(<generated>)
	at com.turnkey.naicombacklog.controller.BacklogController.postBacklog(BacklogController.java:63)
	at java.base/jdk.internal.reflect.DirectMethodHandleAccessor.invoke(DirectMethodHandleAccessor.java:103)
	at java.base/java.lang.reflect.Method.invoke(Method.java:580)
	at org.springframework.web.method.support.InvocableHandlerMethod.doInvoke(InvocableHandlerMethod.java:255)
	at org.springframework.web.method.support.InvocableHandlerMethod.invokeForRequest(InvocableHandlerMethod.java:188)
	at org.springframework.web.servlet.mvc.method.annotation.ServletInvocableHandlerMethod.invokeAndHandle(ServletInvocableHandlerMethod.java:118)
	at org.springframework.web.servlet.mvc.method.annotation.RequestMappingHandlerAdapter.invokeHandlerMethod(RequestMappingHandlerAdapter.java:926)
	at org.springframework.web.servlet.mvc.method.annotation.RequestMappingHandlerAdapter.handleInternal(RequestMappingHandlerAdapter.java:831)
	at org.springframework.web.servlet.mvc.method.AbstractHandlerMethodAdapter.handle(AbstractHandlerMethodAdapter.java:87)
	at org.springframework.web.servlet.DispatcherServlet.doDispatch(DispatcherServlet.java:1089)
	at org.springframework.web.servlet.DispatcherServlet.doService(DispatcherServlet.java:979)
	at org.springframework.web.servlet.FrameworkServlet.processRequest(FrameworkServlet.java:1014)
	at org.springframework.web.servlet.FrameworkServlet.doPost(FrameworkServlet.java:914)
	at jakarta.servlet.http.HttpServlet.service(HttpServlet.java:590)
	at org.springframework.web.servlet.FrameworkServlet.service(FrameworkServlet.java:885)
	at jakarta.servlet.http.HttpServlet.service(HttpServlet.java:658)
	at org.apache.catalina.core.ApplicationFilterChain.internalDoFilter(ApplicationFilterChain.java:195)
	at org.apache.catalina.core.ApplicationFilterChain.doFilter(ApplicationFilterChain.java:140)
	at org.apache.tomcat.websocket.server.WsFilter.doFilter(WsFilter.java:51)
	at org.apache.catalina.core.ApplicationFilterChain.internalDoFilter(ApplicationFilterChain.java:164)
	at org.apache.catalina.core.ApplicationFilterChain.doFilter(ApplicationFilterChain.java:140)
	at org.springframework.web.filter.RequestContextFilter.doFilterInternal(RequestContextFilter.java:100)
	at org.springframework.web.filter.OncePerRequestFilter.doFilter(OncePerRequestFilter.java:116)
	at org.apache.catalina.core.ApplicationFilterChain.internalDoFilter(ApplicationFilterChain.java:164)
	at org.apache.catalina.core.ApplicationFilterChain.doFilter(ApplicationFilterChain.java:140)
	at org.springframework.web.filter.FormContentFilter.doFilterInternal(FormContentFilter.java:93)
	at org.springframework.web.filter.OncePerRequestFilter.doFilter(OncePerRequestFilter.java:116)
	at org.apache.catalina.core.ApplicationFilterChain.internalDoFilter(ApplicationFilterChain.java:164)
	at org.apache.catalina.core.ApplicationFilterChain.doFilter(ApplicationFilterChain.java:140)
	at org.springframework.web.filter.CharacterEncodingFilter.doFilterInternal(CharacterEncodingFilter.java:201)
	at org.springframework.web.filter.OncePerRequestFilter.doFilter(OncePerRequestFilter.java:116)
	at org.apache.catalina.core.ApplicationFilterChain.internalDoFilter(ApplicationFilterChain.java:164)
	at org.apache.catalina.core.ApplicationFilterChain.doFilter(ApplicationFilterChain.java:140)
	at org.apache.catalina.core.StandardWrapperValve.invoke(StandardWrapperValve.java:167)
	at org.apache.catalina.core.StandardContextValve.invoke(StandardContextValve.java:90)
	at org.apache.catalina.authenticator.AuthenticatorBase.invoke(AuthenticatorBase.java:483)
	at org.apache.catalina.core.StandardHostValve.invoke(StandardHostValve.java:115)
	at org.apache.catalina.valves.ErrorReportValve.invoke(ErrorReportValve.java:93)
	at org.apache.catalina.core.StandardEngineValve.invoke(StandardEngineValve.java:74)
	at org.apache.catalina.connector.CoyoteAdapter.service(CoyoteAdapter.java:344)
	at org.apache.coyote.http11.Http11Processor.service(Http11Processor.java:384)
	at org.apache.coyote.AbstractProcessorLight.process(AbstractProcessorLight.java:63)
	at org.apache.coyote.AbstractProtocol$ConnectionHandler.process(AbstractProtocol.java:905)
	at org.apache.tomcat.util.net.NioEndpoint$SocketProcessor.doRun(NioEndpoint.java:1741)
	at org.apache.tomcat.util.net.SocketProcessorBase.run(SocketProcessorBase.java:52)
	at org.apache.tomcat.util.threads.ThreadPoolExecutor.runWorker(ThreadPoolExecutor.java:1190)
	at org.apache.tomcat.util.threads.ThreadPoolExecutor$Worker.run(ThreadPoolExecutor.java:659)
	at org.apache.tomcat.util.threads.TaskThread$WrappingRunnable.run(TaskThread.java:63)
	at java.base/java.lang.Thread.run(Thread.java:1583)
Caused by: java.io.InterruptedIOException: Socket read interrupted
	at oracle.net.nt.TimeoutSocketChannel.handleInterrupt(TimeoutSocketChannel.java:548)
	at oracle.net.nt.TimeoutSocketChannel.write(TimeoutSocketChannel.java:471)
	at oracle.net.ns.NIOPacket.writeToSocketChannel(NIOPacket.java:360)
	at oracle.net.ns.NIONSDataChannel.writeDataToSocketChannel(NIONSDataChannel.java:205)
	at oracle.net.ns.NIONSDataChannel.writeDataToSocketChannel(NIONSDataChannel.java:150)
	at oracle.jdbc.driver.T4CMAREngineNIO.flush(T4CMAREngineNIO.java:803)
	at oracle.jdbc.driver.T4CMAREngineNIO.prepareForUnmarshall(T4CMAREngineNIO.java:821)
	at oracle.jdbc.driver.T4CMAREngineNIO.unmarshalUB1(T4CMAREngineNIO.java:486)
	at oracle.jdbc.driver.T4CTTIfun.receive(T4CTTIfun.java:622)
	at oracle.jdbc.driver.T4CTTIfun.doRPC(T4CTTIfun.java:298)
	at oracle.jdbc.driver.T4C8Oall.doOALL(T4C8Oall.java:511)
	at oracle.jdbc.driver.T4CPreparedStatement.doOall8(T4CPreparedStatement.java:162)
	at oracle.jdbc.driver.T4CPreparedStatement.executeForDescribe(T4CPreparedStatement.java:1009)
	... 113 common frames omitted
2026-08-06 14:34:30.346 WARN  [http-nio-8090-exec-3] o.h.e.jdbc.spi.SqlExceptionHelper - SQL Error: 17002, SQLState: 08006
2026-08-06 14:34:30.352 ERROR [http-nio-8090-exec-3] o.h.e.jdbc.spi.SqlExceptionHelper - IO Error: Socket read interrupted
2026-08-06 14:34:30.465 WARN  [http-nio-8090-exec-3] o.h.e.jdbc.spi.SqlExceptionHelper - SQL Error: 0, SQLState: null
2026-08-06 14:34:30.481 ERROR [http-nio-8090-exec-3] o.h.e.jdbc.spi.SqlExceptionHelper - Connection is closed
2026-08-06 14:34:30.493 ERROR [http-nio-8090-exec-3] c.t.n.s.BacklogFailureLogService - Could not persist backlog failure log for batch 21200547 (stage POST): could not prepare statement [Connection is closed] [select tex_backlog_failure_log_seq.nextval from dual]. Original failure: null Encountered while posting Naicom Policy
2026-08-06 14:34:30.556 WARN  [http-nio-8090-exec-3] o.s.w.s.m.s.DefaultHandlerExceptionResolver - Resolved [org.springframework.web.context.request.async.AsyncRequestNotUsableException: ServletOutputStream failed to flush: java.nio.channels.ClosedChannelException]
2026-08-06 14:34:30.591 INFO  [SpringApplicationShutdownHook] o.s.o.j.LocalContainerEntityManagerFactoryBean - Closing JPA EntityManagerFactory for persistence unit 'default'
2026-08-06 14:34:30.686 INFO  [SpringApplicationShutdownHook] com.zaxxer.hikari.HikariDataSource - HikariPool-1 - Shutdown initiated...
2026-08-06 14:34:34.121 INFO  [SpringApplicationShutdownHook] com.zaxxer.hikari.HikariDataSource - HikariPool-1 - Shutdown completed.
2026-08-06 14:34:58.124 INFO  [main] c.t.n.NaicomBacklogPosterApplication - Starting NaicomBacklogPosterApplication v1.0.0 using Java 21.0.10 with PID 15628 (D:\Naicom Posting\naicom-backlog-poster\target\naicom-backlog-poster.jar started by Chumba in D:\Naicom Posting\naicom-backlog-poster\target)
2026-08-06 14:34:58.271 DEBUG [main] c.t.n.NaicomBacklogPosterApplication - Running with Spring Boot v3.2.11, Spring v6.1.14
2026-08-06 14:34:58.351 INFO  [main] c.t.n.NaicomBacklogPosterApplication - No active profile set, falling back to 1 default profile: "default"
2026-08-06 14:35:07.293 INFO  [main] o.s.d.r.c.RepositoryConfigurationDelegate - Bootstrapping Spring Data JPA repositories in DEFAULT mode.
2026-08-06 14:35:07.709 INFO  [main] o.s.d.r.c.RepositoryConfigurationDelegate - Finished Spring Data repository scanning in 361 ms. Found 4 JPA repository interfaces.
2026-08-06 14:35:11.790 INFO  [main] o.s.b.w.e.tomcat.TomcatWebServer - Tomcat initialized with port 8090 (http)
2026-08-06 14:35:11.865 INFO  [main] o.a.catalina.core.StandardService - Starting service [Tomcat]
2026-08-06 14:35:11.865 INFO  [main] o.a.catalina.core.StandardEngine - Starting Servlet engine: [Apache Tomcat/10.1.31]
2026-08-06 14:35:12.093 INFO  [main] o.a.c.c.C.[Tomcat].[localhost].[/] - Initializing Spring embedded WebApplicationContext
2026-08-06 14:35:12.093 INFO  [main] o.s.b.w.s.c.ServletWebServerApplicationContext - Root WebApplicationContext: initialization completed in 12787 ms
2026-08-06 14:35:15.443 INFO  [main] o.h.jpa.internal.util.LogHelper - HHH000204: Processing PersistenceUnitInfo [name: default]
2026-08-06 14:35:16.056 INFO  [main] org.hibernate.Version - HHH000412: Hibernate ORM core version 6.4.10.Final
2026-08-06 14:35:16.434 INFO  [main] o.h.c.i.RegionFactoryInitiator - HHH000026: Second-level cache disabled
2026-08-06 14:35:17.356 INFO  [main] o.s.o.j.p.SpringPersistenceUnitInfo - No LoadTimeWeaver setup: ignoring JPA class transformer
2026-08-06 14:35:17.503 INFO  [main] com.zaxxer.hikari.HikariDataSource - HikariPool-1 - Starting...
2026-08-06 14:35:22.045 INFO  [main] com.zaxxer.hikari.pool.HikariPool - HikariPool-1 - Added connection oracle.jdbc.driver.T4CConnection@4387d2f4
2026-08-06 14:35:22.051 INFO  [main] com.zaxxer.hikari.HikariDataSource - HikariPool-1 - Start completed.
2026-08-06 14:35:23.783 WARN  [main] org.hibernate.orm.deprecation - HHH90000025: OracleDialect does not need to be specified explicitly using 'hibernate.dialect' (remove the property setting and it will be selected by default)
2026-08-06 14:37:04.179 INFO  [main] o.h.e.t.j.p.i.JtaPlatformInitiator - HHH000489: No JTA platform available (set 'hibernate.transaction.jta.platform' to enable JTA platform integration)
2026-08-06 14:37:04.188 INFO  [main] o.s.o.j.LocalContainerEntityManagerFactoryBean - Initialized JPA EntityManagerFactory for persistence unit 'default'
2026-08-06 14:37:07.093 WARN  [main] c.t.n.config.RestClientConfig - naicom.trust-all-ssl is enabled: TLS certificate and hostname verification is DISABLED for NAICOM calls.
2026-08-06 14:37:11.453 INFO  [main] o.s.b.w.e.tomcat.TomcatWebServer - Tomcat started on port 8090 (http) with context path ''
2026-08-06 14:37:11.514 INFO  [main] c.t.n.NaicomBacklogPosterApplication - Started NaicomBacklogPosterApplication in 140.309 seconds (process running for 147.836)
2026-08-06 14:37:13.383 INFO  [http-nio-8090-exec-3] o.a.c.c.C.[Tomcat].[localhost].[/] - Initializing Spring DispatcherServlet 'dispatcherServlet'
2026-08-06 14:37:13.384 INFO  [http-nio-8090-exec-3] o.s.web.servlet.DispatcherServlet - Initializing Servlet 'dispatcherServlet'
2026-08-06 14:37:13.386 INFO  [http-nio-8090-exec-3] o.s.web.servlet.DispatcherServlet - Completed initialization in 1 ms
2026-08-06 14:37:18.159 INFO  [http-nio-8090-exec-1] o.s.api.AbstractOpenApiResource - Init duration for springdoc-openapi is: 3739 ms
2026-08-06 17:41:29.014 WARN  [HikariPool-1 housekeeper] com.zaxxer.hikari.pool.HikariPool - HikariPool-1 - Thread starvation or clock leap detected (housekeeper delta=2m15s998ms708µs200ns).
