2026-09-21 10:27:11.395 INFO  [main] c.t.n.NaicomBacklogPosterApplication - Starting NaicomBacklogPosterApplication using Java 17.0.20.1 with PID 7024 (D:\repos\apis\naicom_posting_backlog\target\classes started by Mutua in D:\repos\apis\naicom_posting_backlog)
2026-09-21 10:27:11.403 INFO  [main] c.t.n.NaicomBacklogPosterApplication - No active profile set, falling back to 1 default profile: "default"
2026-09-21 10:27:27.563 INFO  [main] o.s.d.r.c.RepositoryConfigurationDelegate - Bootstrapping Spring Data JPA repositories in DEFAULT mode.
2026-09-21 10:27:28.236 INFO  [main] o.s.d.r.c.RepositoryConfigurationDelegate - Finished Spring Data repository scanning in 615 ms. Found 4 JPA repository interfaces.
2026-09-21 10:27:34.241 INFO  [main] o.s.b.w.e.tomcat.TomcatWebServer - Tomcat initialized with port 8090 (http)
2026-09-21 10:27:34.333 INFO  [main] o.a.catalina.core.StandardService - Starting service [Tomcat]
2026-09-21 10:27:34.335 INFO  [main] o.a.catalina.core.StandardEngine - Starting Servlet engine: [Apache Tomcat/10.1.31]
2026-09-21 10:27:34.776 INFO  [main] o.a.c.c.C.[Tomcat].[localhost].[/] - Initializing Spring embedded WebApplicationContext
2026-09-21 10:27:34.778 INFO  [main] o.s.b.w.s.c.ServletWebServerApplicationContext - Root WebApplicationContext: initialization completed in 22991 ms
2026-09-21 10:27:35.877 INFO  [main] o.h.jpa.internal.util.LogHelper - HHH000204: Processing PersistenceUnitInfo [name: default]
2026-09-21 10:27:36.516 INFO  [main] org.hibernate.Version - HHH000412: Hibernate ORM core version 6.4.10.Final
2026-09-21 10:27:36.687 INFO  [main] o.h.c.i.RegionFactoryInitiator - HHH000026: Second-level cache disabled
2026-09-21 10:27:38.833 INFO  [main] o.s.o.j.p.SpringPersistenceUnitInfo - No LoadTimeWeaver setup: ignoring JPA class transformer
2026-09-21 10:27:39.178 INFO  [main] com.zaxxer.hikari.HikariDataSource - HikariPool-1 - Starting...
2026-09-21 10:27:43.454 INFO  [main] com.zaxxer.hikari.pool.HikariPool - HikariPool-1 - Added connection oracle.jdbc.driver.T4CConnection@1be3f8f8
2026-09-21 10:27:43.460 INFO  [main] com.zaxxer.hikari.HikariDataSource - HikariPool-1 - Start completed.
2026-09-21 10:27:44.677 WARN  [main] org.hibernate.orm.deprecation - HHH90000025: OracleDialect does not need to be specified explicitly using 'hibernate.dialect' (remove the property setting and it will be selected by default)
2026-09-21 10:27:51.439 INFO  [main] o.h.e.t.j.p.i.JtaPlatformInitiator - HHH000489: No JTA platform available (set 'hibernate.transaction.jta.platform' to enable JTA platform integration)
2026-09-21 10:27:51.446 INFO  [main] o.s.o.j.LocalContainerEntityManagerFactoryBean - Initialized JPA EntityManagerFactory for persistence unit 'default'
2026-09-21 10:27:53.929 INFO  [main] o.s.d.j.r.query.QueryEnhancerFactory - Hibernate is in classpath; If applicable, HQL parser will be used.
2026-09-21 10:27:55.879 WARN  [main] c.t.n.config.RestClientConfig - naicom.trust-all-ssl is enabled: TLS certificate and hostname verification is DISABLED for NAICOM calls.
2026-09-21 10:27:57.841 INFO  [main] o.s.b.w.e.tomcat.TomcatWebServer - Tomcat started on port 8090 (http) with context path ''
2026-09-21 10:27:57.878 INFO  [main] c.t.n.NaicomBacklogPosterApplication - Started NaicomBacklogPosterApplication in 52.665 seconds (process running for 93.9)
2026-09-21 10:28:41.011 INFO  [http-nio-8090-exec-1] o.a.c.c.C.[Tomcat].[localhost].[/] - Initializing Spring DispatcherServlet 'dispatcherServlet'
2026-09-21 10:28:41.011 INFO  [http-nio-8090-exec-1] o.s.web.servlet.DispatcherServlet - Initializing Servlet 'dispatcherServlet'
2026-09-21 10:28:41.014 INFO  [http-nio-8090-exec-1] o.s.web.servlet.DispatcherServlet - Completed initialization in 3 ms
2026-09-21 10:28:41.119 INFO  [http-nio-8090-exec-1] c.t.n.controller.BacklogController - Received /postbacklog request: transactionType=EN, offset=0, limit=5, concurrency=8
2026-09-21 10:28:43.962 INFO  [http-nio-8090-exec-1] c.t.n.dao.PolicyTransactionDao - Fetched 5 backlog batch numbers (offset=0, limit=5) for transaction type EN in 2837 ms
2026-09-21 10:28:43.962 INFO  [http-nio-8090-exec-1] c.t.n.service.BacklogService - Backlog run starting: transactionType=EN, offset=0, count=5, concurrency=8
2026-09-21 10:28:52.931 WARN  [backlog-poster-56] c.t.n.service.BacklogService - 1. FAILURE for Transaction with batch=2021235273, type=EN, action=POST, stage=POST, status=400 BAD_REQUEST, elapsedMs=7941, reason=TEX-400: Burglary coverage Details cannot be null. [1/5 ok=0 fail=1]
2026-09-21 10:29:37.749 WARN  [backlog-poster-53] c.t.n.service.BacklogService - 2. FAILURE for Transaction with batch=2021218777, type=EN, action=POST, stage=POST, status=400 BAD_REQUEST, elapsedMs=52807, reason=1007: Unexpected error. Cannot record policy [2/5 ok=0 fail=2]
2026-09-21 10:29:37.925 WARN  [backlog-poster-54] c.t.n.service.BacklogService - 3. FAILURE for Transaction with batch=2021218783, type=EN, action=POST, stage=POST, status=400 BAD_REQUEST, elapsedMs=52958, reason=1007: Unexpected error. Cannot record policy [3/5 ok=0 fail=3]
2026-09-21 10:29:38.172 WARN  [backlog-poster-55] c.t.n.service.BacklogService - 4. FAILURE for Transaction with batch=2021231305, type=EN, action=POST, stage=POST, status=400 BAD_REQUEST, elapsedMs=53362, reason=1007: Unexpected error. Cannot record policy [4/5 ok=0 fail=4]
2026-09-21 10:29:56.181 ERROR [backlog-poster-57] c.t.n.service.ThirdPartyApiClient - Error posting to NAICOM_POLICY_ENDORSEMENT_URL: timeout
java.net.SocketTimeoutException: timeout
	at okhttp3.internal.http2.Http2Stream$StreamTimeout.newTimeoutException(Http2Stream.kt:675)
	at okhttp3.internal.http2.Http2Stream$StreamTimeout.exitAndThrowIfTimedOut(Http2Stream.kt:684)
	at okhttp3.internal.http2.Http2Stream.takeHeaders(Http2Stream.kt:143)
	at okhttp3.internal.http2.Http2ExchangeCodec.readResponseHeaders(Http2ExchangeCodec.kt:97)
	at okhttp3.internal.connection.Exchange.readResponseHeaders(Exchange.kt:110)
	at okhttp3.internal.http.CallServerInterceptor.intercept(CallServerInterceptor.kt:93)
	at okhttp3.internal.http.RealInterceptorChain.proceed(RealInterceptorChain.kt:109)
	at okhttp3.internal.connection.ConnectInterceptor.intercept(ConnectInterceptor.kt:34)
	at okhttp3.internal.http.RealInterceptorChain.proceed(RealInterceptorChain.kt:109)
	at okhttp3.internal.cache.CacheInterceptor.intercept(CacheInterceptor.kt:95)
	at okhttp3.internal.http.RealInterceptorChain.proceed(RealInterceptorChain.kt:109)
	at okhttp3.internal.http.BridgeInterceptor.intercept(BridgeInterceptor.kt:83)
	at okhttp3.internal.http.RealInterceptorChain.proceed(RealInterceptorChain.kt:109)
	at okhttp3.internal.http.RetryAndFollowUpInterceptor.intercept(RetryAndFollowUpInterceptor.kt:76)
	at okhttp3.internal.http.RealInterceptorChain.proceed(RealInterceptorChain.kt:109)
	at okhttp3.internal.connection.RealCall.getResponseWithInterceptorChain$okhttp(RealCall.kt:201)
	at okhttp3.internal.connection.RealCall.execute(RealCall.kt:154)
	at com.turnkey.naicombacklog.service.ThirdPartyApiClient.postTransaction(ThirdPartyApiClient.java:37)
	at com.turnkey.naicombacklog.service.NaicomPostingService.endorseProductPolicy(NaicomPostingService.java:490)
	at com.turnkey.naicombacklog.service.NaicomPostingService.endorsePolicy(NaicomPostingService.java:314)
	at com.turnkey.naicombacklog.service.BacklogService.post(BacklogService.java:261)
	at com.turnkey.naicombacklog.service.BacklogService.processBacklog(BacklogService.java:191)
	at com.turnkey.naicombacklog.service.BacklogService.lambda$processConcurrently$1(BacklogService.java:303)
	at java.base/java.util.concurrent.FutureTask.run$$$capture(FutureTask.java:264)
	at java.base/java.util.concurrent.FutureTask.run(FutureTask.java)
	at java.base/java.util.concurrent.ThreadPoolExecutor.runWorker(ThreadPoolExecutor.java:1136)
	at java.base/java.util.concurrent.ThreadPoolExecutor$Worker.run(ThreadPoolExecutor.java:635)
	at java.base/java.lang.Thread.run(Thread.java:840)
2026-09-21 10:29:57.943 WARN  [backlog-poster-57] c.t.n.service.BacklogService - 5. FAILURE for Transaction with batch=2021236897, type=EN, action=ENDORSE, stage=POST, status=408 REQUEST_TIMEOUT, elapsedMs=72218, reason=timeout Encountered while posting Naicom Policy [5/5 ok=0 fail=5]
2026-09-21 10:29:57.948 INFO  [http-nio-8090-exec-1] c.t.n.service.BacklogService - Backlog run finished: transactionType=EN, offset=0, count=5, succeeded=0, failed=5, elapsedMs=76829 (15365 ms/policy)
2026-09-21 10:30:25.524 INFO  [http-nio-8090-exec-4] c.t.n.controller.BacklogController - Received /postbacklog request: transactionType=EN, offset=0, limit=5, concurrency=8
2026-09-21 10:30:27.823 INFO  [http-nio-8090-exec-4] c.t.n.dao.PolicyTransactionDao - Fetched 5 backlog batch numbers (offset=0, limit=5) for transaction type EN in 2297 ms
2026-09-21 10:30:27.823 INFO  [http-nio-8090-exec-4] c.t.n.service.BacklogService - Backlog run starting: transactionType=EN, offset=0, count=5, concurrency=8
2026-09-21 10:30:32.996 WARN  [backlog-poster-85] c.t.n.service.BacklogService - 1. FAILURE for Transaction with batch=2021235273, type=EN, action=POST, stage=POST, status=400 BAD_REQUEST, elapsedMs=4364, reason=TEX-400: Burglary coverage Details cannot be null. [1/5 ok=0 fail=1]
2026-09-21 10:30:35.574 INFO  [backlog-poster-84] c.t.n.service.BacklogService - 2. SUCCESS for Transaction with batch=2021231305, type=EN, action=POST, status=201 CREATED, uniqueId=029260184119754031, elapsedMs=7749 [2/5 ok=1 fail=1]
2026-09-21 10:30:35.757 INFO  [backlog-poster-83] c.t.n.service.BacklogService - 3. SUCCESS for Transaction with batch=2021218783, type=EN, action=POST, status=201 CREATED, uniqueId=029260048119754032, elapsedMs=7934 [3/5 ok=2 fail=1]
2026-09-21 10:30:36.176 INFO  [backlog-poster-82] c.t.n.service.BacklogService - 4. SUCCESS for Transaction with batch=2021218777, type=EN, action=POST, status=201 CREATED, uniqueId=029260357119754033, elapsedMs=8353 [4/5 ok=3 fail=1]
2026-09-21 10:30:37.933 INFO  [backlog-poster-86] c.t.n.service.BacklogService - 5. SUCCESS for Transaction with batch=2021236897, type=EN, action=ENDORSE, status=200 OK, uniqueId=029260023119529197, elapsedMs=10108 [5/5 ok=4 fail=1]
2026-09-21 10:30:37.933 INFO  [http-nio-8090-exec-4] c.t.n.service.BacklogService - Backlog run finished: transactionType=EN, offset=0, count=5, succeeded=4, failed=1, elapsedMs=12409 (2481 ms/policy)
2026-09-21 10:30:46.924 INFO  [http-nio-8090-exec-6] c.t.n.controller.BacklogController - Received /postbacklog request: transactionType=EN, offset=0, limit=5, concurrency=8
2026-09-21 10:30:48.699 INFO  [http-nio-8090-exec-6] c.t.n.dao.PolicyTransactionDao - Fetched 5 backlog batch numbers (offset=0, limit=5) for transaction type EN in 1775 ms
2026-09-21 10:30:48.699 INFO  [http-nio-8090-exec-6] c.t.n.service.BacklogService - Backlog run starting: transactionType=EN, offset=0, count=5, concurrency=8
2026-09-21 10:30:55.518 INFO  [backlog-poster-101] c.t.n.service.BacklogService - 1. SUCCESS for Transaction with batch=2021240717, type=EN, action=POST, status=201 CREATED, uniqueId=029260361119754042, elapsedMs=6814 [1/5 ok=1 fail=0]
2026-09-21 10:30:55.772 INFO  [backlog-poster-100] c.t.n.service.BacklogService - 2. SUCCESS for Transaction with batch=2021239336, type=EN, action=POST, status=201 CREATED, uniqueId=029260357119754043, elapsedMs=7069 [2/5 ok=2 fail=0]
2026-09-21 10:30:58.770 INFO  [backlog-poster-99] c.t.n.service.BacklogService - 3. SUCCESS for Transaction with batch=2021238799, type=EN, action=TERMINATE, status=200 OK, uniqueId=null, elapsedMs=10067 [3/5 ok=3 fail=0]
2026-09-21 10:30:59.444 INFO  [backlog-poster-103] c.t.n.service.BacklogService - 4. SUCCESS for Transaction with batch=2022242776, type=EN, action=ENDORSE, status=200 OK, uniqueId=029230361014532939, elapsedMs=10740 [4/5 ok=4 fail=0]
2026-09-21 10:30:59.641 INFO  [backlog-poster-102] c.t.n.service.BacklogService - 5. SUCCESS for Transaction with batch=2021242556, type=EN, action=ENDORSE, status=200 OK, uniqueId=029250357068532355, elapsedMs=10936 [5/5 ok=5 fail=0]
2026-09-21 10:30:59.641 INFO  [http-nio-8090-exec-6] c.t.n.service.BacklogService - Backlog run finished: transactionType=EN, offset=0, count=5, succeeded=5, failed=0, elapsedMs=12717 (2543 ms/policy)
2026-09-21 10:31:13.637 INFO  [http-nio-8090-exec-7] c.t.n.controller.BacklogController - Received /postbacklog request: transactionType=EN, offset=0, limit=10, concurrency=8
2026-09-21 10:31:15.343 INFO  [http-nio-8090-exec-7] c.t.n.dao.PolicyTransactionDao - Fetched 10 backlog batch numbers (offset=0, limit=10) for transaction type EN in 1706 ms
2026-09-21 10:31:15.343 INFO  [http-nio-8090-exec-7] c.t.n.service.BacklogService - Backlog run starting: transactionType=EN, offset=0, count=10, concurrency=8
2026-09-21 10:31:20.656 INFO  [backlog-poster-122] c.t.n.service.BacklogService - 1. SUCCESS for Transaction with batch=2022242906, type=EN, action=POST, status=201 CREATED, uniqueId=029260361119754053, elapsedMs=5312 [1/10 ok=1 fail=0]
2026-09-21 10:31:20.920 INFO  [backlog-poster-120] c.t.n.service.BacklogService - 2. SUCCESS for Transaction with batch=2022242801, type=EN, action=POST, status=201 CREATED, uniqueId=029260361119754055, elapsedMs=5577 [2/10 ok=2 fail=0]
2026-09-21 10:31:21.051 INFO  [backlog-poster-124] c.t.n.service.BacklogService - 3. SUCCESS for Transaction with batch=2022242918, type=EN, action=POST, status=201 CREATED, uniqueId=029260357119754054, elapsedMs=5707 [3/10 ok=3 fail=0]
2026-09-21 10:31:21.425 INFO  [backlog-poster-123] c.t.n.service.BacklogService - 4. SUCCESS for Transaction with batch=2022242914, type=EN, action=POST, status=201 CREATED, uniqueId=029260361119754056, elapsedMs=6081 [4/10 ok=4 fail=0]
2026-09-21 10:31:23.181 INFO  [backlog-poster-119] c.t.n.service.BacklogService - 5. SUCCESS for Transaction with batch=2021238799, type=EN, action=TERMINATE, status=200 OK, uniqueId=null, elapsedMs=7838 [5/10 ok=5 fail=0]
2026-09-21 10:31:24.408 INFO  [backlog-poster-127] c.t.n.service.BacklogService - 6. SUCCESS for Transaction with batch=2022242928, type=EN, action=TERMINATE, status=200 OK, uniqueId=null, elapsedMs=9063 [6/10 ok=6 fail=0]
2026-09-21 10:31:24.928 INFO  [backlog-poster-121] c.t.n.service.BacklogService - 7. SUCCESS for Transaction with batch=2022242848, type=EN, action=ENDORSE, status=200 OK, uniqueId=029240361002018560, elapsedMs=9584 [7/10 ok=7 fail=0]
2026-09-21 10:31:25.438 INFO  [backlog-poster-126] c.t.n.service.BacklogService - 8. SUCCESS for Transaction with batch=2022242924, type=EN, action=ENDORSE, status=200 OK, uniqueId=029240361002018714, elapsedMs=10094 [8/10 ok=8 fail=0]
2026-09-21 10:31:30.256 INFO  [backlog-poster-122] c.t.n.service.BacklogService - 10. SUCCESS for Transaction with batch=2022242937, type=EN, action=TERMINATE, status=200 OK, uniqueId=null, elapsedMs=9600 [10/10 ok=10 fail=0]
2026-09-21 10:31:30.256 INFO  [backlog-poster-120] c.t.n.service.BacklogService - 9. SUCCESS for Transaction with batch=2022242941, type=EN, action=ENDORSE, status=200 OK, uniqueId=029230361014532939, elapsedMs=9336 [9/10 ok=9 fail=0]
2026-09-21 10:31:30.256 INFO  [http-nio-8090-exec-7] c.t.n.service.BacklogService - Backlog run finished: transactionType=EN, offset=0, count=10, succeeded=10, failed=0, elapsedMs=16619 (1661 ms/policy)
2026-09-21 10:32:28.239 INFO  [http-nio-8090-exec-9] c.t.n.controller.BacklogController - Received /postbacklog request: transactionType=EN, offset=0, limit=50, concurrency=8
2026-09-21 10:32:29.827 INFO  [http-nio-8090-exec-9] c.t.n.dao.PolicyTransactionDao - Fetched 50 backlog batch numbers (offset=0, limit=50) for transaction type EN in 1588 ms
2026-09-21 10:32:29.827 INFO  [http-nio-8090-exec-9] c.t.n.service.BacklogService - Backlog run starting: transactionType=EN, offset=0, count=50, concurrency=8
2026-09-21 10:33:35.015 ERROR [backlog-poster-147] c.t.n.service.ThirdPartyApiClient - Error posting to NAICOM_POLICY_TERMINATION_URL: timeout
java.net.SocketTimeoutException: timeout
	at okhttp3.internal.http2.Http2Stream$StreamTimeout.newTimeoutException(Http2Stream.kt:675)
	at okhttp3.internal.http2.Http2Stream$StreamTimeout.exitAndThrowIfTimedOut(Http2Stream.kt:684)
	at okhttp3.internal.http2.Http2Stream.takeHeaders(Http2Stream.kt:143)
	at okhttp3.internal.http2.Http2ExchangeCodec.readResponseHeaders(Http2ExchangeCodec.kt:97)
	at okhttp3.internal.connection.Exchange.readResponseHeaders(Exchange.kt:110)
	at okhttp3.internal.http.CallServerInterceptor.intercept(CallServerInterceptor.kt:93)
	at okhttp3.internal.http.RealInterceptorChain.proceed(RealInterceptorChain.kt:109)
	at okhttp3.internal.connection.ConnectInterceptor.intercept(ConnectInterceptor.kt:34)
	at okhttp3.internal.http.RealInterceptorChain.proceed(RealInterceptorChain.kt:109)
	at okhttp3.internal.cache.CacheInterceptor.intercept(CacheInterceptor.kt:95)
	at okhttp3.internal.http.RealInterceptorChain.proceed(RealInterceptorChain.kt:109)
	at okhttp3.internal.http.BridgeInterceptor.intercept(BridgeInterceptor.kt:83)
	at okhttp3.internal.http.RealInterceptorChain.proceed(RealInterceptorChain.kt:109)
	at okhttp3.internal.http.RetryAndFollowUpInterceptor.intercept(RetryAndFollowUpInterceptor.kt:76)
	at okhttp3.internal.http.RealInterceptorChain.proceed(RealInterceptorChain.kt:109)
	at okhttp3.internal.connection.RealCall.getResponseWithInterceptorChain$okhttp(RealCall.kt:201)
	at okhttp3.internal.connection.RealCall.execute(RealCall.kt:154)
	at com.turnkey.naicombacklog.service.ThirdPartyApiClient.postTransaction(ThirdPartyApiClient.java:37)
	at com.turnkey.naicombacklog.service.NaicomPostingService.terminateNaicomPolicy(NaicomPostingService.java:748)
	at com.turnkey.naicombacklog.service.BacklogService.post(BacklogService.java:263)
	at com.turnkey.naicombacklog.service.BacklogService.processBacklog(BacklogService.java:191)
	at com.turnkey.naicombacklog.service.BacklogService.lambda$processConcurrently$1(BacklogService.java:303)
	at java.base/java.util.concurrent.FutureTask.run$$$capture(FutureTask.java:264)
	at java.base/java.util.concurrent.FutureTask.run(FutureTask.java)
	at java.base/java.util.concurrent.ThreadPoolExecutor.runWorker(ThreadPoolExecutor.java:1136)
	at java.base/java.util.concurrent.ThreadPoolExecutor$Worker.run(ThreadPoolExecutor.java:635)
	at java.base/java.lang.Thread.run(Thread.java:840)
2026-09-21 10:33:35.029 ERROR [backlog-poster-151] c.t.n.service.ThirdPartyApiClient - Error posting to NAICOM_POLICY_TERMINATION_URL: timeout
java.net.SocketTimeoutException: timeout
	at okhttp3.internal.http2.Http2Stream$StreamTimeout.newTimeoutException(Http2Stream.kt:675)
	at okhttp3.internal.http2.Http2Stream$StreamTimeout.exitAndThrowIfTimedOut(Http2Stream.kt:684)
	at okhttp3.internal.http2.Http2Stream.takeHeaders(Http2Stream.kt:143)
	at okhttp3.internal.http2.Http2ExchangeCodec.readResponseHeaders(Http2ExchangeCodec.kt:97)
	at okhttp3.internal.connection.Exchange.readResponseHeaders(Exchange.kt:110)
	at okhttp3.internal.http.CallServerInterceptor.intercept(CallServerInterceptor.kt:93)
	at okhttp3.internal.http.RealInterceptorChain.proceed(RealInterceptorChain.kt:109)
	at okhttp3.internal.connection.ConnectInterceptor.intercept(ConnectInterceptor.kt:34)
	at okhttp3.internal.http.RealInterceptorChain.proceed(RealInterceptorChain.kt:109)
	at okhttp3.internal.cache.CacheInterceptor.intercept(CacheInterceptor.kt:95)
	at okhttp3.internal.http.RealInterceptorChain.proceed(RealInterceptorChain.kt:109)
	at okhttp3.internal.http.BridgeInterceptor.intercept(BridgeInterceptor.kt:83)
	at okhttp3.internal.http.RealInterceptorChain.proceed(RealInterceptorChain.kt:109)
	at okhttp3.internal.http.RetryAndFollowUpInterceptor.intercept(RetryAndFollowUpInterceptor.kt:76)
	at okhttp3.internal.http.RealInterceptorChain.proceed(RealInterceptorChain.kt:109)
	at okhttp3.internal.connection.RealCall.getResponseWithInterceptorChain$okhttp(RealCall.kt:201)
	at okhttp3.internal.connection.RealCall.execute(RealCall.kt:154)
	at com.turnkey.naicombacklog.service.ThirdPartyApiClient.postTransaction(ThirdPartyApiClient.java:37)
	at com.turnkey.naicombacklog.service.NaicomPostingService.terminateNaicomPolicy(NaicomPostingService.java:748)
	at com.turnkey.naicombacklog.service.BacklogService.post(BacklogService.java:263)
	at com.turnkey.naicombacklog.service.BacklogService.processBacklog(BacklogService.java:191)
	at com.turnkey.naicombacklog.service.BacklogService.lambda$processConcurrently$1(BacklogService.java:303)
	at java.base/java.util.concurrent.FutureTask.run$$$capture(FutureTask.java:264)
	at java.base/java.util.concurrent.FutureTask.run(FutureTask.java)
	at java.base/java.util.concurrent.ThreadPoolExecutor.runWorker(ThreadPoolExecutor.java:1136)
	at java.base/java.util.concurrent.ThreadPoolExecutor$Worker.run(ThreadPoolExecutor.java:635)
	at java.base/java.lang.Thread.run(Thread.java:840)
2026-09-21 10:33:35.149 ERROR [backlog-poster-148] c.t.n.service.ThirdPartyApiClient - Error posting to NAICOM_POLICY_TERMINATION_URL: timeout
java.net.SocketTimeoutException: timeout
	at okhttp3.internal.http2.Http2Stream$StreamTimeout.newTimeoutException(Http2Stream.kt:675)
	at okhttp3.internal.http2.Http2Stream$StreamTimeout.exitAndThrowIfTimedOut(Http2Stream.kt:684)
	at okhttp3.internal.http2.Http2Stream.takeHeaders(Http2Stream.kt:143)
	at okhttp3.internal.http2.Http2ExchangeCodec.readResponseHeaders(Http2ExchangeCodec.kt:97)
	at okhttp3.internal.connection.Exchange.readResponseHeaders(Exchange.kt:110)
	at okhttp3.internal.http.CallServerInterceptor.intercept(CallServerInterceptor.kt:93)
	at okhttp3.internal.http.RealInterceptorChain.proceed(RealInterceptorChain.kt:109)
	at okhttp3.internal.connection.ConnectInterceptor.intercept(ConnectInterceptor.kt:34)
	at okhttp3.internal.http.RealInterceptorChain.proceed(RealInterceptorChain.kt:109)
	at okhttp3.internal.cache.CacheInterceptor.intercept(CacheInterceptor.kt:95)
	at okhttp3.internal.http.RealInterceptorChain.proceed(RealInterceptorChain.kt:109)
	at okhttp3.internal.http.BridgeInterceptor.intercept(BridgeInterceptor.kt:83)
	at okhttp3.internal.http.RealInterceptorChain.proceed(RealInterceptorChain.kt:109)
	at okhttp3.internal.http.RetryAndFollowUpInterceptor.intercept(RetryAndFollowUpInterceptor.kt:76)
	at okhttp3.internal.http.RealInterceptorChain.proceed(RealInterceptorChain.kt:109)
	at okhttp3.internal.connection.RealCall.getResponseWithInterceptorChain$okhttp(RealCall.kt:201)
	at okhttp3.internal.connection.RealCall.execute(RealCall.kt:154)
	at com.turnkey.naicombacklog.service.ThirdPartyApiClient.postTransaction(ThirdPartyApiClient.java:37)
	at com.turnkey.naicombacklog.service.NaicomPostingService.terminateNaicomPolicy(NaicomPostingService.java:748)
	at com.turnkey.naicombacklog.service.BacklogService.post(BacklogService.java:263)
	at com.turnkey.naicombacklog.service.BacklogService.processBacklog(BacklogService.java:191)
	at com.turnkey.naicombacklog.service.BacklogService.lambda$processConcurrently$1(BacklogService.java:303)
	at java.base/java.util.concurrent.FutureTask.run$$$capture(FutureTask.java:264)
	at java.base/java.util.concurrent.FutureTask.run(FutureTask.java)
	at java.base/java.util.concurrent.ThreadPoolExecutor.runWorker(ThreadPoolExecutor.java:1136)
	at java.base/java.util.concurrent.ThreadPoolExecutor$Worker.run(ThreadPoolExecutor.java:635)
	at java.base/java.lang.Thread.run(Thread.java:840)
2026-09-21 10:33:35.278 ERROR [backlog-poster-152] c.t.n.service.ThirdPartyApiClient - Error posting to NAICOM_POLICY_TERMINATION_URL: timeout
java.net.SocketTimeoutException: timeout
	at okhttp3.internal.http2.Http2Stream$StreamTimeout.newTimeoutException(Http2Stream.kt:675)
	at okhttp3.internal.http2.Http2Stream$StreamTimeout.exitAndThrowIfTimedOut(Http2Stream.kt:684)
	at okhttp3.internal.http2.Http2Stream.takeHeaders(Http2Stream.kt:143)
	at okhttp3.internal.http2.Http2ExchangeCodec.readResponseHeaders(Http2ExchangeCodec.kt:97)
	at okhttp3.internal.connection.Exchange.readResponseHeaders(Exchange.kt:110)
	at okhttp3.internal.http.CallServerInterceptor.intercept(CallServerInterceptor.kt:93)
	at okhttp3.internal.http.RealInterceptorChain.proceed(RealInterceptorChain.kt:109)
	at okhttp3.internal.connection.ConnectInterceptor.intercept(ConnectInterceptor.kt:34)
	at okhttp3.internal.http.RealInterceptorChain.proceed(RealInterceptorChain.kt:109)
	at okhttp3.internal.cache.CacheInterceptor.intercept(CacheInterceptor.kt:95)
	at okhttp3.internal.http.RealInterceptorChain.proceed(RealInterceptorChain.kt:109)
	at okhttp3.internal.http.BridgeInterceptor.intercept(BridgeInterceptor.kt:83)
	at okhttp3.internal.http.RealInterceptorChain.proceed(RealInterceptorChain.kt:109)
	at okhttp3.internal.http.RetryAndFollowUpInterceptor.intercept(RetryAndFollowUpInterceptor.kt:76)
	at okhttp3.internal.http.RealInterceptorChain.proceed(RealInterceptorChain.kt:109)
	at okhttp3.internal.connection.RealCall.getResponseWithInterceptorChain$okhttp(RealCall.kt:201)
	at okhttp3.internal.connection.RealCall.execute(RealCall.kt:154)
	at com.turnkey.naicombacklog.service.ThirdPartyApiClient.postTransaction(ThirdPartyApiClient.java:37)
	at com.turnkey.naicombacklog.service.NaicomPostingService.terminateNaicomPolicy(NaicomPostingService.java:748)
	at com.turnkey.naicombacklog.service.BacklogService.post(BacklogService.java:263)
	at com.turnkey.naicombacklog.service.BacklogService.processBacklog(BacklogService.java:191)
	at com.turnkey.naicombacklog.service.BacklogService.lambda$processConcurrently$1(BacklogService.java:303)
	at java.base/java.util.concurrent.FutureTask.run$$$capture(FutureTask.java:264)
	at java.base/java.util.concurrent.FutureTask.run(FutureTask.java)
	at java.base/java.util.concurrent.ThreadPoolExecutor.runWorker(ThreadPoolExecutor.java:1136)
	at java.base/java.util.concurrent.ThreadPoolExecutor$Worker.run(ThreadPoolExecutor.java:635)
	at java.base/java.lang.Thread.run(Thread.java:840)
2026-09-21 10:33:35.411 ERROR [backlog-poster-149] c.t.n.service.ThirdPartyApiClient - Error posting to NAICOM_POLICY_TERMINATION_URL: timeout
java.net.SocketTimeoutException: timeout
	at okhttp3.internal.http2.Http2Stream$StreamTimeout.newTimeoutException(Http2Stream.kt:675)
	at okhttp3.internal.http2.Http2Stream$StreamTimeout.exitAndThrowIfTimedOut(Http2Stream.kt:684)
	at okhttp3.internal.http2.Http2Stream.takeHeaders(Http2Stream.kt:143)
	at okhttp3.internal.http2.Http2ExchangeCodec.readResponseHeaders(Http2ExchangeCodec.kt:97)
	at okhttp3.internal.connection.Exchange.readResponseHeaders(Exchange.kt:110)
	at okhttp3.internal.http.CallServerInterceptor.intercept(CallServerInterceptor.kt:93)
	at okhttp3.internal.http.RealInterceptorChain.proceed(RealInterceptorChain.kt:109)
	at okhttp3.internal.connection.ConnectInterceptor.intercept(ConnectInterceptor.kt:34)
	at okhttp3.internal.http.RealInterceptorChain.proceed(RealInterceptorChain.kt:109)
	at okhttp3.internal.cache.CacheInterceptor.intercept(CacheInterceptor.kt:95)
	at okhttp3.internal.http.RealInterceptorChain.proceed(RealInterceptorChain.kt:109)
	at okhttp3.internal.http.BridgeInterceptor.intercept(BridgeInterceptor.kt:83)
	at okhttp3.internal.http.RealInterceptorChain.proceed(RealInterceptorChain.kt:109)
	at okhttp3.internal.http.RetryAndFollowUpInterceptor.intercept(RetryAndFollowUpInterceptor.kt:76)
	at okhttp3.internal.http.RealInterceptorChain.proceed(RealInterceptorChain.kt:109)
	at okhttp3.internal.connection.RealCall.getResponseWithInterceptorChain$okhttp(RealCall.kt:201)
	at okhttp3.internal.connection.RealCall.execute(RealCall.kt:154)
	at com.turnkey.naicombacklog.service.ThirdPartyApiClient.postTransaction(ThirdPartyApiClient.java:37)
	at com.turnkey.naicombacklog.service.NaicomPostingService.terminateNaicomPolicy(NaicomPostingService.java:748)
	at com.turnkey.naicombacklog.service.BacklogService.post(BacklogService.java:263)
	at com.turnkey.naicombacklog.service.BacklogService.processBacklog(BacklogService.java:191)
	at com.turnkey.naicombacklog.service.BacklogService.lambda$processConcurrently$1(BacklogService.java:303)
	at java.base/java.util.concurrent.FutureTask.run$$$capture(FutureTask.java:264)
	at java.base/java.util.concurrent.FutureTask.run(FutureTask.java)
	at java.base/java.util.concurrent.ThreadPoolExecutor.runWorker(ThreadPoolExecutor.java:1136)
	at java.base/java.util.concurrent.ThreadPoolExecutor$Worker.run(ThreadPoolExecutor.java:635)
	at java.base/java.lang.Thread.run(Thread.java:840)
2026-09-21 10:33:35.414 ERROR [backlog-poster-150] c.t.n.service.ThirdPartyApiClient - Error posting to NAICOM_POLICY_ENDORSEMENT_URL: timeout
java.net.SocketTimeoutException: timeout
	at okhttp3.internal.http2.Http2Stream$StreamTimeout.newTimeoutException(Http2Stream.kt:675)
	at okhttp3.internal.http2.Http2Stream$StreamTimeout.exitAndThrowIfTimedOut(Http2Stream.kt:684)
	at okhttp3.internal.http2.Http2Stream.takeHeaders(Http2Stream.kt:143)
	at okhttp3.internal.http2.Http2ExchangeCodec.readResponseHeaders(Http2ExchangeCodec.kt:97)
	at okhttp3.internal.connection.Exchange.readResponseHeaders(Exchange.kt:110)
	at okhttp3.internal.http.CallServerInterceptor.intercept(CallServerInterceptor.kt:93)
	at okhttp3.internal.http.RealInterceptorChain.proceed(RealInterceptorChain.kt:109)
	at okhttp3.internal.connection.ConnectInterceptor.intercept(ConnectInterceptor.kt:34)
	at okhttp3.internal.http.RealInterceptorChain.proceed(RealInterceptorChain.kt:109)
	at okhttp3.internal.cache.CacheInterceptor.intercept(CacheInterceptor.kt:95)
	at okhttp3.internal.http.RealInterceptorChain.proceed(RealInterceptorChain.kt:109)
	at okhttp3.internal.http.BridgeInterceptor.intercept(BridgeInterceptor.kt:83)
	at okhttp3.internal.http.RealInterceptorChain.proceed(RealInterceptorChain.kt:109)
	at okhttp3.internal.http.RetryAndFollowUpInterceptor.intercept(RetryAndFollowUpInterceptor.kt:76)
	at okhttp3.internal.http.RealInterceptorChain.proceed(RealInterceptorChain.kt:109)
	at okhttp3.internal.connection.RealCall.getResponseWithInterceptorChain$okhttp(RealCall.kt:201)
	at okhttp3.internal.connection.RealCall.execute(RealCall.kt:154)
	at com.turnkey.naicombacklog.service.ThirdPartyApiClient.postTransaction(ThirdPartyApiClient.java:37)
	at com.turnkey.naicombacklog.service.NaicomPostingService.endorseAutoPolicy(NaicomPostingService.java:577)
	at com.turnkey.naicombacklog.service.NaicomPostingService.endorsePolicy(NaicomPostingService.java:307)
	at com.turnkey.naicombacklog.service.BacklogService.post(BacklogService.java:261)
	at com.turnkey.naicombacklog.service.BacklogService.processBacklog(BacklogService.java:191)
	at com.turnkey.naicombacklog.service.BacklogService.lambda$processConcurrently$1(BacklogService.java:303)
	at java.base/java.util.concurrent.FutureTask.run$$$capture(FutureTask.java:264)
	at java.base/java.util.concurrent.FutureTask.run(FutureTask.java)
	at java.base/java.util.concurrent.ThreadPoolExecutor.runWorker(ThreadPoolExecutor.java:1136)
	at java.base/java.util.concurrent.ThreadPoolExecutor$Worker.run(ThreadPoolExecutor.java:635)
	at java.base/java.lang.Thread.run(Thread.java:840)
2026-09-21 10:33:35.589 ERROR [backlog-poster-153] c.t.n.service.ThirdPartyApiClient - Error posting to NAICOM_POLICY_ENDORSEMENT_URL: timeout
java.net.SocketTimeoutException: timeout
	at okhttp3.internal.http2.Http2Stream$StreamTimeout.newTimeoutException(Http2Stream.kt:675)
	at okhttp3.internal.http2.Http2Stream$StreamTimeout.exitAndThrowIfTimedOut(Http2Stream.kt:684)
	at okhttp3.internal.http2.Http2Stream.takeHeaders(Http2Stream.kt:143)
	at okhttp3.internal.http2.Http2ExchangeCodec.readResponseHeaders(Http2ExchangeCodec.kt:97)
	at okhttp3.internal.connection.Exchange.readResponseHeaders(Exchange.kt:110)
	at okhttp3.internal.http.CallServerInterceptor.intercept(CallServerInterceptor.kt:93)
	at okhttp3.internal.http.RealInterceptorChain.proceed(RealInterceptorChain.kt:109)
	at okhttp3.internal.connection.ConnectInterceptor.intercept(ConnectInterceptor.kt:34)
	at okhttp3.internal.http.RealInterceptorChain.proceed(RealInterceptorChain.kt:109)
	at okhttp3.internal.cache.CacheInterceptor.intercept(CacheInterceptor.kt:95)
	at okhttp3.internal.http.RealInterceptorChain.proceed(RealInterceptorChain.kt:109)
	at okhttp3.internal.http.BridgeInterceptor.intercept(BridgeInterceptor.kt:83)
	at okhttp3.internal.http.RealInterceptorChain.proceed(RealInterceptorChain.kt:109)
	at okhttp3.internal.http.RetryAndFollowUpInterceptor.intercept(RetryAndFollowUpInterceptor.kt:76)
	at okhttp3.internal.http.RealInterceptorChain.proceed(RealInterceptorChain.kt:109)
	at okhttp3.internal.connection.RealCall.getResponseWithInterceptorChain$okhttp(RealCall.kt:201)
	at okhttp3.internal.connection.RealCall.execute(RealCall.kt:154)
	at com.turnkey.naicombacklog.service.ThirdPartyApiClient.postTransaction(ThirdPartyApiClient.java:37)
	at com.turnkey.naicombacklog.service.NaicomPostingService.endorseAutoPolicy(NaicomPostingService.java:577)
	at com.turnkey.naicombacklog.service.NaicomPostingService.endorsePolicy(NaicomPostingService.java:307)
	at com.turnkey.naicombacklog.service.BacklogService.post(BacklogService.java:261)
	at com.turnkey.naicombacklog.service.BacklogService.processBacklog(BacklogService.java:191)
	at com.turnkey.naicombacklog.service.BacklogService.lambda$processConcurrently$1(BacklogService.java:303)
	at java.base/java.util.concurrent.FutureTask.run$$$capture(FutureTask.java:264)
	at java.base/java.util.concurrent.FutureTask.run(FutureTask.java)
	at java.base/java.util.concurrent.ThreadPoolExecutor.runWorker(ThreadPoolExecutor.java:1136)
	at java.base/java.util.concurrent.ThreadPoolExecutor$Worker.run(ThreadPoolExecutor.java:635)
	at java.base/java.lang.Thread.run(Thread.java:840)
2026-09-21 10:33:35.589 ERROR [backlog-poster-146] c.t.n.service.ThirdPartyApiClient - Error posting to NAICOM_POLICY_TERMINATION_URL: timeout
java.net.SocketTimeoutException: timeout
	at okhttp3.internal.http2.Http2Stream$StreamTimeout.newTimeoutException(Http2Stream.kt:675)
	at okhttp3.internal.http2.Http2Stream$StreamTimeout.exitAndThrowIfTimedOut(Http2Stream.kt:684)
	at okhttp3.internal.http2.Http2Stream.takeHeaders(Http2Stream.kt:143)
	at okhttp3.internal.http2.Http2ExchangeCodec.readResponseHeaders(Http2ExchangeCodec.kt:97)
	at okhttp3.internal.connection.Exchange.readResponseHeaders(Exchange.kt:110)
	at okhttp3.internal.http.CallServerInterceptor.intercept(CallServerInterceptor.kt:93)
	at okhttp3.internal.http.RealInterceptorChain.proceed(RealInterceptorChain.kt:109)
	at okhttp3.internal.connection.ConnectInterceptor.intercept(ConnectInterceptor.kt:34)
	at okhttp3.internal.http.RealInterceptorChain.proceed(RealInterceptorChain.kt:109)
	at okhttp3.internal.cache.CacheInterceptor.intercept(CacheInterceptor.kt:95)
	at okhttp3.internal.http.RealInterceptorChain.proceed(RealInterceptorChain.kt:109)
	at okhttp3.internal.http.BridgeInterceptor.intercept(BridgeInterceptor.kt:83)
	at okhttp3.internal.http.RealInterceptorChain.proceed(RealInterceptorChain.kt:109)
	at okhttp3.internal.http.RetryAndFollowUpInterceptor.intercept(RetryAndFollowUpInterceptor.kt:76)
	at okhttp3.internal.http.RealInterceptorChain.proceed(RealInterceptorChain.kt:109)
	at okhttp3.internal.connection.RealCall.getResponseWithInterceptorChain$okhttp(RealCall.kt:201)
	at okhttp3.internal.connection.RealCall.execute(RealCall.kt:154)
	at com.turnkey.naicombacklog.service.ThirdPartyApiClient.postTransaction(ThirdPartyApiClient.java:37)
	at com.turnkey.naicombacklog.service.NaicomPostingService.terminateNaicomPolicy(NaicomPostingService.java:748)
	at com.turnkey.naicombacklog.service.BacklogService.post(BacklogService.java:263)
	at com.turnkey.naicombacklog.service.BacklogService.processBacklog(BacklogService.java:191)
	at com.turnkey.naicombacklog.service.BacklogService.lambda$processConcurrently$1(BacklogService.java:303)
	at java.base/java.util.concurrent.FutureTask.run$$$capture(FutureTask.java:264)
	at java.base/java.util.concurrent.FutureTask.run(FutureTask.java)
	at java.base/java.util.concurrent.ThreadPoolExecutor.runWorker(ThreadPoolExecutor.java:1136)
	at java.base/java.util.concurrent.ThreadPoolExecutor$Worker.run(ThreadPoolExecutor.java:635)
	at java.base/java.lang.Thread.run(Thread.java:840)
2026-09-21 10:33:36.049 ERROR [backlog-poster-151] c.t.n.service.BacklogService - 1. ERROR for Transaction with batch=2022242950, type=EN, action=TERMINATE, stage=POST, elapsedMs=66218, reason=A JSONObject text must begin with '{' at 1 [character 2 line 1] [1/50 ok=0 fail=1]
org.json.JSONException: A JSONObject text must begin with '{' at 1 [character 2 line 1]
	at org.json.JSONTokener.syntaxError(JSONTokener.java:503)
	at org.json.JSONObject.<init>(JSONObject.java:213)
	at org.json.JSONObject.<init>(JSONObject.java:430)
	at com.turnkey.naicombacklog.service.NaicomPostingService.terminateNaicomPolicy(NaicomPostingService.java:752)
	at com.turnkey.naicombacklog.service.BacklogService.post(BacklogService.java:263)
	at com.turnkey.naicombacklog.service.BacklogService.processBacklog(BacklogService.java:191)
	at com.turnkey.naicombacklog.service.BacklogService.lambda$processConcurrently$1(BacklogService.java:303)
	at java.base/java.util.concurrent.FutureTask.run$$$capture(FutureTask.java:264)
	at java.base/java.util.concurrent.FutureTask.run(FutureTask.java)
	at java.base/java.util.concurrent.ThreadPoolExecutor.runWorker(ThreadPoolExecutor.java:1136)
	at java.base/java.util.concurrent.ThreadPoolExecutor$Worker.run(ThreadPoolExecutor.java:635)
	at java.base/java.lang.Thread.run(Thread.java:840)
2026-09-21 10:33:36.049 ERROR [backlog-poster-147] c.t.n.service.BacklogService - 2. ERROR for Transaction with batch=2022242928, type=EN, action=TERMINATE, stage=POST, elapsedMs=66219, reason=A JSONObject text must begin with '{' at 1 [character 2 line 1] [2/50 ok=0 fail=2]
org.json.JSONException: A JSONObject text must begin with '{' at 1 [character 2 line 1]
	at org.json.JSONTokener.syntaxError(JSONTokener.java:503)
	at org.json.JSONObject.<init>(JSONObject.java:213)
	at org.json.JSONObject.<init>(JSONObject.java:430)
	at com.turnkey.naicombacklog.service.NaicomPostingService.terminateNaicomPolicy(NaicomPostingService.java:752)
	at com.turnkey.naicombacklog.service.BacklogService.post(BacklogService.java:263)
	at com.turnkey.naicombacklog.service.BacklogService.processBacklog(BacklogService.java:191)
	at com.turnkey.naicombacklog.service.BacklogService.lambda$processConcurrently$1(BacklogService.java:303)
	at java.base/java.util.concurrent.FutureTask.run$$$capture(FutureTask.java:264)
	at java.base/java.util.concurrent.FutureTask.run(FutureTask.java)
	at java.base/java.util.concurrent.ThreadPoolExecutor.runWorker(ThreadPoolExecutor.java:1136)
	at java.base/java.util.concurrent.ThreadPoolExecutor$Worker.run(ThreadPoolExecutor.java:635)
	at java.base/java.lang.Thread.run(Thread.java:840)
2026-09-21 10:33:36.177 ERROR [backlog-poster-148] c.t.n.service.BacklogService - 3. ERROR for Transaction with batch=2022242937, type=EN, action=TERMINATE, stage=POST, elapsedMs=66347, reason=A JSONObject text must begin with '{' at 1 [character 2 line 1] [3/50 ok=0 fail=3]
org.json.JSONException: A JSONObject text must begin with '{' at 1 [character 2 line 1]
	at org.json.JSONTokener.syntaxError(JSONTokener.java:503)
	at org.json.JSONObject.<init>(JSONObject.java:213)
	at org.json.JSONObject.<init>(JSONObject.java:430)
	at com.turnkey.naicombacklog.service.NaicomPostingService.terminateNaicomPolicy(NaicomPostingService.java:752)
	at com.turnkey.naicombacklog.service.BacklogService.post(BacklogService.java:263)
	at com.turnkey.naicombacklog.service.BacklogService.processBacklog(BacklogService.java:191)
	at com.turnkey.naicombacklog.service.BacklogService.lambda$processConcurrently$1(BacklogService.java:303)
	at java.base/java.util.concurrent.FutureTask.run$$$capture(FutureTask.java:264)
	at java.base/java.util.concurrent.FutureTask.run(FutureTask.java)
	at java.base/java.util.concurrent.ThreadPoolExecutor.runWorker(ThreadPoolExecutor.java:1136)
	at java.base/java.util.concurrent.ThreadPoolExecutor$Worker.run(ThreadPoolExecutor.java:635)
	at java.base/java.lang.Thread.run(Thread.java:840)
2026-09-21 10:33:36.306 ERROR [backlog-poster-152] c.t.n.service.BacklogService - 4. ERROR for Transaction with batch=2022242953, type=EN, action=TERMINATE, stage=POST, elapsedMs=66475, reason=A JSONObject text must begin with '{' at 1 [character 2 line 1] [4/50 ok=0 fail=4]
org.json.JSONException: A JSONObject text must begin with '{' at 1 [character 2 line 1]
	at org.json.JSONTokener.syntaxError(JSONTokener.java:503)
	at org.json.JSONObject.<init>(JSONObject.java:213)
	at org.json.JSONObject.<init>(JSONObject.java:430)
	at com.turnkey.naicombacklog.service.NaicomPostingService.terminateNaicomPolicy(NaicomPostingService.java:752)
	at com.turnkey.naicombacklog.service.BacklogService.post(BacklogService.java:263)
	at com.turnkey.naicombacklog.service.BacklogService.processBacklog(BacklogService.java:191)
	at com.turnkey.naicombacklog.service.BacklogService.lambda$processConcurrently$1(BacklogService.java:303)
	at java.base/java.util.concurrent.FutureTask.run$$$capture(FutureTask.java:264)
	at java.base/java.util.concurrent.FutureTask.run(FutureTask.java)
	at java.base/java.util.concurrent.ThreadPoolExecutor.runWorker(ThreadPoolExecutor.java:1136)
	at java.base/java.util.concurrent.ThreadPoolExecutor$Worker.run(ThreadPoolExecutor.java:635)
	at java.base/java.lang.Thread.run(Thread.java:840)
2026-09-21 10:33:36.435 WARN  [backlog-poster-150] c.t.n.service.BacklogService - 5. FAILURE for Transaction with batch=2022242948, type=EN, action=ENDORSE, stage=POST, status=408 REQUEST_TIMEOUT, elapsedMs=65584, reason=timeout Encountered while posting Naicom Policy [5/50 ok=0 fail=5]
2026-09-21 10:33:36.435 ERROR [backlog-poster-149] c.t.n.service.BacklogService - 6. ERROR for Transaction with batch=2022242945, type=EN, action=TERMINATE, stage=POST, elapsedMs=66605, reason=A JSONObject text must begin with '{' at 1 [character 2 line 1] [6/50 ok=0 fail=6]
org.json.JSONException: A JSONObject text must begin with '{' at 1 [character 2 line 1]
	at org.json.JSONTokener.syntaxError(JSONTokener.java:503)
	at org.json.JSONObject.<init>(JSONObject.java:213)
	at org.json.JSONObject.<init>(JSONObject.java:430)
	at com.turnkey.naicombacklog.service.NaicomPostingService.terminateNaicomPolicy(NaicomPostingService.java:752)
	at com.turnkey.naicombacklog.service.BacklogService.post(BacklogService.java:263)
	at com.turnkey.naicombacklog.service.BacklogService.processBacklog(BacklogService.java:191)
	at com.turnkey.naicombacklog.service.BacklogService.lambda$processConcurrently$1(BacklogService.java:303)
	at java.base/java.util.concurrent.FutureTask.run$$$capture(FutureTask.java:264)
	at java.base/java.util.concurrent.FutureTask.run(FutureTask.java)
	at java.base/java.util.concurrent.ThreadPoolExecutor.runWorker(ThreadPoolExecutor.java:1136)
	at java.base/java.util.concurrent.ThreadPoolExecutor$Worker.run(ThreadPoolExecutor.java:635)
	at java.base/java.lang.Thread.run(Thread.java:840)
2026-09-21 10:33:36.671 WARN  [backlog-poster-153] c.t.n.service.BacklogService - 7. FAILURE for Transaction with batch=2022242954, type=EN, action=ENDORSE, stage=POST, status=408 REQUEST_TIMEOUT, elapsedMs=65758, reason=timeout Encountered while posting Naicom Policy [7/50 ok=0 fail=7]
2026-09-21 10:33:36.671 ERROR [backlog-poster-146] c.t.n.service.BacklogService - 8. ERROR for Transaction with batch=2021238799, type=EN, action=TERMINATE, stage=POST, elapsedMs=66842, reason=A JSONObject text must begin with '{' at 1 [character 2 line 1] [8/50 ok=0 fail=8]
org.json.JSONException: A JSONObject text must begin with '{' at 1 [character 2 line 1]
	at org.json.JSONTokener.syntaxError(JSONTokener.java:503)
	at org.json.JSONObject.<init>(JSONObject.java:213)
	at org.json.JSONObject.<init>(JSONObject.java:430)
	at com.turnkey.naicombacklog.service.NaicomPostingService.terminateNaicomPolicy(NaicomPostingService.java:752)
	at com.turnkey.naicombacklog.service.BacklogService.post(BacklogService.java:263)
	at com.turnkey.naicombacklog.service.BacklogService.processBacklog(BacklogService.java:191)
	at com.turnkey.naicombacklog.service.BacklogService.lambda$processConcurrently$1(BacklogService.java:303)
	at java.base/java.util.concurrent.FutureTask.run$$$capture(FutureTask.java:264)
	at java.base/java.util.concurrent.FutureTask.run(FutureTask.java)
	at java.base/java.util.concurrent.ThreadPoolExecutor.runWorker(ThreadPoolExecutor.java:1136)
	at java.base/java.util.concurrent.ThreadPoolExecutor$Worker.run(ThreadPoolExecutor.java:635)
	at java.base/java.lang.Thread.run(Thread.java:840)
2026-09-21 10:34:13.117 WARN  [backlog-poster-152] c.t.n.service.BacklogService - 9. FAILURE for Transaction with batch=2022243027, type=EN, action=POST, stage=POST, status=400 BAD_REQUEST, elapsedMs=35643, reason=1007: Unexpected error. Cannot record policy [9/50 ok=0 fail=9]
2026-09-21 10:34:40.111 ERROR [backlog-poster-148] c.t.n.service.ThirdPartyApiClient - Error posting to NAICOM_POLICY_ENDORSEMENT_URL: timeout
java.net.SocketTimeoutException: timeout
	at okhttp3.internal.http2.Http2Stream$StreamTimeout.newTimeoutException(Http2Stream.kt:675)
	at okhttp3.internal.http2.Http2Stream$StreamTimeout.exitAndThrowIfTimedOut(Http2Stream.kt:684)
	at okhttp3.internal.http2.Http2Stream.takeHeaders(Http2Stream.kt:143)
	at okhttp3.internal.http2.Http2ExchangeCodec.readResponseHeaders(Http2ExchangeCodec.kt:97)
	at okhttp3.internal.connection.Exchange.readResponseHeaders(Exchange.kt:110)
	at okhttp3.internal.http.CallServerInterceptor.intercept(CallServerInterceptor.kt:93)
	at okhttp3.internal.http.RealInterceptorChain.proceed(RealInterceptorChain.kt:109)
	at okhttp3.internal.connection.ConnectInterceptor.intercept(ConnectInterceptor.kt:34)
	at okhttp3.internal.http.RealInterceptorChain.proceed(RealInterceptorChain.kt:109)
	at okhttp3.internal.cache.CacheInterceptor.intercept(CacheInterceptor.kt:95)
	at okhttp3.internal.http.RealInterceptorChain.proceed(RealInterceptorChain.kt:109)
	at okhttp3.internal.http.BridgeInterceptor.intercept(BridgeInterceptor.kt:83)
	at okhttp3.internal.http.RealInterceptorChain.proceed(RealInterceptorChain.kt:109)
	at okhttp3.internal.http.RetryAndFollowUpInterceptor.intercept(RetryAndFollowUpInterceptor.kt:76)
	at okhttp3.internal.http.RealInterceptorChain.proceed(RealInterceptorChain.kt:109)
	at okhttp3.internal.connection.RealCall.getResponseWithInterceptorChain$okhttp(RealCall.kt:201)
	at okhttp3.internal.connection.RealCall.execute(RealCall.kt:154)
	at com.turnkey.naicombacklog.service.ThirdPartyApiClient.postTransaction(ThirdPartyApiClient.java:37)
	at com.turnkey.naicombacklog.service.NaicomPostingService.endorseAutoPolicy(NaicomPostingService.java:577)
	at com.turnkey.naicombacklog.service.NaicomPostingService.endorsePolicy(NaicomPostingService.java:307)
	at com.turnkey.naicombacklog.service.BacklogService.post(BacklogService.java:261)
	at com.turnkey.naicombacklog.service.BacklogService.processBacklog(BacklogService.java:191)
	at com.turnkey.naicombacklog.service.BacklogService.lambda$processConcurrently$1(BacklogService.java:303)
	at java.base/java.util.concurrent.FutureTask.run$$$capture(FutureTask.java:264)
	at java.base/java.util.concurrent.FutureTask.run(FutureTask.java)
	at java.base/java.util.concurrent.ThreadPoolExecutor.runWorker(ThreadPoolExecutor.java:1136)
	at java.base/java.util.concurrent.ThreadPoolExecutor$Worker.run(ThreadPoolExecutor.java:635)
	at java.base/java.lang.Thread.run(Thread.java:840)
2026-09-21 10:34:40.111 ERROR [backlog-poster-147] c.t.n.service.ThirdPartyApiClient - Error posting to NAICOM_POLICY_ENDORSEMENT_URL: timeout
java.net.SocketTimeoutException: timeout
	at okhttp3.internal.http2.Http2Stream$StreamTimeout.newTimeoutException(Http2Stream.kt:675)
	at okhttp3.internal.http2.Http2Stream$StreamTimeout.exitAndThrowIfTimedOut(Http2Stream.kt:684)
	at okhttp3.internal.http2.Http2Stream.takeHeaders(Http2Stream.kt:143)
	at okhttp3.internal.http2.Http2ExchangeCodec.readResponseHeaders(Http2ExchangeCodec.kt:97)
	at okhttp3.internal.connection.Exchange.readResponseHeaders(Exchange.kt:110)
	at okhttp3.internal.http.CallServerInterceptor.intercept(CallServerInterceptor.kt:93)
	at okhttp3.internal.http.RealInterceptorChain.proceed(RealInterceptorChain.kt:109)
	at okhttp3.internal.connection.ConnectInterceptor.intercept(ConnectInterceptor.kt:34)
	at okhttp3.internal.http.RealInterceptorChain.proceed(RealInterceptorChain.kt:109)
	at okhttp3.internal.cache.CacheInterceptor.intercept(CacheInterceptor.kt:95)
	at okhttp3.internal.http.RealInterceptorChain.proceed(RealInterceptorChain.kt:109)
	at okhttp3.internal.http.BridgeInterceptor.intercept(BridgeInterceptor.kt:83)
	at okhttp3.internal.http.RealInterceptorChain.proceed(RealInterceptorChain.kt:109)
	at okhttp3.internal.http.RetryAndFollowUpInterceptor.intercept(RetryAndFollowUpInterceptor.kt:76)
	at okhttp3.internal.http.RealInterceptorChain.proceed(RealInterceptorChain.kt:109)
	at okhttp3.internal.connection.RealCall.getResponseWithInterceptorChain$okhttp(RealCall.kt:201)
	at okhttp3.internal.connection.RealCall.execute(RealCall.kt:154)
	at com.turnkey.naicombacklog.service.ThirdPartyApiClient.postTransaction(ThirdPartyApiClient.java:37)
	at com.turnkey.naicombacklog.service.NaicomPostingService.endorseAutoPolicy(NaicomPostingService.java:577)
	at com.turnkey.naicombacklog.service.NaicomPostingService.endorsePolicy(NaicomPostingService.java:307)
	at com.turnkey.naicombacklog.service.BacklogService.post(BacklogService.java:261)
	at com.turnkey.naicombacklog.service.BacklogService.processBacklog(BacklogService.java:191)
	at com.turnkey.naicombacklog.service.BacklogService.lambda$processConcurrently$1(BacklogService.java:303)
	at java.base/java.util.concurrent.FutureTask.run$$$capture(FutureTask.java:264)
	at java.base/java.util.concurrent.FutureTask.run(FutureTask.java)
	at java.base/java.util.concurrent.ThreadPoolExecutor.runWorker(ThreadPoolExecutor.java:1136)
	at java.base/java.util.concurrent.ThreadPoolExecutor$Worker.run(ThreadPoolExecutor.java:635)
	at java.base/java.lang.Thread.run(Thread.java:840)
2026-09-21 10:34:40.207 ERROR [backlog-poster-151] c.t.n.service.ThirdPartyApiClient - Error posting to NAICOM_POLICY_ENDORSEMENT_URL: timeout
java.net.SocketTimeoutException: timeout
	at okhttp3.internal.http2.Http2Stream$StreamTimeout.newTimeoutException(Http2Stream.kt:675)
	at okhttp3.internal.http2.Http2Stream$StreamTimeout.exitAndThrowIfTimedOut(Http2Stream.kt:684)
	at okhttp3.internal.http2.Http2Stream.takeHeaders(Http2Stream.kt:143)
	at okhttp3.internal.http2.Http2ExchangeCodec.readResponseHeaders(Http2ExchangeCodec.kt:97)
	at okhttp3.internal.connection.Exchange.readResponseHeaders(Exchange.kt:110)
	at okhttp3.internal.http.CallServerInterceptor.intercept(CallServerInterceptor.kt:93)
	at okhttp3.internal.http.RealInterceptorChain.proceed(RealInterceptorChain.kt:109)
	at okhttp3.internal.connection.ConnectInterceptor.intercept(ConnectInterceptor.kt:34)
	at okhttp3.internal.http.RealInterceptorChain.proceed(RealInterceptorChain.kt:109)
	at okhttp3.internal.cache.CacheInterceptor.intercept(CacheInterceptor.kt:95)
	at okhttp3.internal.http.RealInterceptorChain.proceed(RealInterceptorChain.kt:109)
	at okhttp3.internal.http.BridgeInterceptor.intercept(BridgeInterceptor.kt:83)
	at okhttp3.internal.http.RealInterceptorChain.proceed(RealInterceptorChain.kt:109)
	at okhttp3.internal.http.RetryAndFollowUpInterceptor.intercept(RetryAndFollowUpInterceptor.kt:76)
	at okhttp3.internal.http.RealInterceptorChain.proceed(RealInterceptorChain.kt:109)
	at okhttp3.internal.connection.RealCall.getResponseWithInterceptorChain$okhttp(RealCall.kt:201)
	at okhttp3.internal.connection.RealCall.execute(RealCall.kt:154)
	at com.turnkey.naicombacklog.service.ThirdPartyApiClient.postTransaction(ThirdPartyApiClient.java:37)
	at com.turnkey.naicombacklog.service.NaicomPostingService.endorseAutoPolicy(NaicomPostingService.java:577)
	at com.turnkey.naicombacklog.service.NaicomPostingService.endorsePolicy(NaicomPostingService.java:307)
	at com.turnkey.naicombacklog.service.BacklogService.post(BacklogService.java:261)
	at com.turnkey.naicombacklog.service.BacklogService.processBacklog(BacklogService.java:191)
	at com.turnkey.naicombacklog.service.BacklogService.lambda$processConcurrently$1(BacklogService.java:303)
	at java.base/java.util.concurrent.FutureTask.run$$$capture(FutureTask.java:264)
	at java.base/java.util.concurrent.FutureTask.run(FutureTask.java)
	at java.base/java.util.concurrent.ThreadPoolExecutor.runWorker(ThreadPoolExecutor.java:1136)
	at java.base/java.util.concurrent.ThreadPoolExecutor$Worker.run(ThreadPoolExecutor.java:635)
	at java.base/java.lang.Thread.run(Thread.java:840)
2026-09-21 10:34:40.368 ERROR [backlog-poster-150] c.t.n.service.ThirdPartyApiClient - Error posting to NAICOM_POLICY_ENDORSEMENT_URL: timeout
java.net.SocketTimeoutException: timeout
	at okhttp3.internal.http2.Http2Stream$StreamTimeout.newTimeoutException(Http2Stream.kt:675)
	at okhttp3.internal.http2.Http2Stream$StreamTimeout.exitAndThrowIfTimedOut(Http2Stream.kt:684)
	at okhttp3.internal.http2.Http2Stream.takeHeaders(Http2Stream.kt:143)
	at okhttp3.internal.http2.Http2ExchangeCodec.readResponseHeaders(Http2ExchangeCodec.kt:97)
	at okhttp3.internal.connection.Exchange.readResponseHeaders(Exchange.kt:110)
	at okhttp3.internal.http.CallServerInterceptor.intercept(CallServerInterceptor.kt:93)
	at okhttp3.internal.http.RealInterceptorChain.proceed(RealInterceptorChain.kt:109)
	at okhttp3.internal.connection.ConnectInterceptor.intercept(ConnectInterceptor.kt:34)
	at okhttp3.internal.http.RealInterceptorChain.proceed(RealInterceptorChain.kt:109)
	at okhttp3.internal.cache.CacheInterceptor.intercept(CacheInterceptor.kt:95)
	at okhttp3.internal.http.RealInterceptorChain.proceed(RealInterceptorChain.kt:109)
	at okhttp3.internal.http.BridgeInterceptor.intercept(BridgeInterceptor.kt:83)
	at okhttp3.internal.http.RealInterceptorChain.proceed(RealInterceptorChain.kt:109)
	at okhttp3.internal.http.RetryAndFollowUpInterceptor.intercept(RetryAndFollowUpInterceptor.kt:76)
	at okhttp3.internal.http.RealInterceptorChain.proceed(RealInterceptorChain.kt:109)
	at okhttp3.internal.connection.RealCall.getResponseWithInterceptorChain$okhttp(RealCall.kt:201)
	at okhttp3.internal.connection.RealCall.execute(RealCall.kt:154)
	at com.turnkey.naicombacklog.service.ThirdPartyApiClient.postTransaction(ThirdPartyApiClient.java:37)
	at com.turnkey.naicombacklog.service.NaicomPostingService.endorseAutoPolicy(NaicomPostingService.java:577)
	at com.turnkey.naicombacklog.service.NaicomPostingService.endorsePolicy(NaicomPostingService.java:307)
	at com.turnkey.naicombacklog.service.BacklogService.post(BacklogService.java:261)
	at com.turnkey.naicombacklog.service.BacklogService.processBacklog(BacklogService.java:191)
	at com.turnkey.naicombacklog.service.BacklogService.lambda$processConcurrently$1(BacklogService.java:303)
	at java.base/java.util.concurrent.FutureTask.run$$$capture(FutureTask.java:264)
	at java.base/java.util.concurrent.FutureTask.run(FutureTask.java)
	at java.base/java.util.concurrent.ThreadPoolExecutor.runWorker(ThreadPoolExecutor.java:1136)
	at java.base/java.util.concurrent.ThreadPoolExecutor$Worker.run(ThreadPoolExecutor.java:635)
	at java.base/java.lang.Thread.run(Thread.java:840)
2026-09-21 10:34:40.549 ERROR [backlog-poster-153] c.t.n.service.ThirdPartyApiClient - Error posting to NAICOM_POLICY_ENDORSEMENT_URL: timeout
java.net.SocketTimeoutException: timeout
	at okhttp3.internal.http2.Http2Stream$StreamTimeout.newTimeoutException(Http2Stream.kt:675)
	at okhttp3.internal.http2.Http2Stream$StreamTimeout.exitAndThrowIfTimedOut(Http2Stream.kt:684)
	at okhttp3.internal.http2.Http2Stream.takeHeaders(Http2Stream.kt:143)
	at okhttp3.internal.http2.Http2ExchangeCodec.readResponseHeaders(Http2ExchangeCodec.kt:97)
	at okhttp3.internal.connection.Exchange.readResponseHeaders(Exchange.kt:110)
	at okhttp3.internal.http.CallServerInterceptor.intercept(CallServerInterceptor.kt:93)
	at okhttp3.internal.http.RealInterceptorChain.proceed(RealInterceptorChain.kt:109)
	at okhttp3.internal.connection.ConnectInterceptor.intercept(ConnectInterceptor.kt:34)
	at okhttp3.internal.http.RealInterceptorChain.proceed(RealInterceptorChain.kt:109)
	at okhttp3.internal.cache.CacheInterceptor.intercept(CacheInterceptor.kt:95)
	at okhttp3.internal.http.RealInterceptorChain.proceed(RealInterceptorChain.kt:109)
	at okhttp3.internal.http.BridgeInterceptor.intercept(BridgeInterceptor.kt:83)
	at okhttp3.internal.http.RealInterceptorChain.proceed(RealInterceptorChain.kt:109)
	at okhttp3.internal.http.RetryAndFollowUpInterceptor.intercept(RetryAndFollowUpInterceptor.kt:76)
	at okhttp3.internal.http.RealInterceptorChain.proceed(RealInterceptorChain.kt:109)
	at okhttp3.internal.connection.RealCall.getResponseWithInterceptorChain$okhttp(RealCall.kt:201)
	at okhttp3.internal.connection.RealCall.execute(RealCall.kt:154)
	at com.turnkey.naicombacklog.service.ThirdPartyApiClient.postTransaction(ThirdPartyApiClient.java:37)
	at com.turnkey.naicombacklog.service.NaicomPostingService.endorseAutoPolicy(NaicomPostingService.java:577)
	at com.turnkey.naicombacklog.service.NaicomPostingService.endorsePolicy(NaicomPostingService.java:307)
	at com.turnkey.naicombacklog.service.BacklogService.post(BacklogService.java:261)
	at com.turnkey.naicombacklog.service.BacklogService.processBacklog(BacklogService.java:191)
	at com.turnkey.naicombacklog.service.BacklogService.lambda$processConcurrently$1(BacklogService.java:303)
	at java.base/java.util.concurrent.FutureTask.run$$$capture(FutureTask.java:264)
	at java.base/java.util.concurrent.FutureTask.run(FutureTask.java)
	at java.base/java.util.concurrent.ThreadPoolExecutor.runWorker(ThreadPoolExecutor.java:1136)
	at java.base/java.util.concurrent.ThreadPoolExecutor$Worker.run(ThreadPoolExecutor.java:635)
	at java.base/java.lang.Thread.run(Thread.java:840)
2026-09-21 10:34:40.549 ERROR [backlog-poster-146] c.t.n.service.ThirdPartyApiClient - Error posting to NAICOM_POLICY_ENDORSEMENT_URL: timeout
java.net.SocketTimeoutException: timeout
	at okhttp3.internal.http2.Http2Stream$StreamTimeout.newTimeoutException(Http2Stream.kt:675)
	at okhttp3.internal.http2.Http2Stream$StreamTimeout.exitAndThrowIfTimedOut(Http2Stream.kt:684)
	at okhttp3.internal.http2.Http2Stream.takeHeaders(Http2Stream.kt:143)
	at okhttp3.internal.http2.Http2ExchangeCodec.readResponseHeaders(Http2ExchangeCodec.kt:97)
	at okhttp3.internal.connection.Exchange.readResponseHeaders(Exchange.kt:110)
	at okhttp3.internal.http.CallServerInterceptor.intercept(CallServerInterceptor.kt:93)
	at okhttp3.internal.http.RealInterceptorChain.proceed(RealInterceptorChain.kt:109)
	at okhttp3.internal.connection.ConnectInterceptor.intercept(ConnectInterceptor.kt:34)
	at okhttp3.internal.http.RealInterceptorChain.proceed(RealInterceptorChain.kt:109)
	at okhttp3.internal.cache.CacheInterceptor.intercept(CacheInterceptor.kt:95)
	at okhttp3.internal.http.RealInterceptorChain.proceed(RealInterceptorChain.kt:109)
	at okhttp3.internal.http.BridgeInterceptor.intercept(BridgeInterceptor.kt:83)
	at okhttp3.internal.http.RealInterceptorChain.proceed(RealInterceptorChain.kt:109)
	at okhttp3.internal.http.RetryAndFollowUpInterceptor.intercept(RetryAndFollowUpInterceptor.kt:76)
	at okhttp3.internal.http.RealInterceptorChain.proceed(RealInterceptorChain.kt:109)
	at okhttp3.internal.connection.RealCall.getResponseWithInterceptorChain$okhttp(RealCall.kt:201)
	at okhttp3.internal.connection.RealCall.execute(RealCall.kt:154)
	at com.turnkey.naicombacklog.service.ThirdPartyApiClient.postTransaction(ThirdPartyApiClient.java:37)
	at com.turnkey.naicombacklog.service.NaicomPostingService.endorseAutoPolicy(NaicomPostingService.java:577)
	at com.turnkey.naicombacklog.service.NaicomPostingService.endorsePolicy(NaicomPostingService.java:307)
	at com.turnkey.naicombacklog.service.BacklogService.post(BacklogService.java:261)
	at com.turnkey.naicombacklog.service.BacklogService.processBacklog(BacklogService.java:191)
	at com.turnkey.naicombacklog.service.BacklogService.lambda$processConcurrently$1(BacklogService.java:303)
	at java.base/java.util.concurrent.FutureTask.run$$$capture(FutureTask.java:264)
	at java.base/java.util.concurrent.FutureTask.run(FutureTask.java)
	at java.base/java.util.concurrent.ThreadPoolExecutor.runWorker(ThreadPoolExecutor.java:1136)
	at java.base/java.util.concurrent.ThreadPoolExecutor$Worker.run(ThreadPoolExecutor.java:635)
	at java.base/java.lang.Thread.run(Thread.java:840)
2026-09-21 10:34:40.561 ERROR [backlog-poster-149] c.t.n.service.ThirdPartyApiClient - Error posting to NAICOM_POLICY_ENDORSEMENT_URL: timeout
java.net.SocketTimeoutException: timeout
	at okhttp3.internal.http2.Http2Stream$StreamTimeout.newTimeoutException(Http2Stream.kt:675)
	at okhttp3.internal.http2.Http2Stream$StreamTimeout.exitAndThrowIfTimedOut(Http2Stream.kt:684)
	at okhttp3.internal.http2.Http2Stream.takeHeaders(Http2Stream.kt:143)
	at okhttp3.internal.http2.Http2ExchangeCodec.readResponseHeaders(Http2ExchangeCodec.kt:97)
	at okhttp3.internal.connection.Exchange.readResponseHeaders(Exchange.kt:110)
	at okhttp3.internal.http.CallServerInterceptor.intercept(CallServerInterceptor.kt:93)
	at okhttp3.internal.http.RealInterceptorChain.proceed(RealInterceptorChain.kt:109)
	at okhttp3.internal.connection.ConnectInterceptor.intercept(ConnectInterceptor.kt:34)
	at okhttp3.internal.http.RealInterceptorChain.proceed(RealInterceptorChain.kt:109)
	at okhttp3.internal.cache.CacheInterceptor.intercept(CacheInterceptor.kt:95)
	at okhttp3.internal.http.RealInterceptorChain.proceed(RealInterceptorChain.kt:109)
	at okhttp3.internal.http.BridgeInterceptor.intercept(BridgeInterceptor.kt:83)
	at okhttp3.internal.http.RealInterceptorChain.proceed(RealInterceptorChain.kt:109)
	at okhttp3.internal.http.RetryAndFollowUpInterceptor.intercept(RetryAndFollowUpInterceptor.kt:76)
	at okhttp3.internal.http.RealInterceptorChain.proceed(RealInterceptorChain.kt:109)
	at okhttp3.internal.connection.RealCall.getResponseWithInterceptorChain$okhttp(RealCall.kt:201)
	at okhttp3.internal.connection.RealCall.execute(RealCall.kt:154)
	at com.turnkey.naicombacklog.service.ThirdPartyApiClient.postTransaction(ThirdPartyApiClient.java:37)
	at com.turnkey.naicombacklog.service.NaicomPostingService.endorseAutoPolicy(NaicomPostingService.java:577)
	at com.turnkey.naicombacklog.service.NaicomPostingService.endorsePolicy(NaicomPostingService.java:307)
	at com.turnkey.naicombacklog.service.BacklogService.post(BacklogService.java:261)
	at com.turnkey.naicombacklog.service.BacklogService.processBacklog(BacklogService.java:191)
	at com.turnkey.naicombacklog.service.BacklogService.lambda$processConcurrently$1(BacklogService.java:303)
	at java.base/java.util.concurrent.FutureTask.run$$$capture(FutureTask.java:264)
	at java.base/java.util.concurrent.FutureTask.run(FutureTask.java)
	at java.base/java.util.concurrent.ThreadPoolExecutor.runWorker(ThreadPoolExecutor.java:1136)
	at java.base/java.util.concurrent.ThreadPoolExecutor$Worker.run(ThreadPoolExecutor.java:635)
	at java.base/java.lang.Thread.run(Thread.java:840)
2026-09-21 10:34:41.210 WARN  [backlog-poster-148] c.t.n.service.BacklogService - 10. FAILURE for Transaction with batch=2022243009, type=EN, action=ENDORSE, stage=POST, status=408 REQUEST_TIMEOUT, elapsedMs=63934, reason=timeout Encountered while posting Naicom Policy [10/50 ok=0 fail=10]
2026-09-21 10:34:41.343 WARN  [backlog-poster-147] c.t.n.service.BacklogService - 11. FAILURE for Transaction with batch=2022243003, type=EN, action=ENDORSE, stage=POST, status=408 REQUEST_TIMEOUT, elapsedMs=64062, reason=timeout Encountered while posting Naicom Policy [11/50 ok=0 fail=11]
2026-09-21 10:34:41.343 WARN  [backlog-poster-151] c.t.n.service.BacklogService - 12. FAILURE for Transaction with batch=2022242965, type=EN, action=ENDORSE, stage=POST, status=408 REQUEST_TIMEOUT, elapsedMs=64158, reason=timeout Encountered while posting Naicom Policy [12/50 ok=0 fail=12]
2026-09-21 10:34:41.475 WARN  [backlog-poster-150] c.t.n.service.BacklogService - 13. FAILURE for Transaction with batch=2022243043, type=EN, action=ENDORSE, stage=POST, status=408 REQUEST_TIMEOUT, elapsedMs=63933, reason=timeout Encountered while posting Naicom Policy [13/50 ok=0 fail=13]
2026-09-21 10:34:41.609 WARN  [backlog-poster-153] c.t.n.service.BacklogService - 14. FAILURE for Transaction with batch=2022243054, type=EN, action=ENDORSE, stage=POST, status=408 REQUEST_TIMEOUT, elapsedMs=63878, reason=timeout Encountered while posting Naicom Policy [14/50 ok=0 fail=14]
2026-09-21 10:34:41.609 WARN  [backlog-poster-146] c.t.n.service.BacklogService - 15. FAILURE for Transaction with batch=2022243074, type=EN, action=ENDORSE, stage=POST, status=408 REQUEST_TIMEOUT, elapsedMs=63878, reason=timeout Encountered while posting Naicom Policy [15/50 ok=0 fail=15]
2026-09-21 10:34:41.740 WARN  [backlog-poster-149] c.t.n.service.BacklogService - 16. FAILURE for Transaction with batch=2022243029, type=EN, action=ENDORSE, stage=POST, status=408 REQUEST_TIMEOUT, elapsedMs=64126, reason=timeout Encountered while posting Naicom Policy [16/50 ok=0 fail=16]
2026-09-21 10:34:45.057 INFO  [backlog-poster-152] c.t.n.service.BacklogService - 17. SUCCESS for Transaction with batch=2022243075, type=EN, action=POST, status=201 CREATED, uniqueId=029260357119754075, elapsedMs=31940 [17/50 ok=1 fail=16]
2026-09-21 10:34:48.958 WARN  [backlog-poster-148] c.t.n.service.BacklogService - 18. FAILURE for Transaction with batch=2022243080, type=EN, action=POST, stage=POST, status=400 BAD_REQUEST, elapsedMs=6877, reason=1131: Policy auto total premium is invalid. [18/50 ok=1 fail=17]
2026-09-21 10:34:55.003 WARN  [backlog-poster-148] c.t.n.service.BacklogService - 19. FAILURE for Transaction with batch=2022243173, type=EN, action=POST, stage=POST, status=400 BAD_REQUEST, elapsedMs=5138, reason=1125: Policy auto phone postcode is invalid. [19/50 ok=1 fail=18]
2026-09-21 10:35:04.231 INFO  [backlog-poster-146] c.t.n.service.BacklogService - 20. SUCCESS for Transaction with batch=2022243126, type=EN, action=POST, status=201 CREATED, uniqueId=029260361119754077, elapsedMs=22621 [20/50 ok=2 fail=18]
2026-09-21 10:35:39.222 WARN  [backlog-poster-150] c.t.n.service.BacklogService - 21. FAILURE for Transaction with batch=2022243094, type=EN, action=TERMINATE, stage=POST, status=400 BAD_REQUEST, elapsedMs=56641, reason=1000: Can not parse the sending data. JSON ERROR: Object reference not set to an instance of an object. [21/50 ok=2 fail=19]
2026-09-21 10:35:39.882 INFO  [backlog-poster-148] c.t.n.service.BacklogService - 22. SUCCESS for Transaction with batch=2022243187, type=EN, action=ENDORSE, status=200 OK, uniqueId=029240361002018560, elapsedMs=44879 [22/50 ok=3 fail=19]
2026-09-21 10:35:46.670 ERROR [backlog-poster-147] c.t.n.service.ThirdPartyApiClient - Error posting to NAICOM_POLICY_ENDORSEMENT_URL: timeout
java.net.SocketTimeoutException: timeout
	at okhttp3.internal.http2.Http2Stream$StreamTimeout.newTimeoutException(Http2Stream.kt:675)
	at okhttp3.internal.http2.Http2Stream$StreamTimeout.exitAndThrowIfTimedOut(Http2Stream.kt:684)
	at okhttp3.internal.http2.Http2Stream.takeHeaders(Http2Stream.kt:143)
	at okhttp3.internal.http2.Http2ExchangeCodec.readResponseHeaders(Http2ExchangeCodec.kt:97)
	at okhttp3.internal.connection.Exchange.readResponseHeaders(Exchange.kt:110)
	at okhttp3.internal.http.CallServerInterceptor.intercept(CallServerInterceptor.kt:93)
	at okhttp3.internal.http.RealInterceptorChain.proceed(RealInterceptorChain.kt:109)
	at okhttp3.internal.connection.ConnectInterceptor.intercept(ConnectInterceptor.kt:34)
	at okhttp3.internal.http.RealInterceptorChain.proceed(RealInterceptorChain.kt:109)
	at okhttp3.internal.cache.CacheInterceptor.intercept(CacheInterceptor.kt:95)
	at okhttp3.internal.http.RealInterceptorChain.proceed(RealInterceptorChain.kt:109)
	at okhttp3.internal.http.BridgeInterceptor.intercept(BridgeInterceptor.kt:83)
	at okhttp3.internal.http.RealInterceptorChain.proceed(RealInterceptorChain.kt:109)
	at okhttp3.internal.http.RetryAndFollowUpInterceptor.intercept(RetryAndFollowUpInterceptor.kt:76)
	at okhttp3.internal.http.RealInterceptorChain.proceed(RealInterceptorChain.kt:109)
	at okhttp3.internal.connection.RealCall.getResponseWithInterceptorChain$okhttp(RealCall.kt:201)
	at okhttp3.internal.connection.RealCall.execute(RealCall.kt:154)
	at com.turnkey.naicombacklog.service.ThirdPartyApiClient.postTransaction(ThirdPartyApiClient.java:37)
	at com.turnkey.naicombacklog.service.NaicomPostingService.endorseAutoPolicy(NaicomPostingService.java:577)
	at com.turnkey.naicombacklog.service.NaicomPostingService.endorsePolicy(NaicomPostingService.java:307)
	at com.turnkey.naicombacklog.service.BacklogService.post(BacklogService.java:261)
	at com.turnkey.naicombacklog.service.BacklogService.processBacklog(BacklogService.java:191)
	at com.turnkey.naicombacklog.service.BacklogService.lambda$processConcurrently$1(BacklogService.java:303)
	at java.base/java.util.concurrent.FutureTask.run$$$capture(FutureTask.java:264)
	at java.base/java.util.concurrent.FutureTask.run(FutureTask.java)
	at java.base/java.util.concurrent.ThreadPoolExecutor.runWorker(ThreadPoolExecutor.java:1136)
	at java.base/java.util.concurrent.ThreadPoolExecutor$Worker.run(ThreadPoolExecutor.java:635)
	at java.base/java.lang.Thread.run(Thread.java:840)
2026-09-21 10:35:46.800 ERROR [backlog-poster-149] c.t.n.service.ThirdPartyApiClient - Error posting to NAICOM_POLICY_ENDORSEMENT_URL: timeout
java.net.SocketTimeoutException: timeout
	at okhttp3.internal.http2.Http2Stream$StreamTimeout.newTimeoutException(Http2Stream.kt:675)
	at okhttp3.internal.http2.Http2Stream$StreamTimeout.exitAndThrowIfTimedOut(Http2Stream.kt:684)
	at okhttp3.internal.http2.Http2Stream.takeHeaders(Http2Stream.kt:143)
	at okhttp3.internal.http2.Http2ExchangeCodec.readResponseHeaders(Http2ExchangeCodec.kt:97)
	at okhttp3.internal.connection.Exchange.readResponseHeaders(Exchange.kt:110)
	at okhttp3.internal.http.CallServerInterceptor.intercept(CallServerInterceptor.kt:93)
	at okhttp3.internal.http.RealInterceptorChain.proceed(RealInterceptorChain.kt:109)
	at okhttp3.internal.connection.ConnectInterceptor.intercept(ConnectInterceptor.kt:34)
	at okhttp3.internal.http.RealInterceptorChain.proceed(RealInterceptorChain.kt:109)
	at okhttp3.internal.cache.CacheInterceptor.intercept(CacheInterceptor.kt:95)
	at okhttp3.internal.http.RealInterceptorChain.proceed(RealInterceptorChain.kt:109)
	at okhttp3.internal.http.BridgeInterceptor.intercept(BridgeInterceptor.kt:83)
	at okhttp3.internal.http.RealInterceptorChain.proceed(RealInterceptorChain.kt:109)
	at okhttp3.internal.http.RetryAndFollowUpInterceptor.intercept(RetryAndFollowUpInterceptor.kt:76)
	at okhttp3.internal.http.RealInterceptorChain.proceed(RealInterceptorChain.kt:109)
	at okhttp3.internal.connection.RealCall.getResponseWithInterceptorChain$okhttp(RealCall.kt:201)
	at okhttp3.internal.connection.RealCall.execute(RealCall.kt:154)
	at com.turnkey.naicombacklog.service.ThirdPartyApiClient.postTransaction(ThirdPartyApiClient.java:37)
	at com.turnkey.naicombacklog.service.NaicomPostingService.endorseAutoPolicy(NaicomPostingService.java:577)
	at com.turnkey.naicombacklog.service.NaicomPostingService.endorsePolicy(NaicomPostingService.java:307)
	at com.turnkey.naicombacklog.service.BacklogService.post(BacklogService.java:261)
	at com.turnkey.naicombacklog.service.BacklogService.processBacklog(BacklogService.java:191)
	at com.turnkey.naicombacklog.service.BacklogService.lambda$processConcurrently$1(BacklogService.java:303)
	at java.base/java.util.concurrent.FutureTask.run$$$capture(FutureTask.java:264)
	at java.base/java.util.concurrent.FutureTask.run(FutureTask.java)
	at java.base/java.util.concurrent.ThreadPoolExecutor.runWorker(ThreadPoolExecutor.java:1136)
	at java.base/java.util.concurrent.ThreadPoolExecutor$Worker.run(ThreadPoolExecutor.java:635)
	at java.base/java.lang.Thread.run(Thread.java:840)
2026-09-21 10:35:46.800 ERROR [backlog-poster-151] c.t.n.service.ThirdPartyApiClient - Error posting to NAICOM_POLICY_ENDORSEMENT_URL: timeout
java.net.SocketTimeoutException: timeout
	at okhttp3.internal.http2.Http2Stream$StreamTimeout.newTimeoutException(Http2Stream.kt:675)
	at okhttp3.internal.http2.Http2Stream$StreamTimeout.exitAndThrowIfTimedOut(Http2Stream.kt:684)
	at okhttp3.internal.http2.Http2Stream.takeHeaders(Http2Stream.kt:143)
	at okhttp3.internal.http2.Http2ExchangeCodec.readResponseHeaders(Http2ExchangeCodec.kt:97)
	at okhttp3.internal.connection.Exchange.readResponseHeaders(Exchange.kt:110)
	at okhttp3.internal.http.CallServerInterceptor.intercept(CallServerInterceptor.kt:93)
	at okhttp3.internal.http.RealInterceptorChain.proceed(RealInterceptorChain.kt:109)
	at okhttp3.internal.connection.ConnectInterceptor.intercept(ConnectInterceptor.kt:34)
	at okhttp3.internal.http.RealInterceptorChain.proceed(RealInterceptorChain.kt:109)
	at okhttp3.internal.cache.CacheInterceptor.intercept(CacheInterceptor.kt:95)
	at okhttp3.internal.http.RealInterceptorChain.proceed(RealInterceptorChain.kt:109)
	at okhttp3.internal.http.BridgeInterceptor.intercept(BridgeInterceptor.kt:83)
	at okhttp3.internal.http.RealInterceptorChain.proceed(RealInterceptorChain.kt:109)
	at okhttp3.internal.http.RetryAndFollowUpInterceptor.intercept(RetryAndFollowUpInterceptor.kt:76)
	at okhttp3.internal.http.RealInterceptorChain.proceed(RealInterceptorChain.kt:109)
	at okhttp3.internal.connection.RealCall.getResponseWithInterceptorChain$okhttp(RealCall.kt:201)
	at okhttp3.internal.connection.RealCall.execute(RealCall.kt:154)
	at com.turnkey.naicombacklog.service.ThirdPartyApiClient.postTransaction(ThirdPartyApiClient.java:37)
	at com.turnkey.naicombacklog.service.NaicomPostingService.endorseAutoPolicy(NaicomPostingService.java:577)
	at com.turnkey.naicombacklog.service.NaicomPostingService.endorsePolicy(NaicomPostingService.java:307)
	at com.turnkey.naicombacklog.service.BacklogService.post(BacklogService.java:261)
	at com.turnkey.naicombacklog.service.BacklogService.processBacklog(BacklogService.java:191)
	at com.turnkey.naicombacklog.service.BacklogService.lambda$processConcurrently$1(BacklogService.java:303)
	at java.base/java.util.concurrent.FutureTask.run$$$capture(FutureTask.java:264)
	at java.base/java.util.concurrent.FutureTask.run(FutureTask.java)
	at java.base/java.util.concurrent.ThreadPoolExecutor.runWorker(ThreadPoolExecutor.java:1136)
	at java.base/java.util.concurrent.ThreadPoolExecutor$Worker.run(ThreadPoolExecutor.java:635)
	at java.base/java.lang.Thread.run(Thread.java:840)
2026-09-21 10:35:46.946 ERROR [backlog-poster-153] c.t.n.service.ThirdPartyApiClient - Error posting to NAICOM_POLICY_ENDORSEMENT_URL: timeout
java.net.SocketTimeoutException: timeout
	at okhttp3.internal.http2.Http2Stream$StreamTimeout.newTimeoutException(Http2Stream.kt:675)
	at okhttp3.internal.http2.Http2Stream$StreamTimeout.exitAndThrowIfTimedOut(Http2Stream.kt:684)
	at okhttp3.internal.http2.Http2Stream.takeHeaders(Http2Stream.kt:143)
	at okhttp3.internal.http2.Http2ExchangeCodec.readResponseHeaders(Http2ExchangeCodec.kt:97)
	at okhttp3.internal.connection.Exchange.readResponseHeaders(Exchange.kt:110)
	at okhttp3.internal.http.CallServerInterceptor.intercept(CallServerInterceptor.kt:93)
	at okhttp3.internal.http.RealInterceptorChain.proceed(RealInterceptorChain.kt:109)
	at okhttp3.internal.connection.ConnectInterceptor.intercept(ConnectInterceptor.kt:34)
	at okhttp3.internal.http.RealInterceptorChain.proceed(RealInterceptorChain.kt:109)
	at okhttp3.internal.cache.CacheInterceptor.intercept(CacheInterceptor.kt:95)
	at okhttp3.internal.http.RealInterceptorChain.proceed(RealInterceptorChain.kt:109)
	at okhttp3.internal.http.BridgeInterceptor.intercept(BridgeInterceptor.kt:83)
	at okhttp3.internal.http.RealInterceptorChain.proceed(RealInterceptorChain.kt:109)
	at okhttp3.internal.http.RetryAndFollowUpInterceptor.intercept(RetryAndFollowUpInterceptor.kt:76)
	at okhttp3.internal.http.RealInterceptorChain.proceed(RealInterceptorChain.kt:109)
	at okhttp3.internal.connection.RealCall.getResponseWithInterceptorChain$okhttp(RealCall.kt:201)
	at okhttp3.internal.connection.RealCall.execute(RealCall.kt:154)
	at com.turnkey.naicombacklog.service.ThirdPartyApiClient.postTransaction(ThirdPartyApiClient.java:37)
	at com.turnkey.naicombacklog.service.NaicomPostingService.endorseAutoPolicy(NaicomPostingService.java:577)
	at com.turnkey.naicombacklog.service.NaicomPostingService.endorsePolicy(NaicomPostingService.java:307)
	at com.turnkey.naicombacklog.service.BacklogService.post(BacklogService.java:261)
	at com.turnkey.naicombacklog.service.BacklogService.processBacklog(BacklogService.java:191)
	at com.turnkey.naicombacklog.service.BacklogService.lambda$processConcurrently$1(BacklogService.java:303)
	at java.base/java.util.concurrent.FutureTask.run$$$capture(FutureTask.java:264)
	at java.base/java.util.concurrent.FutureTask.run(FutureTask.java)
	at java.base/java.util.concurrent.ThreadPoolExecutor.runWorker(ThreadPoolExecutor.java:1136)
	at java.base/java.util.concurrent.ThreadPoolExecutor$Worker.run(ThreadPoolExecutor.java:635)
	at java.base/java.lang.Thread.run(Thread.java:840)
2026-09-21 10:35:47.746 WARN  [backlog-poster-147] c.t.n.service.BacklogService - 23. FAILURE for Transaction with batch=2022243081, type=EN, action=ENDORSE, stage=POST, status=408 REQUEST_TIMEOUT, elapsedMs=65327, reason=timeout Encountered while posting Naicom Policy [23/50 ok=3 fail=20]
2026-09-21 10:35:47.906 WARN  [backlog-poster-149] c.t.n.service.BacklogService - 25. FAILURE for Transaction with batch=2022243150, type=EN, action=ENDORSE, stage=POST, status=408 REQUEST_TIMEOUT, elapsedMs=65060, reason=timeout Encountered while posting Naicom Policy [25/50 ok=3 fail=22]
2026-09-21 10:35:47.906 WARN  [backlog-poster-151] c.t.n.service.BacklogService - 24. FAILURE for Transaction with batch=2022243086, type=EN, action=ENDORSE, stage=POST, status=408 REQUEST_TIMEOUT, elapsedMs=65457, reason=timeout Encountered while posting Naicom Policy [24/50 ok=3 fail=21]
2026-09-21 10:35:48.050 WARN  [backlog-poster-153] c.t.n.service.BacklogService - 26. FAILURE for Transaction with batch=2022243109, type=EN, action=ENDORSE, stage=POST, status=408 REQUEST_TIMEOUT, elapsedMs=65336, reason=timeout Encountered while posting Naicom Policy [26/50 ok=3 fail=23]
2026-09-21 10:35:49.104 ERROR [backlog-poster-152] c.t.n.service.ThirdPartyApiClient - Error posting to NAICOM_POLICY_ENDORSEMENT_URL: timeout
java.net.SocketTimeoutException: timeout
	at okhttp3.internal.http2.Http2Stream$StreamTimeout.newTimeoutException(Http2Stream.kt:675)
	at okhttp3.internal.http2.Http2Stream$StreamTimeout.exitAndThrowIfTimedOut(Http2Stream.kt:684)
	at okhttp3.internal.http2.Http2Stream.takeHeaders(Http2Stream.kt:143)
	at okhttp3.internal.http2.Http2ExchangeCodec.readResponseHeaders(Http2ExchangeCodec.kt:97)
	at okhttp3.internal.connection.Exchange.readResponseHeaders(Exchange.kt:110)
	at okhttp3.internal.http.CallServerInterceptor.intercept(CallServerInterceptor.kt:93)
	at okhttp3.internal.http.RealInterceptorChain.proceed(RealInterceptorChain.kt:109)
	at okhttp3.internal.connection.ConnectInterceptor.intercept(ConnectInterceptor.kt:34)
	at okhttp3.internal.http.RealInterceptorChain.proceed(RealInterceptorChain.kt:109)
	at okhttp3.internal.cache.CacheInterceptor.intercept(CacheInterceptor.kt:95)
	at okhttp3.internal.http.RealInterceptorChain.proceed(RealInterceptorChain.kt:109)
	at okhttp3.internal.http.BridgeInterceptor.intercept(BridgeInterceptor.kt:83)
	at okhttp3.internal.http.RealInterceptorChain.proceed(RealInterceptorChain.kt:109)
	at okhttp3.internal.http.RetryAndFollowUpInterceptor.intercept(RetryAndFollowUpInterceptor.kt:76)
	at okhttp3.internal.http.RealInterceptorChain.proceed(RealInterceptorChain.kt:109)
	at okhttp3.internal.connection.RealCall.getResponseWithInterceptorChain$okhttp(RealCall.kt:201)
	at okhttp3.internal.connection.RealCall.execute(RealCall.kt:154)
	at com.turnkey.naicombacklog.service.ThirdPartyApiClient.postTransaction(ThirdPartyApiClient.java:37)
	at com.turnkey.naicombacklog.service.NaicomPostingService.endorseAutoPolicy(NaicomPostingService.java:577)
	at com.turnkey.naicombacklog.service.NaicomPostingService.endorsePolicy(NaicomPostingService.java:307)
	at com.turnkey.naicombacklog.service.BacklogService.post(BacklogService.java:261)
	at com.turnkey.naicombacklog.service.BacklogService.processBacklog(BacklogService.java:191)
	at com.turnkey.naicombacklog.service.BacklogService.lambda$processConcurrently$1(BacklogService.java:303)
	at java.base/java.util.concurrent.FutureTask.run$$$capture(FutureTask.java:264)
	at java.base/java.util.concurrent.FutureTask.run(FutureTask.java)
	at java.base/java.util.concurrent.ThreadPoolExecutor.runWorker(ThreadPoolExecutor.java:1136)
	at java.base/java.util.concurrent.ThreadPoolExecutor$Worker.run(ThreadPoolExecutor.java:635)
	at java.base/java.lang.Thread.run(Thread.java:840)
2026-09-21 10:35:50.434 WARN  [backlog-poster-152] c.t.n.service.BacklogService - 27. FAILURE for Transaction with batch=2022243156, type=EN, action=ENDORSE, stage=POST, status=408 REQUEST_TIMEOUT, elapsedMs=64047, reason=timeout Encountered while posting Naicom Policy [27/50 ok=3 fail=24]
2026-09-21 10:35:54.491 INFO  [backlog-poster-151] c.t.n.service.BacklogService - 28. SUCCESS for Transaction with batch=2022243347, type=EN, action=POST, status=201 CREATED, uniqueId=029260361119754087, elapsedMs=6585 [28/50 ok=4 fail=24]
2026-09-21 10:35:57.041 WARN  [backlog-poster-152] c.t.n.service.BacklogService - 29. FAILURE for Transaction with batch=2022243392, type=EN, action=POST, stage=POST, status=400 BAD_REQUEST, elapsedMs=5663, reason=1125: Policy auto phone postcode is invalid. [29/50 ok=4 fail=25]
2026-09-21 10:36:00.529 INFO  [backlog-poster-151] c.t.n.service.BacklogService - 30. SUCCESS for Transaction with batch=2022243415, type=EN, action=POST, status=201 CREATED, uniqueId=029260357119754088, elapsedMs=6038 [30/50 ok=5 fail=25]
2026-09-21 10:36:08.413 ERROR [backlog-poster-146] c.t.n.service.ThirdPartyApiClient - Error posting to NAICOM_POLICY_ENDORSEMENT_URL: timeout
java.net.SocketTimeoutException: timeout
	at okhttp3.internal.http2.Http2Stream$StreamTimeout.newTimeoutException(Http2Stream.kt:675)
	at okhttp3.internal.http2.Http2Stream$StreamTimeout.exitAndThrowIfTimedOut(Http2Stream.kt:684)
	at okhttp3.internal.http2.Http2Stream.takeHeaders(Http2Stream.kt:143)
	at okhttp3.internal.http2.Http2ExchangeCodec.readResponseHeaders(Http2ExchangeCodec.kt:97)
	at okhttp3.internal.connection.Exchange.readResponseHeaders(Exchange.kt:110)
	at okhttp3.internal.http.CallServerInterceptor.intercept(CallServerInterceptor.kt:93)
	at okhttp3.internal.http.RealInterceptorChain.proceed(RealInterceptorChain.kt:109)
	at okhttp3.internal.connection.ConnectInterceptor.intercept(ConnectInterceptor.kt:34)
	at okhttp3.internal.http.RealInterceptorChain.proceed(RealInterceptorChain.kt:109)
	at okhttp3.internal.cache.CacheInterceptor.intercept(CacheInterceptor.kt:95)
	at okhttp3.internal.http.RealInterceptorChain.proceed(RealInterceptorChain.kt:109)
	at okhttp3.internal.http.BridgeInterceptor.intercept(BridgeInterceptor.kt:83)
	at okhttp3.internal.http.RealInterceptorChain.proceed(RealInterceptorChain.kt:109)
	at okhttp3.internal.http.RetryAndFollowUpInterceptor.intercept(RetryAndFollowUpInterceptor.kt:76)
	at okhttp3.internal.http.RealInterceptorChain.proceed(RealInterceptorChain.kt:109)
	at okhttp3.internal.connection.RealCall.getResponseWithInterceptorChain$okhttp(RealCall.kt:201)
	at okhttp3.internal.connection.RealCall.execute(RealCall.kt:154)
	at com.turnkey.naicombacklog.service.ThirdPartyApiClient.postTransaction(ThirdPartyApiClient.java:37)
	at com.turnkey.naicombacklog.service.NaicomPostingService.endorseAutoPolicy(NaicomPostingService.java:577)
	at com.turnkey.naicombacklog.service.NaicomPostingService.endorsePolicy(NaicomPostingService.java:307)
	at com.turnkey.naicombacklog.service.BacklogService.post(BacklogService.java:261)
	at com.turnkey.naicombacklog.service.BacklogService.processBacklog(BacklogService.java:191)
	at com.turnkey.naicombacklog.service.BacklogService.lambda$processConcurrently$1(BacklogService.java:303)
	at java.base/java.util.concurrent.FutureTask.run$$$capture(FutureTask.java:264)
	at java.base/java.util.concurrent.FutureTask.run(FutureTask.java)
	at java.base/java.util.concurrent.ThreadPoolExecutor.runWorker(ThreadPoolExecutor.java:1136)
	at java.base/java.util.concurrent.ThreadPoolExecutor$Worker.run(ThreadPoolExecutor.java:635)
	at java.base/java.lang.Thread.run(Thread.java:840)
2026-09-21 10:36:09.529 WARN  [backlog-poster-146] c.t.n.service.BacklogService - 31. FAILURE for Transaction with batch=2022243196, type=EN, action=ENDORSE, stage=POST, status=408 REQUEST_TIMEOUT, elapsedMs=64182, reason=timeout Encountered while posting Naicom Policy [31/50 ok=5 fail=26]
2026-09-21 10:36:43.512 ERROR [backlog-poster-150] c.t.n.service.ThirdPartyApiClient - Error posting to NAICOM_POLICY_ENDORSEMENT_URL: timeout
java.net.SocketTimeoutException: timeout
	at okhttp3.internal.http2.Http2Stream$StreamTimeout.newTimeoutException(Http2Stream.kt:675)
	at okhttp3.internal.http2.Http2Stream$StreamTimeout.exitAndThrowIfTimedOut(Http2Stream.kt:684)
	at okhttp3.internal.http2.Http2Stream.takeHeaders(Http2Stream.kt:143)
	at okhttp3.internal.http2.Http2ExchangeCodec.readResponseHeaders(Http2ExchangeCodec.kt:97)
	at okhttp3.internal.connection.Exchange.readResponseHeaders(Exchange.kt:110)
	at okhttp3.internal.http.CallServerInterceptor.intercept(CallServerInterceptor.kt:93)
	at okhttp3.internal.http.RealInterceptorChain.proceed(RealInterceptorChain.kt:109)
	at okhttp3.internal.connection.ConnectInterceptor.intercept(ConnectInterceptor.kt:34)
	at okhttp3.internal.http.RealInterceptorChain.proceed(RealInterceptorChain.kt:109)
	at okhttp3.internal.cache.CacheInterceptor.intercept(CacheInterceptor.kt:95)
	at okhttp3.internal.http.RealInterceptorChain.proceed(RealInterceptorChain.kt:109)
	at okhttp3.internal.http.BridgeInterceptor.intercept(BridgeInterceptor.kt:83)
	at okhttp3.internal.http.RealInterceptorChain.proceed(RealInterceptorChain.kt:109)
	at okhttp3.internal.http.RetryAndFollowUpInterceptor.intercept(RetryAndFollowUpInterceptor.kt:76)
	at okhttp3.internal.http.RealInterceptorChain.proceed(RealInterceptorChain.kt:109)
	at okhttp3.internal.connection.RealCall.getResponseWithInterceptorChain$okhttp(RealCall.kt:201)
	at okhttp3.internal.connection.RealCall.execute(RealCall.kt:154)
	at com.turnkey.naicombacklog.service.ThirdPartyApiClient.postTransaction(ThirdPartyApiClient.java:37)
	at com.turnkey.naicombacklog.service.NaicomPostingService.endorseAutoPolicy(NaicomPostingService.java:577)
	at com.turnkey.naicombacklog.service.NaicomPostingService.endorsePolicy(NaicomPostingService.java:307)
	at com.turnkey.naicombacklog.service.BacklogService.post(BacklogService.java:261)
	at com.turnkey.naicombacklog.service.BacklogService.processBacklog(BacklogService.java:191)
	at com.turnkey.naicombacklog.service.BacklogService.lambda$processConcurrently$1(BacklogService.java:303)
	at java.base/java.util.concurrent.FutureTask.run$$$capture(FutureTask.java:264)
	at java.base/java.util.concurrent.FutureTask.run(FutureTask.java)
	at java.base/java.util.concurrent.ThreadPoolExecutor.runWorker(ThreadPoolExecutor.java:1136)
	at java.base/java.util.concurrent.ThreadPoolExecutor$Worker.run(ThreadPoolExecutor.java:635)
	at java.base/java.lang.Thread.run(Thread.java:840)
2026-09-21 10:36:43.935 ERROR [backlog-poster-148] c.t.n.service.ThirdPartyApiClient - Error posting to NAICOM_POLICY_TERMINATION_URL: timeout
java.net.SocketTimeoutException: timeout
	at okhttp3.internal.http2.Http2Stream$StreamTimeout.newTimeoutException(Http2Stream.kt:675)
	at okhttp3.internal.http2.Http2Stream$StreamTimeout.exitAndThrowIfTimedOut(Http2Stream.kt:684)
	at okhttp3.internal.http2.Http2Stream.takeHeaders(Http2Stream.kt:143)
	at okhttp3.internal.http2.Http2ExchangeCodec.readResponseHeaders(Http2ExchangeCodec.kt:97)
	at okhttp3.internal.connection.Exchange.readResponseHeaders(Exchange.kt:110)
	at okhttp3.internal.http.CallServerInterceptor.intercept(CallServerInterceptor.kt:93)
	at okhttp3.internal.http.RealInterceptorChain.proceed(RealInterceptorChain.kt:109)
	at okhttp3.internal.connection.ConnectInterceptor.intercept(ConnectInterceptor.kt:34)
	at okhttp3.internal.http.RealInterceptorChain.proceed(RealInterceptorChain.kt:109)
	at okhttp3.internal.cache.CacheInterceptor.intercept(CacheInterceptor.kt:95)
	at okhttp3.internal.http.RealInterceptorChain.proceed(RealInterceptorChain.kt:109)
	at okhttp3.internal.http.BridgeInterceptor.intercept(BridgeInterceptor.kt:83)
	at okhttp3.internal.http.RealInterceptorChain.proceed(RealInterceptorChain.kt:109)
	at okhttp3.internal.http.RetryAndFollowUpInterceptor.intercept(RetryAndFollowUpInterceptor.kt:76)
	at okhttp3.internal.http.RealInterceptorChain.proceed(RealInterceptorChain.kt:109)
	at okhttp3.internal.connection.RealCall.getResponseWithInterceptorChain$okhttp(RealCall.kt:201)
	at okhttp3.internal.connection.RealCall.execute(RealCall.kt:154)
	at com.turnkey.naicombacklog.service.ThirdPartyApiClient.postTransaction(ThirdPartyApiClient.java:37)
	at com.turnkey.naicombacklog.service.NaicomPostingService.terminateNaicomPolicy(NaicomPostingService.java:748)
	at com.turnkey.naicombacklog.service.BacklogService.post(BacklogService.java:263)
	at com.turnkey.naicombacklog.service.BacklogService.processBacklog(BacklogService.java:191)
	at com.turnkey.naicombacklog.service.BacklogService.lambda$processConcurrently$1(BacklogService.java:303)
	at java.base/java.util.concurrent.FutureTask.run$$$capture(FutureTask.java:264)
	at java.base/java.util.concurrent.FutureTask.run(FutureTask.java)
	at java.base/java.util.concurrent.ThreadPoolExecutor.runWorker(ThreadPoolExecutor.java:1136)
	at java.base/java.util.concurrent.ThreadPoolExecutor$Worker.run(ThreadPoolExecutor.java:635)
	at java.base/java.lang.Thread.run(Thread.java:840)
2026-09-21 10:36:45.066 WARN  [backlog-poster-150] c.t.n.service.BacklogService - 32. FAILURE for Transaction with batch=2022243199, type=EN, action=ENDORSE, stage=POST, status=408 REQUEST_TIMEOUT, elapsedMs=64291, reason=timeout Encountered while posting Naicom Policy [32/50 ok=5 fail=27]
2026-09-21 10:36:45.714 ERROR [backlog-poster-148] c.t.n.service.BacklogService - 33. ERROR for Transaction with batch=2022243217, type=EN, action=TERMINATE, stage=POST, elapsedMs=65829, reason=A JSONObject text must begin with '{' at 1 [character 2 line 1] [33/50 ok=5 fail=28]
org.json.JSONException: A JSONObject text must begin with '{' at 1 [character 2 line 1]
	at org.json.JSONTokener.syntaxError(JSONTokener.java:503)
	at org.json.JSONObject.<init>(JSONObject.java:213)
	at org.json.JSONObject.<init>(JSONObject.java:430)
	at com.turnkey.naicombacklog.service.NaicomPostingService.terminateNaicomPolicy(NaicomPostingService.java:752)
	at com.turnkey.naicombacklog.service.BacklogService.post(BacklogService.java:263)
	at com.turnkey.naicombacklog.service.BacklogService.processBacklog(BacklogService.java:191)
	at com.turnkey.naicombacklog.service.BacklogService.lambda$processConcurrently$1(BacklogService.java:303)
	at java.base/java.util.concurrent.FutureTask.run$$$capture(FutureTask.java:264)
	at java.base/java.util.concurrent.FutureTask.run(FutureTask.java)
	at java.base/java.util.concurrent.ThreadPoolExecutor.runWorker(ThreadPoolExecutor.java:1136)
	at java.base/java.util.concurrent.ThreadPoolExecutor$Worker.run(ThreadPoolExecutor.java:635)
	at java.base/java.lang.Thread.run(Thread.java:840)
2026-09-21 10:36:46.063 INFO  [backlog-poster-146] c.t.n.service.BacklogService - 34. SUCCESS for Transaction with batch=2022243455, type=EN, action=ENDORSE, status=200 OK, uniqueId=029260361119754056, elapsedMs=36534 [34/50 ok=6 fail=28]
2026-09-21 10:36:52.428 ERROR [backlog-poster-147] c.t.n.service.ThirdPartyApiClient - Error posting to NAICOM_POLICY_ENDORSEMENT_URL: timeout
java.net.SocketTimeoutException: timeout
	at okhttp3.internal.http2.Http2Stream$StreamTimeout.newTimeoutException(Http2Stream.kt:675)
	at okhttp3.internal.http2.Http2Stream$StreamTimeout.exitAndThrowIfTimedOut(Http2Stream.kt:684)
	at okhttp3.internal.http2.Http2Stream.takeHeaders(Http2Stream.kt:143)
	at okhttp3.internal.http2.Http2ExchangeCodec.readResponseHeaders(Http2ExchangeCodec.kt:97)
	at okhttp3.internal.connection.Exchange.readResponseHeaders(Exchange.kt:110)
	at okhttp3.internal.http.CallServerInterceptor.intercept(CallServerInterceptor.kt:93)
	at okhttp3.internal.http.RealInterceptorChain.proceed(RealInterceptorChain.kt:109)
	at okhttp3.internal.connection.ConnectInterceptor.intercept(ConnectInterceptor.kt:34)
	at okhttp3.internal.http.RealInterceptorChain.proceed(RealInterceptorChain.kt:109)
	at okhttp3.internal.cache.CacheInterceptor.intercept(CacheInterceptor.kt:95)
	at okhttp3.internal.http.RealInterceptorChain.proceed(RealInterceptorChain.kt:109)
	at okhttp3.internal.http.BridgeInterceptor.intercept(BridgeInterceptor.kt:83)
	at okhttp3.internal.http.RealInterceptorChain.proceed(RealInterceptorChain.kt:109)
	at okhttp3.internal.http.RetryAndFollowUpInterceptor.intercept(RetryAndFollowUpInterceptor.kt:76)
	at okhttp3.internal.http.RealInterceptorChain.proceed(RealInterceptorChain.kt:109)
	at okhttp3.internal.connection.RealCall.getResponseWithInterceptorChain$okhttp(RealCall.kt:201)
	at okhttp3.internal.connection.RealCall.execute(RealCall.kt:154)
	at com.turnkey.naicombacklog.service.ThirdPartyApiClient.postTransaction(ThirdPartyApiClient.java:37)
	at com.turnkey.naicombacklog.service.NaicomPostingService.endorseAutoPolicy(NaicomPostingService.java:577)
	at com.turnkey.naicombacklog.service.NaicomPostingService.endorsePolicy(NaicomPostingService.java:307)
	at com.turnkey.naicombacklog.service.BacklogService.post(BacklogService.java:261)
	at com.turnkey.naicombacklog.service.BacklogService.processBacklog(BacklogService.java:191)
	at com.turnkey.naicombacklog.service.BacklogService.lambda$processConcurrently$1(BacklogService.java:303)
	at java.base/java.util.concurrent.FutureTask.run$$$capture(FutureTask.java:264)
	at java.base/java.util.concurrent.FutureTask.run(FutureTask.java)
	at java.base/java.util.concurrent.ThreadPoolExecutor.runWorker(ThreadPoolExecutor.java:1136)
	at java.base/java.util.concurrent.ThreadPoolExecutor$Worker.run(ThreadPoolExecutor.java:635)
	at java.base/java.lang.Thread.run(Thread.java:840)
2026-09-21 10:36:52.600 ERROR [backlog-poster-149] c.t.n.service.ThirdPartyApiClient - Error posting to NAICOM_POLICY_ENDORSEMENT_URL: timeout
java.net.SocketTimeoutException: timeout
	at okhttp3.internal.http2.Http2Stream$StreamTimeout.newTimeoutException(Http2Stream.kt:675)
	at okhttp3.internal.http2.Http2Stream$StreamTimeout.exitAndThrowIfTimedOut(Http2Stream.kt:684)
	at okhttp3.internal.http2.Http2Stream.takeHeaders(Http2Stream.kt:143)
	at okhttp3.internal.http2.Http2ExchangeCodec.readResponseHeaders(Http2ExchangeCodec.kt:97)
	at okhttp3.internal.connection.Exchange.readResponseHeaders(Exchange.kt:110)
	at okhttp3.internal.http.CallServerInterceptor.intercept(CallServerInterceptor.kt:93)
	at okhttp3.internal.http.RealInterceptorChain.proceed(RealInterceptorChain.kt:109)
	at okhttp3.internal.connection.ConnectInterceptor.intercept(ConnectInterceptor.kt:34)
	at okhttp3.internal.http.RealInterceptorChain.proceed(RealInterceptorChain.kt:109)
	at okhttp3.internal.cache.CacheInterceptor.intercept(CacheInterceptor.kt:95)
	at okhttp3.internal.http.RealInterceptorChain.proceed(RealInterceptorChain.kt:109)
	at okhttp3.internal.http.BridgeInterceptor.intercept(BridgeInterceptor.kt:83)
	at okhttp3.internal.http.RealInterceptorChain.proceed(RealInterceptorChain.kt:109)
	at okhttp3.internal.http.RetryAndFollowUpInterceptor.intercept(RetryAndFollowUpInterceptor.kt:76)
	at okhttp3.internal.http.RealInterceptorChain.proceed(RealInterceptorChain.kt:109)
	at okhttp3.internal.connection.RealCall.getResponseWithInterceptorChain$okhttp(RealCall.kt:201)
	at okhttp3.internal.connection.RealCall.execute(RealCall.kt:154)
	at com.turnkey.naicombacklog.service.ThirdPartyApiClient.postTransaction(ThirdPartyApiClient.java:37)
	at com.turnkey.naicombacklog.service.NaicomPostingService.endorseAutoPolicy(NaicomPostingService.java:577)
	at com.turnkey.naicombacklog.service.NaicomPostingService.endorsePolicy(NaicomPostingService.java:307)
	at com.turnkey.naicombacklog.service.BacklogService.post(BacklogService.java:261)
	at com.turnkey.naicombacklog.service.BacklogService.processBacklog(BacklogService.java:191)
	at com.turnkey.naicombacklog.service.BacklogService.lambda$processConcurrently$1(BacklogService.java:303)
	at java.base/java.util.concurrent.FutureTask.run$$$capture(FutureTask.java:264)
	at java.base/java.util.concurrent.FutureTask.run(FutureTask.java)
	at java.base/java.util.concurrent.ThreadPoolExecutor.runWorker(ThreadPoolExecutor.java:1136)
	at java.base/java.util.concurrent.ThreadPoolExecutor$Worker.run(ThreadPoolExecutor.java:635)
	at java.base/java.lang.Thread.run(Thread.java:840)
2026-09-21 10:36:53.018 ERROR [backlog-poster-153] c.t.n.service.ThirdPartyApiClient - Error posting to NAICOM_POLICY_ENDORSEMENT_URL: timeout
java.net.SocketTimeoutException: timeout
	at okhttp3.internal.http2.Http2Stream$StreamTimeout.newTimeoutException(Http2Stream.kt:675)
	at okhttp3.internal.http2.Http2Stream$StreamTimeout.exitAndThrowIfTimedOut(Http2Stream.kt:684)
	at okhttp3.internal.http2.Http2Stream.takeHeaders(Http2Stream.kt:143)
	at okhttp3.internal.http2.Http2ExchangeCodec.readResponseHeaders(Http2ExchangeCodec.kt:97)
	at okhttp3.internal.connection.Exchange.readResponseHeaders(Exchange.kt:110)
	at okhttp3.internal.http.CallServerInterceptor.intercept(CallServerInterceptor.kt:93)
	at okhttp3.internal.http.RealInterceptorChain.proceed(RealInterceptorChain.kt:109)
	at okhttp3.internal.connection.ConnectInterceptor.intercept(ConnectInterceptor.kt:34)
	at okhttp3.internal.http.RealInterceptorChain.proceed(RealInterceptorChain.kt:109)
	at okhttp3.internal.cache.CacheInterceptor.intercept(CacheInterceptor.kt:95)
	at okhttp3.internal.http.RealInterceptorChain.proceed(RealInterceptorChain.kt:109)
	at okhttp3.internal.http.BridgeInterceptor.intercept(BridgeInterceptor.kt:83)
	at okhttp3.internal.http.RealInterceptorChain.proceed(RealInterceptorChain.kt:109)
	at okhttp3.internal.http.RetryAndFollowUpInterceptor.intercept(RetryAndFollowUpInterceptor.kt:76)
	at okhttp3.internal.http.RealInterceptorChain.proceed(RealInterceptorChain.kt:109)
	at okhttp3.internal.connection.RealCall.getResponseWithInterceptorChain$okhttp(RealCall.kt:201)
	at okhttp3.internal.connection.RealCall.execute(RealCall.kt:154)
	at com.turnkey.naicombacklog.service.ThirdPartyApiClient.postTransaction(ThirdPartyApiClient.java:37)
	at com.turnkey.naicombacklog.service.NaicomPostingService.endorseAutoPolicy(NaicomPostingService.java:577)
	at com.turnkey.naicombacklog.service.NaicomPostingService.endorsePolicy(NaicomPostingService.java:307)
	at com.turnkey.naicombacklog.service.BacklogService.post(BacklogService.java:261)
	at com.turnkey.naicombacklog.service.BacklogService.processBacklog(BacklogService.java:191)
	at com.turnkey.naicombacklog.service.BacklogService.lambda$processConcurrently$1(BacklogService.java:303)
	at java.base/java.util.concurrent.FutureTask.run$$$capture(FutureTask.java:264)
	at java.base/java.util.concurrent.FutureTask.run(FutureTask.java)
	at java.base/java.util.concurrent.ThreadPoolExecutor.runWorker(ThreadPoolExecutor.java:1136)
	at java.base/java.util.concurrent.ThreadPoolExecutor$Worker.run(ThreadPoolExecutor.java:635)
	at java.base/java.lang.Thread.run(Thread.java:840)
2026-09-21 10:36:53.479 WARN  [backlog-poster-147] c.t.n.service.BacklogService - 35. FAILURE for Transaction with batch=2022243239, type=EN, action=ENDORSE, stage=POST, status=408 REQUEST_TIMEOUT, elapsedMs=64683, reason=timeout Encountered while posting Naicom Policy [35/50 ok=6 fail=29]
2026-09-21 10:36:53.607 WARN  [backlog-poster-149] c.t.n.service.BacklogService - 36. FAILURE for Transaction with batch=2022243268, type=EN, action=ENDORSE, stage=POST, status=408 REQUEST_TIMEOUT, elapsedMs=64694, reason=timeout Encountered while posting Naicom Policy [36/50 ok=6 fail=30]
2026-09-21 10:36:54.140 WARN  [backlog-poster-153] c.t.n.service.BacklogService - 37. FAILURE for Transaction with batch=2022243385, type=EN, action=ENDORSE, stage=POST, status=408 REQUEST_TIMEOUT, elapsedMs=64968, reason=timeout Encountered while posting Naicom Policy [37/50 ok=6 fail=31]
2026-09-21 10:37:01.646 ERROR [backlog-poster-152] c.t.n.service.ThirdPartyApiClient - Error posting to NAICOM_POLICY_ENDORSEMENT_URL: timeout
java.net.SocketTimeoutException: timeout
	at okhttp3.internal.http2.Http2Stream$StreamTimeout.newTimeoutException(Http2Stream.kt:675)
	at okhttp3.internal.http2.Http2Stream$StreamTimeout.exitAndThrowIfTimedOut(Http2Stream.kt:684)
	at okhttp3.internal.http2.Http2Stream.takeHeaders(Http2Stream.kt:143)
	at okhttp3.internal.http2.Http2ExchangeCodec.readResponseHeaders(Http2ExchangeCodec.kt:97)
	at okhttp3.internal.connection.Exchange.readResponseHeaders(Exchange.kt:110)
	at okhttp3.internal.http.CallServerInterceptor.intercept(CallServerInterceptor.kt:93)
	at okhttp3.internal.http.RealInterceptorChain.proceed(RealInterceptorChain.kt:109)
	at okhttp3.internal.connection.ConnectInterceptor.intercept(ConnectInterceptor.kt:34)
	at okhttp3.internal.http.RealInterceptorChain.proceed(RealInterceptorChain.kt:109)
	at okhttp3.internal.cache.CacheInterceptor.intercept(CacheInterceptor.kt:95)
	at okhttp3.internal.http.RealInterceptorChain.proceed(RealInterceptorChain.kt:109)
	at okhttp3.internal.http.BridgeInterceptor.intercept(BridgeInterceptor.kt:83)
	at okhttp3.internal.http.RealInterceptorChain.proceed(RealInterceptorChain.kt:109)
	at okhttp3.internal.http.RetryAndFollowUpInterceptor.intercept(RetryAndFollowUpInterceptor.kt:76)
	at okhttp3.internal.http.RealInterceptorChain.proceed(RealInterceptorChain.kt:109)
	at okhttp3.internal.connection.RealCall.getResponseWithInterceptorChain$okhttp(RealCall.kt:201)
	at okhttp3.internal.connection.RealCall.execute(RealCall.kt:154)
	at com.turnkey.naicombacklog.service.ThirdPartyApiClient.postTransaction(ThirdPartyApiClient.java:37)
	at com.turnkey.naicombacklog.service.NaicomPostingService.endorseAutoPolicy(NaicomPostingService.java:577)
	at com.turnkey.naicombacklog.service.NaicomPostingService.endorsePolicy(NaicomPostingService.java:307)
	at com.turnkey.naicombacklog.service.BacklogService.post(BacklogService.java:261)
	at com.turnkey.naicombacklog.service.BacklogService.processBacklog(BacklogService.java:191)
	at com.turnkey.naicombacklog.service.BacklogService.lambda$processConcurrently$1(BacklogService.java:303)
	at java.base/java.util.concurrent.FutureTask.run$$$capture(FutureTask.java:264)
	at java.base/java.util.concurrent.FutureTask.run(FutureTask.java)
	at java.base/java.util.concurrent.ThreadPoolExecutor.runWorker(ThreadPoolExecutor.java:1136)
	at java.base/java.util.concurrent.ThreadPoolExecutor$Worker.run(ThreadPoolExecutor.java:635)
	at java.base/java.lang.Thread.run(Thread.java:840)
2026-09-21 10:37:03.057 WARN  [backlog-poster-152] c.t.n.service.BacklogService - 38. FAILURE for Transaction with batch=2022243416, type=EN, action=ENDORSE, stage=POST, status=408 REQUEST_TIMEOUT, elapsedMs=64605, reason=timeout Encountered while posting Naicom Policy [38/50 ok=6 fail=32]
2026-09-21 10:37:04.972 ERROR [backlog-poster-151] c.t.n.service.ThirdPartyApiClient - Error posting to NAICOM_POLICY_ENDORSEMENT_URL: timeout
java.net.SocketTimeoutException: timeout
	at okhttp3.internal.http2.Http2Stream$StreamTimeout.newTimeoutException(Http2Stream.kt:675)
	at okhttp3.internal.http2.Http2Stream$StreamTimeout.exitAndThrowIfTimedOut(Http2Stream.kt:684)
	at okhttp3.internal.http2.Http2Stream.takeHeaders(Http2Stream.kt:143)
	at okhttp3.internal.http2.Http2ExchangeCodec.readResponseHeaders(Http2ExchangeCodec.kt:97)
	at okhttp3.internal.connection.Exchange.readResponseHeaders(Exchange.kt:110)
	at okhttp3.internal.http.CallServerInterceptor.intercept(CallServerInterceptor.kt:93)
	at okhttp3.internal.http.RealInterceptorChain.proceed(RealInterceptorChain.kt:109)
	at okhttp3.internal.connection.ConnectInterceptor.intercept(ConnectInterceptor.kt:34)
	at okhttp3.internal.http.RealInterceptorChain.proceed(RealInterceptorChain.kt:109)
	at okhttp3.internal.cache.CacheInterceptor.intercept(CacheInterceptor.kt:95)
	at okhttp3.internal.http.RealInterceptorChain.proceed(RealInterceptorChain.kt:109)
	at okhttp3.internal.http.BridgeInterceptor.intercept(BridgeInterceptor.kt:83)
	at okhttp3.internal.http.RealInterceptorChain.proceed(RealInterceptorChain.kt:109)
	at okhttp3.internal.http.RetryAndFollowUpInterceptor.intercept(RetryAndFollowUpInterceptor.kt:76)
	at okhttp3.internal.http.RealInterceptorChain.proceed(RealInterceptorChain.kt:109)
	at okhttp3.internal.connection.RealCall.getResponseWithInterceptorChain$okhttp(RealCall.kt:201)
	at okhttp3.internal.connection.RealCall.execute(RealCall.kt:154)
	at com.turnkey.naicombacklog.service.ThirdPartyApiClient.postTransaction(ThirdPartyApiClient.java:37)
	at com.turnkey.naicombacklog.service.NaicomPostingService.endorseAutoPolicy(NaicomPostingService.java:577)
	at com.turnkey.naicombacklog.service.NaicomPostingService.endorsePolicy(NaicomPostingService.java:307)
	at com.turnkey.naicombacklog.service.BacklogService.post(BacklogService.java:261)
	at com.turnkey.naicombacklog.service.BacklogService.processBacklog(BacklogService.java:191)
	at com.turnkey.naicombacklog.service.BacklogService.lambda$processConcurrently$1(BacklogService.java:303)
	at java.base/java.util.concurrent.FutureTask.run$$$capture(FutureTask.java:264)
	at java.base/java.util.concurrent.FutureTask.run(FutureTask.java)
	at java.base/java.util.concurrent.ThreadPoolExecutor.runWorker(ThreadPoolExecutor.java:1136)
	at java.base/java.util.concurrent.ThreadPoolExecutor$Worker.run(ThreadPoolExecutor.java:635)
	at java.base/java.lang.Thread.run(Thread.java:840)
2026-09-21 10:37:06.432 WARN  [backlog-poster-151] c.t.n.service.BacklogService - 39. FAILURE for Transaction with batch=2022243450, type=EN, action=ENDORSE, stage=POST, status=408 REQUEST_TIMEOUT, elapsedMs=64442, reason=timeout Encountered while posting Naicom Policy [39/50 ok=6 fail=33]
2026-09-21 10:37:30.670 INFO  [backlog-poster-148] c.t.n.service.BacklogService - 40. SUCCESS for Transaction with batch=2022243486, type=EN, action=ENDORSE, status=200 OK, uniqueId=029260361119754056, elapsedMs=44956 [40/50 ok=7 fail=33]
2026-09-21 10:37:31.148 INFO  [backlog-poster-150] c.t.n.service.BacklogService - 41. SUCCESS for Transaction with batch=2022243484, type=EN, action=ENDORSE, status=200 OK, uniqueId=029260357119527558, elapsedMs=46082 [41/50 ok=8 fail=33]
2026-09-21 10:37:38.488 INFO  [backlog-poster-148] c.t.n.service.BacklogService - 42. SUCCESS for Transaction with batch=2022243609, type=EN, action=POST, status=201 CREATED, uniqueId=029260357119754100, elapsedMs=7818 [42/50 ok=9 fail=33]
2026-09-21 10:37:38.964 INFO  [backlog-poster-150] c.t.n.service.BacklogService - 43. SUCCESS for Transaction with batch=2022243641, type=EN, action=POST, status=201 CREATED, uniqueId=029260357119754101, elapsedMs=7816 [43/50 ok=10 fail=33]
2026-09-21 10:37:40.217 INFO  [backlog-poster-149] c.t.n.service.BacklogService - 44. SUCCESS for Transaction with batch=2022243523, type=EN, action=ENDORSE, status=200 OK, uniqueId=029260361119171377, elapsedMs=46610 [44/50 ok=11 fail=33]
2026-09-21 10:37:50.060 INFO  [backlog-poster-148] c.t.n.service.BacklogService - 45. SUCCESS for Transaction with batch=2022243657, type=EN, action=ENDORSE, status=200 OK, uniqueId=029260361119754053, elapsedMs=11572 [45/50 ok=12 fail=33]
2026-09-21 10:37:51.364 ERROR [backlog-poster-146] c.t.n.service.ThirdPartyApiClient - Error posting to NAICOM_POLICY_TERMINATION_URL: timeout
java.net.SocketTimeoutException: timeout
	at okhttp3.internal.http2.Http2Stream$StreamTimeout.newTimeoutException(Http2Stream.kt:675)
	at okhttp3.internal.http2.Http2Stream$StreamTimeout.exitAndThrowIfTimedOut(Http2Stream.kt:684)
	at okhttp3.internal.http2.Http2Stream.takeHeaders(Http2Stream.kt:143)
	at okhttp3.internal.http2.Http2ExchangeCodec.readResponseHeaders(Http2ExchangeCodec.kt:97)
	at okhttp3.internal.connection.Exchange.readResponseHeaders(Exchange.kt:110)
	at okhttp3.internal.http.CallServerInterceptor.intercept(CallServerInterceptor.kt:93)
	at okhttp3.internal.http.RealInterceptorChain.proceed(RealInterceptorChain.kt:109)
	at okhttp3.internal.connection.ConnectInterceptor.intercept(ConnectInterceptor.kt:34)
	at okhttp3.internal.http.RealInterceptorChain.proceed(RealInterceptorChain.kt:109)
	at okhttp3.internal.cache.CacheInterceptor.intercept(CacheInterceptor.kt:95)
	at okhttp3.internal.http.RealInterceptorChain.proceed(RealInterceptorChain.kt:109)
	at okhttp3.internal.http.BridgeInterceptor.intercept(BridgeInterceptor.kt:83)
	at okhttp3.internal.http.RealInterceptorChain.proceed(RealInterceptorChain.kt:109)
	at okhttp3.internal.http.RetryAndFollowUpInterceptor.intercept(RetryAndFollowUpInterceptor.kt:76)
	at okhttp3.internal.http.RealInterceptorChain.proceed(RealInterceptorChain.kt:109)
	at okhttp3.internal.connection.RealCall.getResponseWithInterceptorChain$okhttp(RealCall.kt:201)
	at okhttp3.internal.connection.RealCall.execute(RealCall.kt:154)
	at com.turnkey.naicombacklog.service.ThirdPartyApiClient.postTransaction(ThirdPartyApiClient.java:37)
	at com.turnkey.naicombacklog.service.NaicomPostingService.terminateNaicomPolicy(NaicomPostingService.java:748)
	at com.turnkey.naicombacklog.service.BacklogService.post(BacklogService.java:263)
	at com.turnkey.naicombacklog.service.BacklogService.processBacklog(BacklogService.java:191)
	at com.turnkey.naicombacklog.service.BacklogService.lambda$processConcurrently$1(BacklogService.java:303)
	at java.base/java.util.concurrent.FutureTask.run$$$capture(FutureTask.java:264)
	at java.base/java.util.concurrent.FutureTask.run(FutureTask.java)
	at java.base/java.util.concurrent.ThreadPoolExecutor.runWorker(ThreadPoolExecutor.java:1136)
	at java.base/java.util.concurrent.ThreadPoolExecutor$Worker.run(ThreadPoolExecutor.java:635)
	at java.base/java.lang.Thread.run(Thread.java:840)
2026-09-21 10:37:52.447 ERROR [backlog-poster-146] c.t.n.service.BacklogService - 46. ERROR for Transaction with batch=2022243509, type=EN, action=TERMINATE, stage=POST, elapsedMs=66384, reason=A JSONObject text must begin with '{' at 1 [character 2 line 1] [46/50 ok=12 fail=34]
org.json.JSONException: A JSONObject text must begin with '{' at 1 [character 2 line 1]
	at org.json.JSONTokener.syntaxError(JSONTokener.java:503)
	at org.json.JSONObject.<init>(JSONObject.java:213)
	at org.json.JSONObject.<init>(JSONObject.java:430)
	at com.turnkey.naicombacklog.service.NaicomPostingService.terminateNaicomPolicy(NaicomPostingService.java:752)
	at com.turnkey.naicombacklog.service.BacklogService.post(BacklogService.java:263)
	at com.turnkey.naicombacklog.service.BacklogService.processBacklog(BacklogService.java:191)
	at com.turnkey.naicombacklog.service.BacklogService.lambda$processConcurrently$1(BacklogService.java:303)
	at java.base/java.util.concurrent.FutureTask.run$$$capture(FutureTask.java:264)
	at java.base/java.util.concurrent.FutureTask.run(FutureTask.java)
	at java.base/java.util.concurrent.ThreadPoolExecutor.runWorker(ThreadPoolExecutor.java:1136)
	at java.base/java.util.concurrent.ThreadPoolExecutor$Worker.run(ThreadPoolExecutor.java:635)
	at java.base/java.lang.Thread.run(Thread.java:840)
2026-09-21 10:37:57.425 INFO  [backlog-poster-153] c.t.n.service.BacklogService - 47. SUCCESS for Transaction with batch=2022243527, type=EN, action=ENDORSE, status=200 OK, uniqueId=029230361009440070, elapsedMs=63285 [47/50 ok=13 fail=34]
2026-09-21 10:37:57.803 ERROR [backlog-poster-147] c.t.n.service.ThirdPartyApiClient - Error posting to NAICOM_POLICY_ENDORSEMENT_URL: timeout
java.net.SocketTimeoutException: timeout
	at okhttp3.internal.http2.Http2Stream$StreamTimeout.newTimeoutException(Http2Stream.kt:675)
	at okhttp3.internal.http2.Http2Stream$StreamTimeout.exitAndThrowIfTimedOut(Http2Stream.kt:684)
	at okhttp3.internal.http2.Http2Stream.takeHeaders(Http2Stream.kt:143)
	at okhttp3.internal.http2.Http2ExchangeCodec.readResponseHeaders(Http2ExchangeCodec.kt:97)
	at okhttp3.internal.connection.Exchange.readResponseHeaders(Exchange.kt:110)
	at okhttp3.internal.http.CallServerInterceptor.intercept(CallServerInterceptor.kt:93)
	at okhttp3.internal.http.RealInterceptorChain.proceed(RealInterceptorChain.kt:109)
	at okhttp3.internal.connection.ConnectInterceptor.intercept(ConnectInterceptor.kt:34)
	at okhttp3.internal.http.RealInterceptorChain.proceed(RealInterceptorChain.kt:109)
	at okhttp3.internal.cache.CacheInterceptor.intercept(CacheInterceptor.kt:95)
	at okhttp3.internal.http.RealInterceptorChain.proceed(RealInterceptorChain.kt:109)
	at okhttp3.internal.http.BridgeInterceptor.intercept(BridgeInterceptor.kt:83)
	at okhttp3.internal.http.RealInterceptorChain.proceed(RealInterceptorChain.kt:109)
	at okhttp3.internal.http.RetryAndFollowUpInterceptor.intercept(RetryAndFollowUpInterceptor.kt:76)
	at okhttp3.internal.http.RealInterceptorChain.proceed(RealInterceptorChain.kt:109)
	at okhttp3.internal.connection.RealCall.getResponseWithInterceptorChain$okhttp(RealCall.kt:201)
	at okhttp3.internal.connection.RealCall.execute(RealCall.kt:154)
	at com.turnkey.naicombacklog.service.ThirdPartyApiClient.postTransaction(ThirdPartyApiClient.java:37)
	at com.turnkey.naicombacklog.service.NaicomPostingService.endorseAutoPolicy(NaicomPostingService.java:577)
	at com.turnkey.naicombacklog.service.NaicomPostingService.endorsePolicy(NaicomPostingService.java:307)
	at com.turnkey.naicombacklog.service.BacklogService.post(BacklogService.java:261)
	at com.turnkey.naicombacklog.service.BacklogService.processBacklog(BacklogService.java:191)
	at com.turnkey.naicombacklog.service.BacklogService.lambda$processConcurrently$1(BacklogService.java:303)
	at java.base/java.util.concurrent.FutureTask.run$$$capture(FutureTask.java:264)
	at java.base/java.util.concurrent.FutureTask.run(FutureTask.java)
	at java.base/java.util.concurrent.ThreadPoolExecutor.runWorker(ThreadPoolExecutor.java:1136)
	at java.base/java.util.concurrent.ThreadPoolExecutor$Worker.run(ThreadPoolExecutor.java:635)
	at java.base/java.lang.Thread.run(Thread.java:840)
2026-09-21 10:37:58.947 WARN  [backlog-poster-147] c.t.n.service.BacklogService - 48. FAILURE for Transaction with batch=2022243520, type=EN, action=ENDORSE, stage=POST, status=408 REQUEST_TIMEOUT, elapsedMs=64324, reason=timeout Encountered while posting Naicom Policy [48/50 ok=13 fail=35]
2026-09-21 10:38:08.112 ERROR [backlog-poster-152] c.t.n.service.ThirdPartyApiClient - Error posting to NAICOM_POLICY_ENDORSEMENT_URL: timeout
java.net.SocketTimeoutException: timeout
	at okhttp3.internal.http2.Http2Stream$StreamTimeout.newTimeoutException(Http2Stream.kt:675)
	at okhttp3.internal.http2.Http2Stream$StreamTimeout.exitAndThrowIfTimedOut(Http2Stream.kt:684)
	at okhttp3.internal.http2.Http2Stream.takeHeaders(Http2Stream.kt:143)
	at okhttp3.internal.http2.Http2ExchangeCodec.readResponseHeaders(Http2ExchangeCodec.kt:97)
	at okhttp3.internal.connection.Exchange.readResponseHeaders(Exchange.kt:110)
	at okhttp3.internal.http.CallServerInterceptor.intercept(CallServerInterceptor.kt:93)
	at okhttp3.internal.http.RealInterceptorChain.proceed(RealInterceptorChain.kt:109)
	at okhttp3.internal.connection.ConnectInterceptor.intercept(ConnectInterceptor.kt:34)
	at okhttp3.internal.http.RealInterceptorChain.proceed(RealInterceptorChain.kt:109)
	at okhttp3.internal.cache.CacheInterceptor.intercept(CacheInterceptor.kt:95)
	at okhttp3.internal.http.RealInterceptorChain.proceed(RealInterceptorChain.kt:109)
	at okhttp3.internal.http.BridgeInterceptor.intercept(BridgeInterceptor.kt:83)
	at okhttp3.internal.http.RealInterceptorChain.proceed(RealInterceptorChain.kt:109)
	at okhttp3.internal.http.RetryAndFollowUpInterceptor.intercept(RetryAndFollowUpInterceptor.kt:76)
	at okhttp3.internal.http.RealInterceptorChain.proceed(RealInterceptorChain.kt:109)
	at okhttp3.internal.connection.RealCall.getResponseWithInterceptorChain$okhttp(RealCall.kt:201)
	at okhttp3.internal.connection.RealCall.execute(RealCall.kt:154)
	at com.turnkey.naicombacklog.service.ThirdPartyApiClient.postTransaction(ThirdPartyApiClient.java:37)
	at com.turnkey.naicombacklog.service.NaicomPostingService.endorseAutoPolicy(NaicomPostingService.java:577)
	at com.turnkey.naicombacklog.service.NaicomPostingService.endorsePolicy(NaicomPostingService.java:307)
	at com.turnkey.naicombacklog.service.BacklogService.post(BacklogService.java:261)
	at com.turnkey.naicombacklog.service.BacklogService.processBacklog(BacklogService.java:191)
	at com.turnkey.naicombacklog.service.BacklogService.lambda$processConcurrently$1(BacklogService.java:303)
	at java.base/java.util.concurrent.FutureTask.run$$$capture(FutureTask.java:264)
	at java.base/java.util.concurrent.FutureTask.run(FutureTask.java)
	at java.base/java.util.concurrent.ThreadPoolExecutor.runWorker(ThreadPoolExecutor.java:1136)
	at java.base/java.util.concurrent.ThreadPoolExecutor$Worker.run(ThreadPoolExecutor.java:635)
	at java.base/java.lang.Thread.run(Thread.java:840)
2026-09-21 10:38:09.334 WARN  [backlog-poster-152] c.t.n.service.BacklogService - 49. FAILURE for Transaction with batch=2022243578, type=EN, action=ENDORSE, stage=POST, status=408 REQUEST_TIMEOUT, elapsedMs=65055, reason=timeout Encountered while posting Naicom Policy [49/50 ok=13 fail=36]
2026-09-21 10:38:12.232 INFO  [backlog-poster-151] c.t.n.service.BacklogService - 50. SUCCESS for Transaction with batch=2022243601, type=EN, action=ENDORSE, status=200 OK, uniqueId=029230361005582094, elapsedMs=65800 [50/50 ok=14 fail=36]
2026-09-21 10:38:12.232 INFO  [http-nio-8090-exec-9] c.t.n.service.BacklogService - Backlog run finished: transactionType=EN, offset=0, count=50, succeeded=14, failed=36, elapsedMs=343993 (6879 ms/policy)
2026-09-21 10:38:23.373 INFO  [http-nio-8090-exec-2] c.t.n.controller.BacklogController - Received /postbacklog request: transactionType=EN, offset=0, limit=10, concurrency=8
2026-09-21 10:38:25.252 INFO  [http-nio-8090-exec-2] c.t.n.dao.PolicyTransactionDao - Fetched 10 backlog batch numbers (offset=0, limit=10) for transaction type EN in 1879 ms
2026-09-21 10:38:25.252 INFO  [http-nio-8090-exec-2] c.t.n.service.BacklogService - Backlog run starting: transactionType=EN, offset=0, count=10, concurrency=8
2026-09-21 10:38:49.693 INFO  [backlog-poster-272] c.t.n.service.BacklogService - 1. SUCCESS for Transaction with batch=2022242954, type=EN, action=ENDORSE, status=200 OK, uniqueId=029230361009440070, elapsedMs=24439 [1/10 ok=1 fail=0]
2026-09-21 10:38:51.433 INFO  [backlog-poster-263] c.t.n.service.BacklogService - 2. SUCCESS for Transaction with batch=2022242928, type=EN, action=TERMINATE, status=200 OK, uniqueId=null, elapsedMs=26180 [2/10 ok=2 fail=0]
2026-09-21 10:38:57.387 INFO  [backlog-poster-262] c.t.n.service.BacklogService - 3. SUCCESS for Transaction with batch=2021238799, type=EN, action=TERMINATE, status=200 OK, uniqueId=null, elapsedMs=32134 [3/10 ok=3 fail=0]
2026-09-21 10:38:58.915 ERROR [backlog-poster-263] c.t.n.service.BacklogService - 5. ERROR for Transaction with batch=2022243003, type=EN, action=ENDORSE, stage=POST, elapsedMs=7482, reason=A JSONObject text must begin with '{' at 0 [character 1 line 1] [5/10 ok=4 fail=1]
org.json.JSONException: A JSONObject text must begin with '{' at 0 [character 1 line 1]
	at org.json.JSONTokener.syntaxError(JSONTokener.java:503)
	at org.json.JSONObject.<init>(JSONObject.java:213)
	at org.json.JSONObject.<init>(JSONObject.java:430)
	at com.turnkey.naicombacklog.service.NaicomPostingService.endorseAutoPolicy(NaicomPostingService.java:587)
	at com.turnkey.naicombacklog.service.NaicomPostingService.endorsePolicy(NaicomPostingService.java:307)
	at com.turnkey.naicombacklog.service.BacklogService.post(BacklogService.java:261)
	at com.turnkey.naicombacklog.service.BacklogService.processBacklog(BacklogService.java:191)
	at com.turnkey.naicombacklog.service.BacklogService.lambda$processConcurrently$1(BacklogService.java:303)
	at java.base/java.util.concurrent.FutureTask.run$$$capture(FutureTask.java:264)
	at java.base/java.util.concurrent.FutureTask.run(FutureTask.java)
	at java.base/java.util.concurrent.ThreadPoolExecutor.runWorker(ThreadPoolExecutor.java:1136)
	at java.base/java.util.concurrent.ThreadPoolExecutor$Worker.run(ThreadPoolExecutor.java:635)
	at java.base/java.lang.Thread.run(Thread.java:840)
2026-09-21 10:38:58.915 INFO  [backlog-poster-265] c.t.n.service.BacklogService - 4. SUCCESS for Transaction with batch=2022242945, type=EN, action=TERMINATE, status=200 OK, uniqueId=null, elapsedMs=33662 [4/10 ok=4 fail=0]
2026-09-21 10:38:59.205 ERROR [backlog-poster-272] c.t.n.service.BacklogService - 6. ERROR for Transaction with batch=2022242965, type=EN, action=ENDORSE, stage=POST, elapsedMs=9512, reason=A JSONObject text must begin with '{' at 0 [character 1 line 1] [6/10 ok=4 fail=2]
org.json.JSONException: A JSONObject text must begin with '{' at 0 [character 1 line 1]
	at org.json.JSONTokener.syntaxError(JSONTokener.java:503)
	at org.json.JSONObject.<init>(JSONObject.java:213)
	at org.json.JSONObject.<init>(JSONObject.java:430)
	at com.turnkey.naicombacklog.service.NaicomPostingService.endorseAutoPolicy(NaicomPostingService.java:587)
	at com.turnkey.naicombacklog.service.NaicomPostingService.endorsePolicy(NaicomPostingService.java:307)
	at com.turnkey.naicombacklog.service.BacklogService.post(BacklogService.java:261)
	at com.turnkey.naicombacklog.service.BacklogService.processBacklog(BacklogService.java:191)
	at com.turnkey.naicombacklog.service.BacklogService.lambda$processConcurrently$1(BacklogService.java:303)
	at java.base/java.util.concurrent.FutureTask.run$$$capture(FutureTask.java:264)
	at java.base/java.util.concurrent.FutureTask.run(FutureTask.java)
	at java.base/java.util.concurrent.ThreadPoolExecutor.runWorker(ThreadPoolExecutor.java:1136)
	at java.base/java.util.concurrent.ThreadPoolExecutor$Worker.run(ThreadPoolExecutor.java:635)
	at java.base/java.lang.Thread.run(Thread.java:840)
2026-09-21 10:39:00.216 WARN  [backlog-poster-267] c.t.n.service.BacklogService - 7. FAILURE for Transaction with batch=2022242950, type=EN, action=TERMINATE, stage=POST, status=400 BAD_REQUEST, elapsedMs=33662, reason=1000: Can not parse the sending data. JSON ERROR: Could not find a part of the path 'C:\inetpub\wwwroot\api\Logs\sql.log'. [7/10 ok=4 fail=3]
2026-09-21 10:39:04.345 WARN  [backlog-poster-264] c.t.n.service.BacklogService - 8. FAILURE for Transaction with batch=2022242937, type=EN, action=TERMINATE, stage=POST, status=400 BAD_REQUEST, elapsedMs=38140, reason=1000: Can not parse the sending data. JSON ERROR: Object reference not set to an instance of an object. [8/10 ok=4 fail=4]
2026-09-21 10:39:06.521 INFO  [backlog-poster-266] c.t.n.service.BacklogService - 9. SUCCESS for Transaction with batch=2022242948, type=EN, action=ENDORSE, status=200 OK, uniqueId=029240361002018578, elapsedMs=41268 [9/10 ok=5 fail=4]
2026-09-21 10:39:06.985 WARN  [backlog-poster-268] c.t.n.service.BacklogService - 10. FAILURE for Transaction with batch=2022242953, type=EN, action=TERMINATE, stage=POST, status=400 BAD_REQUEST, elapsedMs=40732, reason=1000: Can not parse the sending data. JSON ERROR: Could not find a part of the path 'C:\inetpub\wwwroot\api\Logs\sql.log'. [10/10 ok=5 fail=5]
2026-09-21 10:39:06.985 INFO  [http-nio-8090-exec-2] c.t.n.service.BacklogService - Backlog run finished: transactionType=EN, offset=0, count=10, succeeded=5, failed=5, elapsedMs=43612 (4361 ms/policy)
2026-09-21 10:39:27.549 INFO  [http-nio-8090-exec-5] c.t.n.controller.BacklogController - Received /postbacklog request: transactionType=EN, offset=0, limit=10, concurrency=8
2026-09-21 10:39:28.674 INFO  [http-nio-8090-exec-5] c.t.n.dao.PolicyTransactionDao - Fetched 1 backlog batch numbers (offset=0, limit=10) for transaction type EN in 1125 ms
2026-09-21 10:39:28.674 INFO  [http-nio-8090-exec-5] c.t.n.service.BacklogService - Backlog run starting: transactionType=EN, offset=0, count=1, concurrency=8
2026-09-21 10:39:37.370 INFO  [backlog-poster-296] c.t.n.service.BacklogService - 1. SUCCESS for Transaction with batch=2022242965, type=EN, action=ENDORSE, status=200 OK, uniqueId=029260361119754056, elapsedMs=8695 [1/1 ok=1 fail=0]
2026-09-21 10:39:37.370 INFO  [http-nio-8090-exec-5] c.t.n.service.BacklogService - Backlog run finished: transactionType=EN, offset=0, count=1, succeeded=1, failed=0, elapsedMs=9821 (9821 ms/policy)
2026-09-21 10:39:48.571 INFO  [http-nio-8090-exec-6] c.t.n.controller.BacklogController - Received /postbacklog request: transactionType=EN, offset=0, limit=10, concurrency=8
2026-09-21 10:39:49.710 INFO  [http-nio-8090-exec-6] c.t.n.dao.PolicyTransactionDao - Fetched 0 backlog batch numbers (offset=0, limit=10) for transaction type EN in 1134 ms
2026-09-21 10:39:49.710 INFO  [http-nio-8090-exec-6] c.t.n.service.BacklogService - Backlog run: transactionType=EN, offset=0 - nothing to process
2026-09-21 10:40:15.831 INFO  [http-nio-8090-exec-8] c.t.n.controller.BacklogController - Received /postbacklog request: transactionType=EN, offset=0, limit=10, concurrency=8
2026-09-21 10:40:17.847 INFO  [http-nio-8090-exec-8] c.t.n.dao.PolicyTransactionDao - Fetched 10 backlog batch numbers (offset=0, limit=10) for transaction type EN in 2016 ms
2026-09-21 10:40:17.847 INFO  [http-nio-8090-exec-8] c.t.n.service.BacklogService - Backlog run starting: transactionType=EN, offset=0, count=10, concurrency=8
2026-09-21 10:40:27.565 INFO  [backlog-poster-304] c.t.n.service.BacklogService - 1. SUCCESS for Transaction with batch=2021238799, type=EN, action=TERMINATE, status=200 OK, uniqueId=null, elapsedMs=9717 [1/10 ok=1 fail=0]
2026-09-21 10:40:29.300 INFO  [backlog-poster-306] c.t.n.service.BacklogService - 2. SUCCESS for Transaction with batch=2022242937, type=EN, action=TERMINATE, status=200 OK, uniqueId=null, elapsedMs=11451 [2/10 ok=2 fail=0]
2026-09-21 10:40:31.243 INFO  [backlog-poster-310] c.t.n.service.BacklogService - 3. SUCCESS for Transaction with batch=2022242953, type=EN, action=TERMINATE, status=200 OK, uniqueId=null, elapsedMs=13389 [3/10 ok=3 fail=0]
2026-09-21 10:40:32.277 INFO  [backlog-poster-307] c.t.n.service.BacklogService - 4. SUCCESS for Transaction with batch=2022242945, type=EN, action=TERMINATE, status=200 OK, uniqueId=null, elapsedMs=14428 [4/10 ok=4 fail=0]
2026-09-21 10:40:32.851 INFO  [backlog-poster-305] c.t.n.service.BacklogService - 5. SUCCESS for Transaction with batch=2022242928, type=EN, action=TERMINATE, status=200 OK, uniqueId=null, elapsedMs=15003 [5/10 ok=5 fail=0]
2026-09-21 10:40:33.299 INFO  [backlog-poster-308] c.t.n.service.BacklogService - 6. SUCCESS for Transaction with batch=2022242950, type=EN, action=TERMINATE, status=200 OK, uniqueId=null, elapsedMs=15450 [6/10 ok=6 fail=0]
2026-09-21 10:40:33.299 INFO  [backlog-poster-315] c.t.n.service.BacklogService - 7. SUCCESS for Transaction with batch=2022243009, type=EN, action=ENDORSE, status=200 OK, uniqueId=029260361119754056, elapsedMs=15449 [7/10 ok=7 fail=0]
2026-09-21 10:40:33.767 INFO  [backlog-poster-314] c.t.n.service.BacklogService - 8. SUCCESS for Transaction with batch=2022243003, type=EN, action=ENDORSE, status=200 OK, uniqueId=029260361119526803, elapsedMs=15917 [8/10 ok=8 fail=0]
2026-09-21 10:40:36.425 INFO  [backlog-poster-304] c.t.n.service.BacklogService - 9. SUCCESS for Transaction with batch=2022243027, type=EN, action=POST, status=201 CREATED, uniqueId=029260357119754149, elapsedMs=8860 [9/10 ok=9 fail=0]
2026-09-21 10:40:38.328 INFO  [backlog-poster-306] c.t.n.service.BacklogService - 10. SUCCESS for Transaction with batch=2022243029, type=EN, action=ENDORSE, status=200 OK, uniqueId=029230361005582094, elapsedMs=9028 [10/10 ok=10 fail=0]
2026-09-21 10:40:38.328 INFO  [http-nio-8090-exec-8] c.t.n.service.BacklogService - Backlog run finished: transactionType=EN, offset=0, count=10, succeeded=10, failed=0, elapsedMs=22497 (2249 ms/policy)
2026-09-21 10:40:48.800 INFO  [http-nio-8090-exec-10] c.t.n.controller.BacklogController - Received /postbacklog request: transactionType=EN, offset=0, limit=10, concurrency=8
2026-09-21 10:40:50.465 INFO  [http-nio-8090-exec-10] c.t.n.dao.PolicyTransactionDao - Fetched 10 backlog batch numbers (offset=0, limit=10) for transaction type EN in 1665 ms
2026-09-21 10:40:50.465 INFO  [http-nio-8090-exec-10] c.t.n.service.BacklogService - Backlog run starting: transactionType=EN, offset=0, count=10, concurrency=8
2026-09-21 10:40:59.606 INFO  [backlog-poster-341] c.t.n.service.BacklogService - 1. SUCCESS for Transaction with batch=2021238799, type=EN, action=TERMINATE, status=200 OK, uniqueId=null, elapsedMs=9140 [1/10 ok=1 fail=0]
2026-09-21 10:40:59.753 INFO  [backlog-poster-348] c.t.n.service.BacklogService - 2. SUCCESS for Transaction with batch=2022242953, type=EN, action=TERMINATE, status=200 OK, uniqueId=null, elapsedMs=9284 [2/10 ok=2 fail=0]
2026-09-21 10:41:00.037 INFO  [backlog-poster-342] c.t.n.service.BacklogService - 3. SUCCESS for Transaction with batch=2022242928, type=EN, action=TERMINATE, status=200 OK, uniqueId=null, elapsedMs=9570 [3/10 ok=3 fail=0]
2026-09-21 10:41:00.431 INFO  [backlog-poster-343] c.t.n.service.BacklogService - 4. SUCCESS for Transaction with batch=2022242937, type=EN, action=TERMINATE, status=200 OK, uniqueId=null, elapsedMs=9964 [4/10 ok=4 fail=0]
2026-09-21 10:41:01.921 INFO  [backlog-poster-346] c.t.n.service.BacklogService - 5. SUCCESS for Transaction with batch=2022242950, type=EN, action=TERMINATE, status=200 OK, uniqueId=null, elapsedMs=11452 [5/10 ok=5 fail=0]
2026-09-21 10:41:02.569 INFO  [backlog-poster-352] c.t.n.service.BacklogService - 6. SUCCESS for Transaction with batch=2022243054, type=EN, action=ENDORSE, status=200 OK, uniqueId=029260361119754056, elapsedMs=12098 [6/10 ok=6 fail=0]
2026-09-21 10:41:02.569 INFO  [backlog-poster-349] c.t.n.service.BacklogService - 7. SUCCESS for Transaction with batch=2022243043, type=EN, action=ENDORSE, status=200 OK, uniqueId=029240361002020749, elapsedMs=12098 [7/10 ok=7 fail=0]
2026-09-21 10:41:02.930 WARN  [backlog-poster-344] c.t.n.service.BacklogService - 8. FAILURE for Transaction with batch=2022242945, type=EN, action=TERMINATE, stage=POST, status=400 BAD_REQUEST, elapsedMs=11452, reason=1000: Can not parse the sending data. JSON ERROR: Could not find a part of the path 'C:\inetpub\wwwroot\api\Logs\sql.log'. [8/10 ok=7 fail=1]
2026-09-21 10:41:05.832 WARN  [backlog-poster-348] c.t.n.service.BacklogService - 9. FAILURE for Transaction with batch=2022243080, type=EN, action=POST, stage=POST, status=400 BAD_REQUEST, elapsedMs=5214, reason=1131: Policy auto total premium is invalid. [9/10 ok=7 fail=2]
2026-09-21 10:41:07.458 INFO  [backlog-poster-341] c.t.n.service.BacklogService - 10. SUCCESS for Transaction with batch=2022243074, type=EN, action=ENDORSE, status=200 OK, uniqueId=029230361005582094, elapsedMs=7851 [10/10 ok=8 fail=2]
2026-09-21 10:41:07.459 INFO  [http-nio-8090-exec-10] c.t.n.service.BacklogService - Backlog run finished: transactionType=EN, offset=0, count=10, succeeded=8, failed=2, elapsedMs=18659 (1865 ms/policy)
2026-09-21 10:41:15.700 INFO  [http-nio-8090-exec-9] c.t.n.controller.BacklogController - Received /postbacklog request: transactionType=EN, offset=0, limit=10, concurrency=8
2026-09-21 10:41:17.409 INFO  [http-nio-8090-exec-9] c.t.n.dao.PolicyTransactionDao - Fetched 10 backlog batch numbers (offset=0, limit=10) for transaction type EN in 1709 ms
2026-09-21 10:41:17.409 INFO  [http-nio-8090-exec-9] c.t.n.service.BacklogService - Backlog run starting: transactionType=EN, offset=0, count=10, concurrency=8
2026-09-21 10:41:23.717 WARN  [backlog-poster-383] c.t.n.service.BacklogService - 1. FAILURE for Transaction with batch=2022243080, type=EN, action=POST, stage=POST, status=400 BAD_REQUEST, elapsedMs=5034, reason=1131: Policy auto total premium is invalid. [1/10 ok=0 fail=1]
2026-09-21 10:41:25.753 INFO  [backlog-poster-376] c.t.n.service.BacklogService - 2. SUCCESS for Transaction with batch=2022242928, type=EN, action=TERMINATE, status=200 OK, uniqueId=null, elapsedMs=8343 [2/10 ok=1 fail=1]
2026-09-21 10:41:27.341 INFO  [backlog-poster-378] c.t.n.service.BacklogService - 3. SUCCESS for Transaction with batch=2022242945, type=EN, action=TERMINATE, status=200 OK, uniqueId=null, elapsedMs=9931 [3/10 ok=2 fail=1]
2026-09-21 10:41:27.755 INFO  [backlog-poster-379] c.t.n.service.BacklogService - 5. SUCCESS for Transaction with batch=2022242950, type=EN, action=TERMINATE, status=200 OK, uniqueId=null, elapsedMs=10344 [5/10 ok=4 fail=1]
2026-09-21 10:41:27.755 INFO  [backlog-poster-375] c.t.n.service.BacklogService - 4. SUCCESS for Transaction with batch=2021238799, type=EN, action=TERMINATE, status=200 OK, uniqueId=null, elapsedMs=10345 [4/10 ok=3 fail=1]
2026-09-21 10:41:28.039 INFO  [backlog-poster-385] c.t.n.service.BacklogService - 6. SUCCESS for Transaction with batch=2022243081, type=EN, action=ENDORSE, status=200 OK, uniqueId=029230361009446122, elapsedMs=10628 [6/10 ok=5 fail=1]
2026-09-21 10:41:29.359 INFO  [backlog-poster-377] c.t.n.service.BacklogService - 7. SUCCESS for Transaction with batch=2022242937, type=EN, action=TERMINATE, status=200 OK, uniqueId=null, elapsedMs=11949 [7/10 ok=6 fail=1]
2026-09-21 10:41:30.459 WARN  [backlog-poster-381] c.t.n.service.BacklogService - 8. FAILURE for Transaction with batch=2022242953, type=EN, action=TERMINATE, stage=POST, status=400 BAD_REQUEST, elapsedMs=11949, reason=1000: Can not parse the sending data. JSON ERROR: Could not find a part of the path 'C:\inetpub\wwwroot\api\Logs\sql.log'. [8/10 ok=6 fail=2]
2026-09-21 10:41:32.819 INFO  [backlog-poster-383] c.t.n.service.BacklogService - 9. SUCCESS for Transaction with batch=2022243086, type=EN, action=ENDORSE, status=200 OK, uniqueId=029230361009440070, elapsedMs=9102 [9/10 ok=7 fail=2]
2026-09-21 10:41:33.859 INFO  [backlog-poster-376] c.t.n.service.BacklogService - 10. SUCCESS for Transaction with batch=2022243094, type=EN, action=TERMINATE, status=200 OK, uniqueId=null, elapsedMs=8106 [10/10 ok=8 fail=2]
2026-09-21 10:41:33.861 INFO  [http-nio-8090-exec-9] c.t.n.service.BacklogService - Backlog run finished: transactionType=EN, offset=0, count=10, succeeded=8, failed=2, elapsedMs=18161 (1816 ms/policy)
2026-09-21 10:41:38.378 INFO  [http-nio-8090-exec-1] c.t.n.controller.BacklogController - Received /postbacklog request: transactionType=EN, offset=0, limit=10, concurrency=8
2026-09-21 10:41:40.181 INFO  [http-nio-8090-exec-1] c.t.n.dao.PolicyTransactionDao - Fetched 10 backlog batch numbers (offset=0, limit=10) for transaction type EN in 1803 ms
2026-09-21 10:41:40.181 INFO  [http-nio-8090-exec-1] c.t.n.service.BacklogService - Backlog run starting: transactionType=EN, offset=0, count=10, concurrency=8
2026-09-21 10:41:47.734 WARN  [backlog-poster-415] c.t.n.service.BacklogService - 1. FAILURE for Transaction with batch=2022243080, type=EN, action=POST, stage=POST, status=400 BAD_REQUEST, elapsedMs=6434, reason=1131: Policy auto total premium is invalid. [1/10 ok=0 fail=1]
2026-09-21 10:41:48.811 INFO  [backlog-poster-412] c.t.n.service.BacklogService - 2. SUCCESS for Transaction with batch=2022242950, type=EN, action=TERMINATE, status=200 OK, uniqueId=null, elapsedMs=8627 [2/10 ok=1 fail=1]
2026-09-21 10:41:50.586 INFO  [backlog-poster-409] c.t.n.service.BacklogService - 3. SUCCESS for Transaction with batch=2022242928, type=EN, action=TERMINATE, status=200 OK, uniqueId=null, elapsedMs=10403 [3/10 ok=2 fail=1]
2026-09-21 10:41:50.586 INFO  [backlog-poster-408] c.t.n.service.BacklogService - 4. SUCCESS for Transaction with batch=2021238799, type=EN, action=TERMINATE, status=200 OK, uniqueId=null, elapsedMs=10403 [4/10 ok=3 fail=1]
2026-09-21 10:41:51.947 INFO  [backlog-poster-414] c.t.n.service.BacklogService - 5. SUCCESS for Transaction with batch=2022242953, type=EN, action=TERMINATE, status=200 OK, uniqueId=null, elapsedMs=11763 [5/10 ok=4 fail=1]
2026-09-21 10:41:52.890 WARN  [backlog-poster-410] c.t.n.service.BacklogService - 6. FAILURE for Transaction with batch=2022242937, type=EN, action=TERMINATE, stage=POST, status=400 BAD_REQUEST, elapsedMs=11764, reason=1000: Can not parse the sending data. JSON ERROR: Could not find a part of the path 'C:\inetpub\wwwroot\api\Logs\sql.log'. [6/10 ok=4 fail=2]
2026-09-21 10:41:57.583 INFO  [backlog-poster-411] c.t.n.service.BacklogService - 7. SUCCESS for Transaction with batch=2022242945, type=EN, action=TERMINATE, status=200 OK, uniqueId=null, elapsedMs=17399 [7/10 ok=5 fail=2]
2026-09-21 10:41:58.313 INFO  [backlog-poster-415] c.t.n.service.BacklogService - 8. SUCCESS for Transaction with batch=2022243109, type=EN, action=ENDORSE, status=200 OK, uniqueId=029240361007348187, elapsedMs=10579 [8/10 ok=6 fail=2]
2026-09-21 10:41:58.515 WARN  [backlog-poster-418] c.t.n.service.BacklogService - 9. FAILURE for Transaction with batch=2022243094, type=EN, action=TERMINATE, stage=POST, status=400 BAD_REQUEST, elapsedMs=17398, reason=1000: Can not parse the sending data. JSON ERROR: Could not find a part of the path 'C:\inetpub\wwwroot\api\Logs\sql.log'. [9/10 ok=6 fail=3]
2026-09-21 10:41:59.104 INFO  [backlog-poster-412] c.t.n.service.BacklogService - 10. SUCCESS for Transaction with batch=2022243150, type=EN, action=ENDORSE, status=200 OK, uniqueId=029230357016698108, elapsedMs=10293 [10/10 ok=7 fail=3]
2026-09-21 10:41:59.104 INFO  [http-nio-8090-exec-1] c.t.n.service.BacklogService - Backlog run finished: transactionType=EN, offset=0, count=10, succeeded=7, failed=3, elapsedMs=20726 (2072 ms/policy)
2026-09-21 10:42:10.566 INFO  [http-nio-8090-exec-2] c.t.n.controller.BacklogController - Received /postbacklog request: transactionType=EN, offset=0, limit=20, concurrency=8
2026-09-21 10:42:12.456 INFO  [http-nio-8090-exec-2] c.t.n.dao.PolicyTransactionDao - Fetched 20 backlog batch numbers (offset=0, limit=20) for transaction type EN in 1890 ms
2026-09-21 10:42:12.456 INFO  [http-nio-8090-exec-2] c.t.n.service.BacklogService - Backlog run starting: transactionType=EN, offset=0, count=20, concurrency=8
2026-09-21 10:42:18.842 INFO  [backlog-poster-442] c.t.n.service.BacklogService - 1. SUCCESS for Transaction with batch=2022242928, type=EN, action=TERMINATE, status=200 OK, uniqueId=null, elapsedMs=6385 [1/20 ok=1 fail=0]
2026-09-21 10:42:19.028 WARN  [backlog-poster-448] c.t.n.service.BacklogService - 2. FAILURE for Transaction with batch=2022243080, type=EN, action=POST, stage=POST, status=400 BAD_REQUEST, elapsedMs=5524, reason=1131: Policy auto total premium is invalid. [2/20 ok=1 fail=1]
2026-09-21 10:42:20.982 INFO  [backlog-poster-441] c.t.n.service.BacklogService - 3. SUCCESS for Transaction with batch=2021238799, type=EN, action=TERMINATE, status=200 OK, uniqueId=null, elapsedMs=8526 [3/20 ok=2 fail=1]
2026-09-21 10:42:24.246 WARN  [backlog-poster-449] c.t.n.service.BacklogService - 4. FAILURE for Transaction with batch=2022243094, type=EN, action=TERMINATE, stage=POST, status=400 BAD_REQUEST, elapsedMs=10777, reason=6105: Failed to terminate the policy. [4/20 ok=2 fail=2]
2026-09-21 10:42:28.320 INFO  [backlog-poster-444] c.t.n.service.BacklogService - 5. SUCCESS for Transaction with batch=2022242945, type=EN, action=TERMINATE, status=200 OK, uniqueId=null, elapsedMs=15863 [5/20 ok=3 fail=2]
2026-09-21 10:42:28.881 WARN  [backlog-poster-448] c.t.n.service.BacklogService - 6. FAILURE for Transaction with batch=2022243173, type=EN, action=POST, stage=POST, status=400 BAD_REQUEST, elapsedMs=8978, reason=1125: Policy auto phone postcode is invalid. [6/20 ok=3 fail=3]
2026-09-21 10:42:29.125 WARN  [backlog-poster-445] c.t.n.service.BacklogService - 7. FAILURE for Transaction with batch=2022242950, type=EN, action=TERMINATE, stage=POST, status=400 BAD_REQUEST, elapsedMs=15863, reason=1000: Can not parse the sending data. JSON ERROR: Could not find a part of the path 'C:\inetpub\wwwroot\api\Logs\sql.log'. [7/20 ok=3 fail=4]
2026-09-21 10:42:30.835 INFO  [backlog-poster-446] c.t.n.service.BacklogService - 8. SUCCESS for Transaction with batch=2022242953, type=EN, action=TERMINATE, status=200 OK, uniqueId=null, elapsedMs=18378 [8/20 ok=4 fail=4]
2026-09-21 10:42:31.660 WARN  [backlog-poster-443] c.t.n.service.BacklogService - 9. FAILURE for Transaction with batch=2022242937, type=EN, action=TERMINATE, stage=POST, status=400 BAD_REQUEST, elapsedMs=18378, reason=1000: Can not parse the sending data. JSON ERROR: Could not find a part of the path 'C:\inetpub\wwwroot\api\Logs\sql.log'. [9/20 ok=4 fail=5]
2026-09-21 10:42:32.510 INFO  [backlog-poster-441] c.t.n.service.BacklogService - 11. SUCCESS for Transaction with batch=2022243196, type=EN, action=ENDORSE, status=200 OK, uniqueId=029260361119754056, elapsedMs=11528 [11/20 ok=6 fail=5]
2026-09-21 10:42:32.510 INFO  [backlog-poster-442] c.t.n.service.BacklogService - 10. SUCCESS for Transaction with batch=2022243156, type=EN, action=ENDORSE, status=200 OK, uniqueId=029240361002018578, elapsedMs=13668 [10/20 ok=5 fail=5]
2026-09-21 10:42:32.637 INFO  [backlog-poster-449] c.t.n.service.BacklogService - 12. SUCCESS for Transaction with batch=2022243199, type=EN, action=ENDORSE, status=200 OK, uniqueId=029230361018840229, elapsedMs=8391 [12/20 ok=7 fail=5]
2026-09-21 10:42:34.939 INFO  [backlog-poster-444] c.t.n.service.BacklogService - 13. SUCCESS for Transaction with batch=2022243217, type=EN, action=TERMINATE, status=200 OK, uniqueId=null, elapsedMs=6618 [13/20 ok=8 fail=5]
2026-09-21 10:42:36.787 INFO  [backlog-poster-448] c.t.n.service.BacklogService - 14. SUCCESS for Transaction with batch=2022243239, type=EN, action=ENDORSE, status=200 OK, uniqueId=029230361018840091, elapsedMs=7905 [14/20 ok=9 fail=5]
2026-09-21 10:42:37.104 INFO  [backlog-poster-445] c.t.n.service.BacklogService - 15. SUCCESS for Transaction with batch=2022243268, type=EN, action=ENDORSE, status=200 OK, uniqueId=029230361005582094, elapsedMs=7979 [15/20 ok=10 fail=5]
2026-09-21 10:42:37.716 INFO  [backlog-poster-446] c.t.n.service.BacklogService - 16. SUCCESS for Transaction with batch=2022243385, type=EN, action=ENDORSE, status=200 OK, uniqueId=029260361119754056, elapsedMs=6881 [16/20 ok=11 fail=5]
2026-09-21 10:42:37.896 WARN  [backlog-poster-443] c.t.n.service.BacklogService - 17. FAILURE for Transaction with batch=2022243392, type=EN, action=POST, stage=POST, status=400 BAD_REQUEST, elapsedMs=5293, reason=1125: Policy auto phone postcode is invalid. [17/20 ok=11 fail=6]
2026-09-21 10:42:40.271 INFO  [backlog-poster-449] c.t.n.service.BacklogService - 18. SUCCESS for Transaction with batch=2022243509, type=EN, action=TERMINATE, status=200 OK, uniqueId=null, elapsedMs=7634 [18/20 ok=12 fail=6]
2026-09-21 10:42:41.054 INFO  [backlog-poster-442] c.t.n.service.BacklogService - 19. SUCCESS for Transaction with batch=2022243450, type=EN, action=ENDORSE, status=200 OK, uniqueId=029240361002018714, elapsedMs=8544 [19/20 ok=13 fail=6]
2026-09-21 10:42:41.227 INFO  [backlog-poster-441] c.t.n.service.BacklogService - 20. SUCCESS for Transaction with batch=2022243416, type=EN, action=ENDORSE, status=200 OK, uniqueId=029260361119526826, elapsedMs=8716 [20/20 ok=14 fail=6]
2026-09-21 10:42:41.227 INFO  [http-nio-8090-exec-2] c.t.n.service.BacklogService - Backlog run finished: transactionType=EN, offset=0, count=20, succeeded=14, failed=6, elapsedMs=30661 (1533 ms/policy)
2026-09-21 10:43:10.256 INFO  [http-nio-8090-exec-3] c.t.n.controller.BacklogController - Received /postbacklog request: transactionType=EN, offset=0, limit=20, concurrency=8
2026-09-21 10:43:11.045 INFO  [http-nio-8090-exec-3] c.t.n.dao.PolicyTransactionDao - Fetched 1 backlog batch numbers (offset=0, limit=20) for transaction type EN in 788 ms
2026-09-21 10:43:11.045 INFO  [http-nio-8090-exec-3] c.t.n.service.BacklogService - Backlog run starting: transactionType=EN, offset=0, count=1, concurrency=8
2026-09-21 10:44:14.995 ERROR [backlog-poster-492] c.t.n.service.ThirdPartyApiClient - Error posting to NAICOM_POLICY_TERMINATION_URL: timeout
java.net.SocketTimeoutException: timeout
	at okhttp3.internal.http2.Http2Stream$StreamTimeout.newTimeoutException(Http2Stream.kt:675)
	at okhttp3.internal.http2.Http2Stream$StreamTimeout.exitAndThrowIfTimedOut(Http2Stream.kt:684)
	at okhttp3.internal.http2.Http2Stream.takeHeaders(Http2Stream.kt:143)
	at okhttp3.internal.http2.Http2ExchangeCodec.readResponseHeaders(Http2ExchangeCodec.kt:97)
	at okhttp3.internal.connection.Exchange.readResponseHeaders(Exchange.kt:110)
	at okhttp3.internal.http.CallServerInterceptor.intercept(CallServerInterceptor.kt:93)
	at okhttp3.internal.http.RealInterceptorChain.proceed(RealInterceptorChain.kt:109)
	at okhttp3.internal.connection.ConnectInterceptor.intercept(ConnectInterceptor.kt:34)
	at okhttp3.internal.http.RealInterceptorChain.proceed(RealInterceptorChain.kt:109)
	at okhttp3.internal.cache.CacheInterceptor.intercept(CacheInterceptor.kt:95)
	at okhttp3.internal.http.RealInterceptorChain.proceed(RealInterceptorChain.kt:109)
	at okhttp3.internal.http.BridgeInterceptor.intercept(BridgeInterceptor.kt:83)
	at okhttp3.internal.http.RealInterceptorChain.proceed(RealInterceptorChain.kt:109)
	at okhttp3.internal.http.RetryAndFollowUpInterceptor.intercept(RetryAndFollowUpInterceptor.kt:76)
	at okhttp3.internal.http.RealInterceptorChain.proceed(RealInterceptorChain.kt:109)
	at okhttp3.internal.connection.RealCall.getResponseWithInterceptorChain$okhttp(RealCall.kt:201)
	at okhttp3.internal.connection.RealCall.execute(RealCall.kt:154)
	at com.turnkey.naicombacklog.service.ThirdPartyApiClient.postTransaction(ThirdPartyApiClient.java:37)
	at com.turnkey.naicombacklog.service.NaicomPostingService.terminateNaicomPolicy(NaicomPostingService.java:748)
	at com.turnkey.naicombacklog.service.BacklogService.post(BacklogService.java:263)
	at com.turnkey.naicombacklog.service.BacklogService.processBacklog(BacklogService.java:191)
	at com.turnkey.naicombacklog.service.BacklogService.lambda$processConcurrently$1(BacklogService.java:303)
	at java.base/java.util.concurrent.FutureTask.run$$$capture(FutureTask.java:264)
	at java.base/java.util.concurrent.FutureTask.run(FutureTask.java)
	at java.base/java.util.concurrent.ThreadPoolExecutor.runWorker(ThreadPoolExecutor.java:1136)
	at java.base/java.util.concurrent.ThreadPoolExecutor$Worker.run(ThreadPoolExecutor.java:635)
	at java.base/java.lang.Thread.run(Thread.java:840)
2026-09-21 10:44:16.118 ERROR [backlog-poster-492] c.t.n.service.BacklogService - 1. ERROR for Transaction with batch=2022243094, type=EN, action=TERMINATE, stage=POST, elapsedMs=65073, reason=A JSONObject text must begin with '{' at 1 [character 2 line 1] [1/1 ok=0 fail=1]
org.json.JSONException: A JSONObject text must begin with '{' at 1 [character 2 line 1]
	at org.json.JSONTokener.syntaxError(JSONTokener.java:503)
	at org.json.JSONObject.<init>(JSONObject.java:213)
	at org.json.JSONObject.<init>(JSONObject.java:430)
	at com.turnkey.naicombacklog.service.NaicomPostingService.terminateNaicomPolicy(NaicomPostingService.java:752)
	at com.turnkey.naicombacklog.service.BacklogService.post(BacklogService.java:263)
	at com.turnkey.naicombacklog.service.BacklogService.processBacklog(BacklogService.java:191)
	at com.turnkey.naicombacklog.service.BacklogService.lambda$processConcurrently$1(BacklogService.java:303)
	at java.base/java.util.concurrent.FutureTask.run$$$capture(FutureTask.java:264)
	at java.base/java.util.concurrent.FutureTask.run(FutureTask.java)
	at java.base/java.util.concurrent.ThreadPoolExecutor.runWorker(ThreadPoolExecutor.java:1136)
	at java.base/java.util.concurrent.ThreadPoolExecutor$Worker.run(ThreadPoolExecutor.java:635)
	at java.base/java.lang.Thread.run(Thread.java:840)
2026-09-21 10:44:16.118 INFO  [http-nio-8090-exec-3] c.t.n.service.BacklogService - Backlog run finished: transactionType=EN, offset=0, count=1, succeeded=0, failed=1, elapsedMs=65862 (65862 ms/policy)
2026-09-21 10:44:21.557 INFO  [http-nio-8090-exec-5] c.t.n.controller.BacklogController - Received /postbacklog request: transactionType=EN, offset=0, limit=20, concurrency=8
2026-09-21 10:44:22.245 INFO  [http-nio-8090-exec-5] c.t.n.dao.PolicyTransactionDao - Fetched 1 backlog batch numbers (offset=0, limit=20) for transaction type EN in 688 ms
2026-09-21 10:44:22.245 INFO  [http-nio-8090-exec-5] c.t.n.service.BacklogService - Backlog run starting: transactionType=EN, offset=0, count=1, concurrency=8
2026-09-21 10:45:28.072 ERROR [backlog-poster-500] c.t.n.service.ThirdPartyApiClient - Error posting to NAICOM_POLICY_TERMINATION_URL: timeout
java.net.SocketTimeoutException: timeout
	at okhttp3.internal.http2.Http2Stream$StreamTimeout.newTimeoutException(Http2Stream.kt:675)
	at okhttp3.internal.http2.Http2Stream$StreamTimeout.exitAndThrowIfTimedOut(Http2Stream.kt:684)
	at okhttp3.internal.http2.Http2Stream.takeHeaders(Http2Stream.kt:143)
	at okhttp3.internal.http2.Http2ExchangeCodec.readResponseHeaders(Http2ExchangeCodec.kt:97)
	at okhttp3.internal.connection.Exchange.readResponseHeaders(Exchange.kt:110)
	at okhttp3.internal.http.CallServerInterceptor.intercept(CallServerInterceptor.kt:93)
	at okhttp3.internal.http.RealInterceptorChain.proceed(RealInterceptorChain.kt:109)
	at okhttp3.internal.connection.ConnectInterceptor.intercept(ConnectInterceptor.kt:34)
	at okhttp3.internal.http.RealInterceptorChain.proceed(RealInterceptorChain.kt:109)
	at okhttp3.internal.cache.CacheInterceptor.intercept(CacheInterceptor.kt:95)
	at okhttp3.internal.http.RealInterceptorChain.proceed(RealInterceptorChain.kt:109)
	at okhttp3.internal.http.BridgeInterceptor.intercept(BridgeInterceptor.kt:83)
	at okhttp3.internal.http.RealInterceptorChain.proceed(RealInterceptorChain.kt:109)
	at okhttp3.internal.http.RetryAndFollowUpInterceptor.intercept(RetryAndFollowUpInterceptor.kt:76)
	at okhttp3.internal.http.RealInterceptorChain.proceed(RealInterceptorChain.kt:109)
	at okhttp3.internal.connection.RealCall.getResponseWithInterceptorChain$okhttp(RealCall.kt:201)
	at okhttp3.internal.connection.RealCall.execute(RealCall.kt:154)
	at com.turnkey.naicombacklog.service.ThirdPartyApiClient.postTransaction(ThirdPartyApiClient.java:37)
	at com.turnkey.naicombacklog.service.NaicomPostingService.terminateNaicomPolicy(NaicomPostingService.java:748)
	at com.turnkey.naicombacklog.service.BacklogService.post(BacklogService.java:263)
	at com.turnkey.naicombacklog.service.BacklogService.processBacklog(BacklogService.java:191)
	at com.turnkey.naicombacklog.service.BacklogService.lambda$processConcurrently$1(BacklogService.java:303)
	at java.base/java.util.concurrent.FutureTask.run$$$capture(FutureTask.java:264)
	at java.base/java.util.concurrent.FutureTask.run(FutureTask.java)
	at java.base/java.util.concurrent.ThreadPoolExecutor.runWorker(ThreadPoolExecutor.java:1136)
	at java.base/java.util.concurrent.ThreadPoolExecutor$Worker.run(ThreadPoolExecutor.java:635)
	at java.base/java.lang.Thread.run(Thread.java:840)
2026-09-21 10:45:29.364 ERROR [backlog-poster-500] c.t.n.service.BacklogService - 1. ERROR for Transaction with batch=2022243094, type=EN, action=TERMINATE, stage=POST, elapsedMs=67117, reason=A JSONObject text must begin with '{' at 1 [character 2 line 1] [1/1 ok=0 fail=1]
org.json.JSONException: A JSONObject text must begin with '{' at 1 [character 2 line 1]
	at org.json.JSONTokener.syntaxError(JSONTokener.java:503)
	at org.json.JSONObject.<init>(JSONObject.java:213)
	at org.json.JSONObject.<init>(JSONObject.java:430)
	at com.turnkey.naicombacklog.service.NaicomPostingService.terminateNaicomPolicy(NaicomPostingService.java:752)
	at com.turnkey.naicombacklog.service.BacklogService.post(BacklogService.java:263)
	at com.turnkey.naicombacklog.service.BacklogService.processBacklog(BacklogService.java:191)
	at com.turnkey.naicombacklog.service.BacklogService.lambda$processConcurrently$1(BacklogService.java:303)
	at java.base/java.util.concurrent.FutureTask.run$$$capture(FutureTask.java:264)
	at java.base/java.util.concurrent.FutureTask.run(FutureTask.java)
	at java.base/java.util.concurrent.ThreadPoolExecutor.runWorker(ThreadPoolExecutor.java:1136)
	at java.base/java.util.concurrent.ThreadPoolExecutor$Worker.run(ThreadPoolExecutor.java:635)
	at java.base/java.lang.Thread.run(Thread.java:840)
2026-09-21 10:45:29.364 INFO  [http-nio-8090-exec-5] c.t.n.service.BacklogService - Backlog run finished: transactionType=EN, offset=0, count=1, succeeded=0, failed=1, elapsedMs=67807 (67807 ms/policy)
2026-09-21 10:46:14.512 INFO  [http-nio-8090-exec-8] c.t.n.controller.BacklogController - Received /postbacklog request: transactionType=EN, offset=0, limit=10, concurrency=8
2026-09-21 10:46:16.369 INFO  [http-nio-8090-exec-8] c.t.n.dao.PolicyTransactionDao - Fetched 10 backlog batch numbers (offset=0, limit=10) for transaction type EN in 1857 ms
2026-09-21 10:46:16.369 INFO  [http-nio-8090-exec-8] c.t.n.service.BacklogService - Backlog run starting: transactionType=EN, offset=0, count=10, concurrency=8
2026-09-21 10:46:24.145 WARN  [backlog-poster-517] c.t.n.service.BacklogService - 1. FAILURE for Transaction with batch=2022243080, type=EN, action=POST, stage=POST, status=400 BAD_REQUEST, elapsedMs=6764, reason=1131: Policy auto total premium is invalid. [1/10 ok=0 fail=1]
2026-09-21 10:46:26.225 INFO  [backlog-poster-518] c.t.n.service.BacklogService - 2. SUCCESS for Transaction with batch=2022243094, type=EN, action=TERMINATE, status=200 OK, uniqueId=null, elapsedMs=9852 [2/10 ok=1 fail=1]
2026-09-21 10:46:31.709 INFO  [backlog-poster-511] c.t.n.service.BacklogService - 3. SUCCESS for Transaction with batch=2022242945, type=EN, action=TERMINATE, status=200 OK, uniqueId=null, elapsedMs=15337 [3/10 ok=2 fail=1]
2026-09-21 10:46:31.709 INFO  [backlog-poster-508] c.t.n.service.BacklogService - 4. SUCCESS for Transaction with batch=2021238799, type=EN, action=TERMINATE, status=200 OK, uniqueId=null, elapsedMs=15339 [4/10 ok=3 fail=1]
2026-09-21 10:46:31.756 INFO  [backlog-poster-509] c.t.n.service.BacklogService - 5. SUCCESS for Transaction with batch=2022242928, type=EN, action=TERMINATE, status=200 OK, uniqueId=null, elapsedMs=15385 [5/10 ok=4 fail=1]
2026-09-21 10:46:32.823 WARN  [backlog-poster-512] c.t.n.service.BacklogService - 7. FAILURE for Transaction with batch=2022242950, type=EN, action=TERMINATE, stage=POST, status=400 BAD_REQUEST, elapsedMs=15257, reason=1000: Can not parse the sending data. JSON ERROR: Could not find a part of the path 'C:\inetpub\wwwroot\api\Logs\sql.log'. [7/10 ok=4 fail=3]
2026-09-21 10:46:32.823 WARN  [backlog-poster-517] c.t.n.service.BacklogService - 6. FAILURE for Transaction with batch=2022243173, type=EN, action=POST, stage=POST, status=400 BAD_REQUEST, elapsedMs=7431, reason=1125: Policy auto phone postcode is invalid. [6/10 ok=4 fail=2]
2026-09-21 10:46:37.005 INFO  [backlog-poster-510] c.t.n.service.BacklogService - 8. SUCCESS for Transaction with batch=2022242937, type=EN, action=TERMINATE, status=200 OK, uniqueId=null, elapsedMs=20634 [8/10 ok=5 fail=3]
2026-09-21 10:46:37.778 WARN  [backlog-poster-515] c.t.n.service.BacklogService - 9. FAILURE for Transaction with batch=2022242953, type=EN, action=TERMINATE, stage=POST, status=400 BAD_REQUEST, elapsedMs=20451, reason=1000: Can not parse the sending data. JSON ERROR: Could not find a part of the path 'C:\inetpub\wwwroot\api\Logs\sql.log'. [9/10 ok=5 fail=4]
2026-09-21 10:46:38.209 INFO  [backlog-poster-518] c.t.n.service.BacklogService - 10. SUCCESS for Transaction with batch=2022243217, type=EN, action=TERMINATE, status=200 OK, uniqueId=null, elapsedMs=11984 [10/10 ok=6 fail=4]
2026-09-21 10:46:38.210 INFO  [http-nio-8090-exec-8] c.t.n.service.BacklogService - Backlog run finished: transactionType=EN, offset=0, count=10, succeeded=6, failed=4, elapsedMs=23698 (2369 ms/policy)
2026-09-21 10:46:51.046 INFO  [http-nio-8090-exec-9] c.t.n.controller.BacklogController - Received /postbacklog request: transactionType=EN, offset=0, limit=10, concurrency=8
2026-09-21 10:46:52.826 INFO  [http-nio-8090-exec-9] c.t.n.dao.PolicyTransactionDao - Fetched 10 backlog batch numbers (offset=0, limit=10) for transaction type EN in 1780 ms
2026-09-21 10:46:52.826 INFO  [http-nio-8090-exec-9] c.t.n.service.BacklogService - Backlog run starting: transactionType=EN, offset=0, count=10, concurrency=8
2026-09-21 10:46:59.032 WARN  [backlog-poster-550] c.t.n.service.BacklogService - 1. FAILURE for Transaction with batch=2022243080, type=EN, action=POST, stage=POST, status=400 BAD_REQUEST, elapsedMs=5129, reason=1131: Policy auto total premium is invalid. [1/10 ok=0 fail=1]
2026-09-21 10:47:01.233 INFO  [backlog-poster-541] c.t.n.service.BacklogService - 2. SUCCESS for Transaction with batch=2021238799, type=EN, action=TERMINATE, status=200 OK, uniqueId=null, elapsedMs=8407 [2/10 ok=1 fail=1]
2026-09-21 10:47:01.876 INFO  [backlog-poster-547] c.t.n.service.BacklogService - 3. SUCCESS for Transaction with batch=2022242953, type=EN, action=TERMINATE, status=200 OK, uniqueId=null, elapsedMs=9050 [3/10 ok=2 fail=1]
2026-09-21 10:47:02.049 INFO  [backlog-poster-542] c.t.n.service.BacklogService - 4. SUCCESS for Transaction with batch=2022242928, type=EN, action=TERMINATE, status=200 OK, uniqueId=null, elapsedMs=9223 [4/10 ok=3 fail=1]
2026-09-21 10:47:02.523 INFO  [backlog-poster-543] c.t.n.service.BacklogService - 5. SUCCESS for Transaction with batch=2022242937, type=EN, action=TERMINATE, status=200 OK, uniqueId=null, elapsedMs=9697 [5/10 ok=4 fail=1]
2026-09-21 10:47:04.025 WARN  [backlog-poster-544] c.t.n.service.BacklogService - 6. FAILURE for Transaction with batch=2022242945, type=EN, action=TERMINATE, stage=POST, status=400 BAD_REQUEST, elapsedMs=10196, reason=6105: Failed to terminate the policy. [6/10 ok=4 fail=2]
2026-09-21 10:47:05.675 WARN  [backlog-poster-550] c.t.n.service.BacklogService - 7. FAILURE for Transaction with batch=2022243173, type=EN, action=POST, stage=POST, status=400 BAD_REQUEST, elapsedMs=5801, reason=1125: Policy auto phone postcode is invalid. [7/10 ok=4 fail=3]
2026-09-21 10:47:08.163 INFO  [backlog-poster-545] c.t.n.service.BacklogService - 8. SUCCESS for Transaction with batch=2022242950, type=EN, action=TERMINATE, status=200 OK, uniqueId=null, elapsedMs=15337 [8/10 ok=5 fail=3]
2026-09-21 10:47:09.216 WARN  [backlog-poster-551] c.t.n.service.BacklogService - 9. FAILURE for Transaction with batch=2022243094, type=EN, action=TERMINATE, stage=POST, status=400 BAD_REQUEST, elapsedMs=15196, reason=1000: Can not parse the sending data. JSON ERROR: Could not find a part of the path 'C:\inetpub\wwwroot\api\Logs\sql.log'. [9/10 ok=5 fail=4]
2026-09-21 10:47:09.400 INFO  [backlog-poster-541] c.t.n.service.BacklogService - 10. SUCCESS for Transaction with batch=2022243217, type=EN, action=TERMINATE, status=200 OK, uniqueId=null, elapsedMs=8166 [10/10 ok=6 fail=4]
2026-09-21 10:47:09.400 INFO  [http-nio-8090-exec-9] c.t.n.service.BacklogService - Backlog run finished: transactionType=EN, offset=0, count=10, succeeded=6, failed=4, elapsedMs=18354 (1835 ms/policy)
2026-09-21 10:49:54.577 INFO  [http-nio-8090-exec-3] c.t.n.controller.BacklogController - Received /postbacklog request: transactionType=EN, offset=0, limit=10, concurrency=8
2026-09-21 10:49:55.484 INFO  [http-nio-8090-exec-3] c.t.n.dao.PolicyTransactionDao - Fetched 1 backlog batch numbers (offset=0, limit=10) for transaction type EN in 907 ms
2026-09-21 10:49:55.484 INFO  [http-nio-8090-exec-3] c.t.n.service.BacklogService - Backlog run starting: transactionType=EN, offset=0, count=1, concurrency=8
2026-09-21 10:50:05.145 WARN  [backlog-poster-575] c.t.n.service.BacklogService - 1. FAILURE for Transaction with batch=2022243173, type=EN, action=POST, stage=POST, status=400 BAD_REQUEST, elapsedMs=8746, reason=1125: Policy auto phone postcode is invalid. [1/1 ok=0 fail=1]
2026-09-21 10:50:05.145 INFO  [http-nio-8090-exec-3] c.t.n.service.BacklogService - Backlog run finished: transactionType=EN, offset=0, count=1, succeeded=0, failed=1, elapsedMs=10568 (10568 ms/policy)
2026-09-21 10:50:20.105 INFO  [http-nio-8090-exec-4] c.t.n.controller.BacklogController - Received /postbacklog request: transactionType=EN, offset=0, limit=10, concurrency=8
2026-09-21 10:50:21.180 INFO  [http-nio-8090-exec-4] c.t.n.dao.PolicyTransactionDao - Fetched 1 backlog batch numbers (offset=0, limit=10) for transaction type EN in 1074 ms
2026-09-21 10:50:21.180 INFO  [http-nio-8090-exec-4] c.t.n.service.BacklogService - Backlog run starting: transactionType=EN, offset=0, count=1, concurrency=8
2026-09-21 10:53:01.040 WARN  [HikariPool-1 housekeeper] com.zaxxer.hikari.pool.HikariPool - HikariPool-1 - Thread starvation or clock leap detected (housekeeper delta=1m39s943ms41µs200ns).
2026-09-21 10:53:48.580 WARN  [HikariPool-1 housekeeper] com.zaxxer.hikari.pool.HikariPool - HikariPool-1 - Thread starvation or clock leap detected (housekeeper delta=47s540ms719µs800ns).
2026-09-21 10:54:29.583 WARN  [backlog-poster-583] c.t.n.service.BacklogService - 1. FAILURE for Transaction with batch=2022243173, type=EN, action=POST, stage=POST, status=400 BAD_REQUEST, elapsedMs=212062, reason=1125: Policy auto phone postcode is invalid. [1/1 ok=0 fail=1]
2026-09-21 10:54:29.584 INFO  [http-nio-8090-exec-4] c.t.n.service.BacklogService - Backlog run finished: transactionType=EN, offset=0, count=1, succeeded=0, failed=1, elapsedMs=249479 (249479 ms/policy)
2026-09-21 10:55:03.097 INFO  [http-nio-8090-exec-5] c.t.n.controller.BacklogController - Received /postbacklog request: transactionType=EN, offset=0, limit=10, concurrency=8
2026-09-21 10:55:05.087 INFO  [http-nio-8090-exec-5] c.t.n.dao.PolicyTransactionDao - Fetched 10 backlog batch numbers (offset=0, limit=10) for transaction type EN in 1990 ms
2026-09-21 10:55:05.087 INFO  [http-nio-8090-exec-5] c.t.n.service.BacklogService - Backlog run starting: transactionType=EN, offset=0, count=10, concurrency=8
2026-09-21 10:55:15.563 WARN  [backlog-poster-600] c.t.n.service.BacklogService - 1. FAILURE for Transaction with batch=2021235273, type=EN, action=POST, stage=POST, status=400 BAD_REQUEST, elapsedMs=9681, reason=TEX-400: Burglary coverage Details cannot be null. [1/10 ok=0 fail=1]
2026-09-21 10:55:15.716 WARN  [backlog-poster-605] c.t.n.service.BacklogService - 2. FAILURE for Transaction with batch=2021241761, type=EN, action=ENDORSE, stage=POST, status=400 BAD_REQUEST, elapsedMs=9819, reason=TEX-400: Burglary coverage Details cannot be null. [2/10 ok=0 fail=2]
2026-09-21 10:55:15.988 WARN  [backlog-poster-603] c.t.n.service.BacklogService - 3. FAILURE for Transaction with batch=2021241375, type=EN, action=ENDORSE, stage=POST, status=400 BAD_REQUEST, elapsedMs=10077, reason=TEX-400: Burglary coverage Details cannot be null. [3/10 ok=0 fail=3]
2026-09-21 10:55:58.552 WARN  [backlog-poster-600] c.t.n.service.BacklogService - 4. FAILURE for Transaction with batch=2021242548, type=EN, action=POST, stage=POST, status=400 BAD_REQUEST, elapsedMs=42182, reason=1007: Unexpected error. Cannot record policy [4/10 ok=0 fail=4]
2026-09-21 10:55:58.972 WARN  [backlog-poster-607] c.t.n.service.BacklogService - 5. FAILURE for Transaction with batch=2021242207, type=EN, action=POST, stage=POST, status=400 BAD_REQUEST, elapsedMs=53037, reason=1007: Unexpected error. Cannot record policy [5/10 ok=0 fail=5]
2026-09-21 10:55:59.912 WARN  [backlog-poster-605] c.t.n.service.BacklogService - 6. FAILURE for Transaction with batch=2021242658, type=EN, action=POST, stage=POST, status=400 BAD_REQUEST, elapsedMs=43027, reason=1007: Unexpected error. Cannot record policy [6/10 ok=0 fail=6]
2026-09-21 10:56:16.595 ERROR [backlog-poster-601] c.t.n.service.ThirdPartyApiClient - Error posting to NAICOM_POLICY_TERMINATION_URL: timeout
java.net.SocketTimeoutException: timeout
	at okhttp3.internal.http2.Http2Stream$StreamTimeout.newTimeoutException(Http2Stream.kt:675)
	at okhttp3.internal.http2.Http2Stream$StreamTimeout.exitAndThrowIfTimedOut(Http2Stream.kt:684)
	at okhttp3.internal.http2.Http2Stream.takeHeaders(Http2Stream.kt:143)
	at okhttp3.internal.http2.Http2ExchangeCodec.readResponseHeaders(Http2ExchangeCodec.kt:97)
	at okhttp3.internal.connection.Exchange.readResponseHeaders(Exchange.kt:110)
	at okhttp3.internal.http.CallServerInterceptor.intercept(CallServerInterceptor.kt:93)
	at okhttp3.internal.http.RealInterceptorChain.proceed(RealInterceptorChain.kt:109)
	at okhttp3.internal.connection.ConnectInterceptor.intercept(ConnectInterceptor.kt:34)
	at okhttp3.internal.http.RealInterceptorChain.proceed(RealInterceptorChain.kt:109)
	at okhttp3.internal.cache.CacheInterceptor.intercept(CacheInterceptor.kt:95)
	at okhttp3.internal.http.RealInterceptorChain.proceed(RealInterceptorChain.kt:109)
	at okhttp3.internal.http.BridgeInterceptor.intercept(BridgeInterceptor.kt:83)
	at okhttp3.internal.http.RealInterceptorChain.proceed(RealInterceptorChain.kt:109)
	at okhttp3.internal.http.RetryAndFollowUpInterceptor.intercept(RetryAndFollowUpInterceptor.kt:76)
	at okhttp3.internal.http.RealInterceptorChain.proceed(RealInterceptorChain.kt:109)
	at okhttp3.internal.connection.RealCall.getResponseWithInterceptorChain$okhttp(RealCall.kt:201)
	at okhttp3.internal.connection.RealCall.execute(RealCall.kt:154)
	at com.turnkey.naicombacklog.service.ThirdPartyApiClient.postTransaction(ThirdPartyApiClient.java:37)
	at com.turnkey.naicombacklog.service.NaicomPostingService.terminateNaicomPolicy(NaicomPostingService.java:748)
	at com.turnkey.naicombacklog.service.BacklogService.post(BacklogService.java:263)
	at com.turnkey.naicombacklog.service.BacklogService.processBacklog(BacklogService.java:191)
	at com.turnkey.naicombacklog.service.BacklogService.lambda$processConcurrently$1(BacklogService.java:303)
	at java.base/java.util.concurrent.FutureTask.run$$$capture(FutureTask.java:264)
	at java.base/java.util.concurrent.FutureTask.run(FutureTask.java)
	at java.base/java.util.concurrent.ThreadPoolExecutor.runWorker(ThreadPoolExecutor.java:1136)
	at java.base/java.util.concurrent.ThreadPoolExecutor$Worker.run(ThreadPoolExecutor.java:635)
	at java.base/java.lang.Thread.run(Thread.java:840)
2026-09-21 10:56:16.721 ERROR [backlog-poster-602] c.t.n.service.ThirdPartyApiClient - Error posting to NAICOM_POLICY_TERMINATION_URL: timeout
java.net.SocketTimeoutException: timeout
	at okhttp3.internal.http2.Http2Stream$StreamTimeout.newTimeoutException(Http2Stream.kt:675)
	at okhttp3.internal.http2.Http2Stream$StreamTimeout.exitAndThrowIfTimedOut(Http2Stream.kt:684)
	at okhttp3.internal.http2.Http2Stream.takeHeaders(Http2Stream.kt:143)
	at okhttp3.internal.http2.Http2ExchangeCodec.readResponseHeaders(Http2ExchangeCodec.kt:97)
	at okhttp3.internal.connection.Exchange.readResponseHeaders(Exchange.kt:110)
	at okhttp3.internal.http.CallServerInterceptor.intercept(CallServerInterceptor.kt:93)
	at okhttp3.internal.http.RealInterceptorChain.proceed(RealInterceptorChain.kt:109)
	at okhttp3.internal.connection.ConnectInterceptor.intercept(ConnectInterceptor.kt:34)
	at okhttp3.internal.http.RealInterceptorChain.proceed(RealInterceptorChain.kt:109)
	at okhttp3.internal.cache.CacheInterceptor.intercept(CacheInterceptor.kt:95)
	at okhttp3.internal.http.RealInterceptorChain.proceed(RealInterceptorChain.kt:109)
	at okhttp3.internal.http.BridgeInterceptor.intercept(BridgeInterceptor.kt:83)
	at okhttp3.internal.http.RealInterceptorChain.proceed(RealInterceptorChain.kt:109)
	at okhttp3.internal.http.RetryAndFollowUpInterceptor.intercept(RetryAndFollowUpInterceptor.kt:76)
	at okhttp3.internal.http.RealInterceptorChain.proceed(RealInterceptorChain.kt:109)
	at okhttp3.internal.connection.RealCall.getResponseWithInterceptorChain$okhttp(RealCall.kt:201)
	at okhttp3.internal.connection.RealCall.execute(RealCall.kt:154)
	at com.turnkey.naicombacklog.service.ThirdPartyApiClient.postTransaction(ThirdPartyApiClient.java:37)
	at com.turnkey.naicombacklog.service.NaicomPostingService.terminateNaicomPolicy(NaicomPostingService.java:748)
	at com.turnkey.naicombacklog.service.BacklogService.post(BacklogService.java:263)
	at com.turnkey.naicombacklog.service.BacklogService.processBacklog(BacklogService.java:191)
	at com.turnkey.naicombacklog.service.BacklogService.lambda$processConcurrently$1(BacklogService.java:303)
	at java.base/java.util.concurrent.FutureTask.run$$$capture(FutureTask.java:264)
	at java.base/java.util.concurrent.FutureTask.run(FutureTask.java)
	at java.base/java.util.concurrent.ThreadPoolExecutor.runWorker(ThreadPoolExecutor.java:1136)
	at java.base/java.util.concurrent.ThreadPoolExecutor$Worker.run(ThreadPoolExecutor.java:635)
	at java.base/java.lang.Thread.run(Thread.java:840)
2026-09-21 10:56:17.112 ERROR [backlog-poster-604] c.t.n.service.ThirdPartyApiClient - Error posting to NAICOM_POLICY_ENDORSEMENT_URL: timeout
java.net.SocketTimeoutException: timeout
	at okhttp3.internal.http2.Http2Stream$StreamTimeout.newTimeoutException(Http2Stream.kt:675)
	at okhttp3.internal.http2.Http2Stream$StreamTimeout.exitAndThrowIfTimedOut(Http2Stream.kt:684)
	at okhttp3.internal.http2.Http2Stream.takeHeaders(Http2Stream.kt:143)
	at okhttp3.internal.http2.Http2ExchangeCodec.readResponseHeaders(Http2ExchangeCodec.kt:97)
	at okhttp3.internal.connection.Exchange.readResponseHeaders(Exchange.kt:110)
	at okhttp3.internal.http.CallServerInterceptor.intercept(CallServerInterceptor.kt:93)
	at okhttp3.internal.http.RealInterceptorChain.proceed(RealInterceptorChain.kt:109)
	at okhttp3.internal.connection.ConnectInterceptor.intercept(ConnectInterceptor.kt:34)
	at okhttp3.internal.http.RealInterceptorChain.proceed(RealInterceptorChain.kt:109)
	at okhttp3.internal.cache.CacheInterceptor.intercept(CacheInterceptor.kt:95)
	at okhttp3.internal.http.RealInterceptorChain.proceed(RealInterceptorChain.kt:109)
	at okhttp3.internal.http.BridgeInterceptor.intercept(BridgeInterceptor.kt:83)
	at okhttp3.internal.http.RealInterceptorChain.proceed(RealInterceptorChain.kt:109)
	at okhttp3.internal.http.RetryAndFollowUpInterceptor.intercept(RetryAndFollowUpInterceptor.kt:76)
	at okhttp3.internal.http.RealInterceptorChain.proceed(RealInterceptorChain.kt:109)
	at okhttp3.internal.connection.RealCall.getResponseWithInterceptorChain$okhttp(RealCall.kt:201)
	at okhttp3.internal.connection.RealCall.execute(RealCall.kt:154)
	at com.turnkey.naicombacklog.service.ThirdPartyApiClient.postTransaction(ThirdPartyApiClient.java:37)
	at com.turnkey.naicombacklog.service.NaicomPostingService.endorseProductPolicy(NaicomPostingService.java:490)
	at com.turnkey.naicombacklog.service.NaicomPostingService.endorsePolicy(NaicomPostingService.java:313)
	at com.turnkey.naicombacklog.service.BacklogService.post(BacklogService.java:261)
	at com.turnkey.naicombacklog.service.BacklogService.processBacklog(BacklogService.java:191)
	at com.turnkey.naicombacklog.service.BacklogService.lambda$processConcurrently$1(BacklogService.java:303)
	at java.base/java.util.concurrent.FutureTask.run$$$capture(FutureTask.java:264)
	at java.base/java.util.concurrent.FutureTask.run(FutureTask.java)
	at java.base/java.util.concurrent.ThreadPoolExecutor.runWorker(ThreadPoolExecutor.java:1136)
	at java.base/java.util.concurrent.ThreadPoolExecutor$Worker.run(ThreadPoolExecutor.java:635)
	at java.base/java.lang.Thread.run(Thread.java:840)
2026-09-21 10:56:17.244 ERROR [backlog-poster-606] c.t.n.service.ThirdPartyApiClient - Error posting to NAICOM_POLICY_ENDORSEMENT_URL: timeout
java.net.SocketTimeoutException: timeout
	at okhttp3.internal.http2.Http2Stream$StreamTimeout.newTimeoutException(Http2Stream.kt:675)
	at okhttp3.internal.http2.Http2Stream$StreamTimeout.exitAndThrowIfTimedOut(Http2Stream.kt:684)
	at okhttp3.internal.http2.Http2Stream.takeHeaders(Http2Stream.kt:143)
	at okhttp3.internal.http2.Http2ExchangeCodec.readResponseHeaders(Http2ExchangeCodec.kt:97)
	at okhttp3.internal.connection.Exchange.readResponseHeaders(Exchange.kt:110)
	at okhttp3.internal.http.CallServerInterceptor.intercept(CallServerInterceptor.kt:93)
	at okhttp3.internal.http.RealInterceptorChain.proceed(RealInterceptorChain.kt:109)
	at okhttp3.internal.connection.ConnectInterceptor.intercept(ConnectInterceptor.kt:34)
	at okhttp3.internal.http.RealInterceptorChain.proceed(RealInterceptorChain.kt:109)
	at okhttp3.internal.cache.CacheInterceptor.intercept(CacheInterceptor.kt:95)
	at okhttp3.internal.http.RealInterceptorChain.proceed(RealInterceptorChain.kt:109)
	at okhttp3.internal.http.BridgeInterceptor.intercept(BridgeInterceptor.kt:83)
	at okhttp3.internal.http.RealInterceptorChain.proceed(RealInterceptorChain.kt:109)
	at okhttp3.internal.http.RetryAndFollowUpInterceptor.intercept(RetryAndFollowUpInterceptor.kt:76)
	at okhttp3.internal.http.RealInterceptorChain.proceed(RealInterceptorChain.kt:109)
	at okhttp3.internal.connection.RealCall.getResponseWithInterceptorChain$okhttp(RealCall.kt:201)
	at okhttp3.internal.connection.RealCall.execute(RealCall.kt:154)
	at com.turnkey.naicombacklog.service.ThirdPartyApiClient.postTransaction(ThirdPartyApiClient.java:37)
	at com.turnkey.naicombacklog.service.NaicomPostingService.endorseProductPolicy(NaicomPostingService.java:490)
	at com.turnkey.naicombacklog.service.NaicomPostingService.endorsePolicy(NaicomPostingService.java:312)
	at com.turnkey.naicombacklog.service.BacklogService.post(BacklogService.java:261)
	at com.turnkey.naicombacklog.service.BacklogService.processBacklog(BacklogService.java:191)
	at com.turnkey.naicombacklog.service.BacklogService.lambda$processConcurrently$1(BacklogService.java:303)
	at java.base/java.util.concurrent.FutureTask.run$$$capture(FutureTask.java:264)
	at java.base/java.util.concurrent.FutureTask.run(FutureTask.java)
	at java.base/java.util.concurrent.ThreadPoolExecutor.runWorker(ThreadPoolExecutor.java:1136)
	at java.base/java.util.concurrent.ThreadPoolExecutor$Worker.run(ThreadPoolExecutor.java:635)
	at java.base/java.lang.Thread.run(Thread.java:840)
2026-09-21 10:56:17.643 ERROR [backlog-poster-601] c.t.n.service.BacklogService - 7. ERROR for Transaction with batch=2021238799, type=EN, action=TERMINATE, stage=POST, elapsedMs=72556, reason=A JSONObject text must begin with '{' at 1 [character 2 line 1] [7/10 ok=0 fail=7]
org.json.JSONException: A JSONObject text must begin with '{' at 1 [character 2 line 1]
	at org.json.JSONTokener.syntaxError(JSONTokener.java:503)
	at org.json.JSONObject.<init>(JSONObject.java:213)
	at org.json.JSONObject.<init>(JSONObject.java:430)
	at com.turnkey.naicombacklog.service.NaicomPostingService.terminateNaicomPolicy(NaicomPostingService.java:752)
	at com.turnkey.naicombacklog.service.BacklogService.post(BacklogService.java:263)
	at com.turnkey.naicombacklog.service.BacklogService.processBacklog(BacklogService.java:191)
	at com.turnkey.naicombacklog.service.BacklogService.lambda$processConcurrently$1(BacklogService.java:303)
	at java.base/java.util.concurrent.FutureTask.run$$$capture(FutureTask.java:264)
	at java.base/java.util.concurrent.FutureTask.run(FutureTask.java)
	at java.base/java.util.concurrent.ThreadPoolExecutor.runWorker(ThreadPoolExecutor.java:1136)
	at java.base/java.util.concurrent.ThreadPoolExecutor$Worker.run(ThreadPoolExecutor.java:635)
	at java.base/java.lang.Thread.run(Thread.java:840)
2026-09-21 10:56:17.778 ERROR [backlog-poster-602] c.t.n.service.BacklogService - 8. ERROR for Transaction with batch=2021239737, type=EN, action=TERMINATE, stage=POST, elapsedMs=72691, reason=A JSONObject text must begin with '{' at 1 [character 2 line 1] [8/10 ok=0 fail=8]
org.json.JSONException: A JSONObject text must begin with '{' at 1 [character 2 line 1]
	at org.json.JSONTokener.syntaxError(JSONTokener.java:503)
	at org.json.JSONObject.<init>(JSONObject.java:213)
	at org.json.JSONObject.<init>(JSONObject.java:430)
	at com.turnkey.naicombacklog.service.NaicomPostingService.terminateNaicomPolicy(NaicomPostingService.java:752)
	at com.turnkey.naicombacklog.service.BacklogService.post(BacklogService.java:263)
	at com.turnkey.naicombacklog.service.BacklogService.processBacklog(BacklogService.java:191)
	at com.turnkey.naicombacklog.service.BacklogService.lambda$processConcurrently$1(BacklogService.java:303)
	at java.base/java.util.concurrent.FutureTask.run$$$capture(FutureTask.java:264)
	at java.base/java.util.concurrent.FutureTask.run(FutureTask.java)
	at java.base/java.util.concurrent.ThreadPoolExecutor.runWorker(ThreadPoolExecutor.java:1136)
	at java.base/java.util.concurrent.ThreadPoolExecutor$Worker.run(ThreadPoolExecutor.java:635)
	at java.base/java.lang.Thread.run(Thread.java:840)
2026-09-21 10:56:18.185 WARN  [backlog-poster-604] c.t.n.service.BacklogService - 9. FAILURE for Transaction with batch=2021241635, type=EN, action=ENDORSE, stage=POST, status=408 REQUEST_TIMEOUT, elapsedMs=72027, reason=timeout Encountered while posting Naicom Policy [9/10 ok=0 fail=9]
2026-09-21 10:56:18.368 WARN  [backlog-poster-606] c.t.n.service.BacklogService - 10. FAILURE for Transaction with batch=2021241819, type=EN, action=ENDORSE, stage=POST, status=408 REQUEST_TIMEOUT, elapsedMs=72158, reason=timeout Encountered while posting Naicom Policy [10/10 ok=0 fail=10]
2026-09-21 10:56:18.368 INFO  [http-nio-8090-exec-5] c.t.n.service.BacklogService - Backlog run finished: transactionType=EN, offset=0, count=10, succeeded=0, failed=10, elapsedMs=75271 (7527 ms/policy)
2026-09-21 10:57:18.086 INFO  [http-nio-8090-exec-8] c.t.n.controller.BacklogController - Received /postbacklog request: transactionType=EN, offset=0, limit=10, concurrency=8
2026-09-21 10:57:18.786 INFO  [http-nio-8090-exec-8] c.t.n.dao.PolicyTransactionDao - Fetched 1 backlog batch numbers (offset=0, limit=10) for transaction type EN in 700 ms
2026-09-21 10:57:18.786 INFO  [http-nio-8090-exec-8] c.t.n.service.BacklogService - Backlog run starting: transactionType=EN, offset=0, count=1, concurrency=8
2026-09-21 10:57:26.559 INFO  [backlog-poster-640] c.t.n.service.BacklogService - 1. SUCCESS for Transaction with batch=2021239737, type=EN, action=TERMINATE, status=200 OK, uniqueId=null, elapsedMs=7772 [1/1 ok=1 fail=0]
2026-09-21 10:57:26.559 INFO  [http-nio-8090-exec-8] c.t.n.service.BacklogService - Backlog run finished: transactionType=EN, offset=0, count=1, succeeded=1, failed=0, elapsedMs=8473 (8473 ms/policy)
2026-09-21 11:10:40.979 INFO  [SpringApplicationShutdownHook] o.s.b.w.e.tomcat.GracefulShutdown - Commencing graceful shutdown. Waiting for active requests to complete
2026-09-21 11:10:45.399 INFO  [tomcat-shutdown] o.s.b.w.e.tomcat.GracefulShutdown - Graceful shutdown complete
2026-09-21 11:10:45.412 INFO  [SpringApplicationShutdownHook] o.s.o.j.LocalContainerEntityManagerFactoryBean - Closing JPA EntityManagerFactory for persistence unit 'default'
2026-09-21 11:10:45.427 INFO  [SpringApplicationShutdownHook] com.zaxxer.hikari.HikariDataSource - HikariPool-1 - Shutdown initiated...
2026-09-21 11:10:47.291 INFO  [SpringApplicationShutdownHook] com.zaxxer.hikari.HikariDataSource - HikariPool-1 - Shutdown completed.
2026-09-21 11:11:03.119 INFO  [main] c.t.n.NaicomBacklogPosterApplication - Starting NaicomBacklogPosterApplication using Java 17.0.20.1 with PID 3344 (D:\repos\apis\naicom_posting_backlog\target\classes started by Mutua in D:\repos\apis\naicom_posting_backlog)
2026-09-21 11:11:03.128 INFO  [main] c.t.n.NaicomBacklogPosterApplication - No active profile set, falling back to 1 default profile: "default"
2026-09-21 11:11:05.889 INFO  [main] o.s.d.r.c.RepositoryConfigurationDelegate - Bootstrapping Spring Data JPA repositories in DEFAULT mode.
2026-09-21 11:11:06.127 INFO  [main] o.s.d.r.c.RepositoryConfigurationDelegate - Finished Spring Data repository scanning in 219 ms. Found 4 JPA repository interfaces.
2026-09-21 11:11:07.657 INFO  [main] o.s.b.w.e.tomcat.TomcatWebServer - Tomcat initialized with port 8090 (http)
2026-09-21 11:11:07.684 INFO  [main] o.a.catalina.core.StandardService - Starting service [Tomcat]
2026-09-21 11:11:07.684 INFO  [main] o.a.catalina.core.StandardEngine - Starting Servlet engine: [Apache Tomcat/10.1.31]
2026-09-21 11:11:07.857 INFO  [main] o.a.c.c.C.[Tomcat].[localhost].[/] - Initializing Spring embedded WebApplicationContext
2026-09-21 11:11:07.858 INFO  [main] o.s.b.w.s.c.ServletWebServerApplicationContext - Root WebApplicationContext: initialization completed in 4623 ms
2026-09-21 11:11:08.355 INFO  [main] o.h.jpa.internal.util.LogHelper - HHH000204: Processing PersistenceUnitInfo [name: default]
2026-09-21 11:11:08.506 INFO  [main] org.hibernate.Version - HHH000412: Hibernate ORM core version 6.4.10.Final
2026-09-21 11:11:08.586 INFO  [main] o.h.c.i.RegionFactoryInitiator - HHH000026: Second-level cache disabled
2026-09-21 11:11:09.218 INFO  [main] o.s.o.j.p.SpringPersistenceUnitInfo - No LoadTimeWeaver setup: ignoring JPA class transformer
2026-09-21 11:11:09.297 INFO  [main] com.zaxxer.hikari.HikariDataSource - HikariPool-1 - Starting...
2026-09-21 11:11:13.410 INFO  [main] com.zaxxer.hikari.pool.HikariPool - HikariPool-1 - Added connection oracle.jdbc.driver.T4CConnection@4a453f8d
2026-09-21 11:11:13.417 INFO  [main] com.zaxxer.hikari.HikariDataSource - HikariPool-1 - Start completed.
2026-09-21 11:11:14.392 WARN  [main] org.hibernate.orm.deprecation - HHH90000025: OracleDialect does not need to be specified explicitly using 'hibernate.dialect' (remove the property setting and it will be selected by default)
2026-09-21 11:11:18.825 INFO  [main] o.h.e.t.j.p.i.JtaPlatformInitiator - HHH000489: No JTA platform available (set 'hibernate.transaction.jta.platform' to enable JTA platform integration)
2026-09-21 11:11:18.829 INFO  [main] o.s.o.j.LocalContainerEntityManagerFactoryBean - Initialized JPA EntityManagerFactory for persistence unit 'default'
2026-09-21 11:11:19.555 INFO  [main] o.s.d.j.r.query.QueryEnhancerFactory - Hibernate is in classpath; If applicable, HQL parser will be used.
2026-09-21 11:11:20.348 WARN  [main] c.t.n.config.RestClientConfig - naicom.trust-all-ssl is enabled: TLS certificate and hostname verification is DISABLED for NAICOM calls.
2026-09-21 11:11:21.646 INFO  [main] o.s.b.w.e.tomcat.TomcatWebServer - Tomcat started on port 8090 (http) with context path ''
2026-09-21 11:11:21.672 INFO  [main] c.t.n.NaicomBacklogPosterApplication - Started NaicomBacklogPosterApplication in 20.398 seconds (process running for 21.801)
2026-09-21 11:11:39.336 INFO  [http-nio-8090-exec-2] o.a.c.c.C.[Tomcat].[localhost].[/] - Initializing Spring DispatcherServlet 'dispatcherServlet'
2026-09-21 11:11:39.336 INFO  [http-nio-8090-exec-2] o.s.web.servlet.DispatcherServlet - Initializing Servlet 'dispatcherServlet'
2026-09-21 11:11:39.342 INFO  [http-nio-8090-exec-2] o.s.web.servlet.DispatcherServlet - Completed initialization in 0 ms
2026-09-21 11:11:39.426 INFO  [http-nio-8090-exec-2] c.t.n.controller.BacklogController - Received /postbacklog request: transactionType=EN, offset=0, limit=10, concurrency=8
2026-09-21 11:11:40.172 INFO  [http-nio-8090-exec-2] c.t.n.dao.PolicyTransactionDao - Fetched 1 backlog batch numbers (offset=0, limit=10) for transaction type EN in 743 ms
2026-09-21 11:11:40.172 INFO  [http-nio-8090-exec-2] c.t.n.service.BacklogService - Backlog run starting: transactionType=EN, offset=0, count=1, concurrency=8
2026-09-21 11:12:48.777 ERROR [backlog-poster-49] c.t.n.service.ThirdPartyApiClient - Error posting to NAICOM_POLICY_TERMINATION_URL (504 GATEWAY_TIMEOUT): timeout
java.net.SocketTimeoutException: timeout
	at okhttp3.internal.http2.Http2Stream$StreamTimeout.newTimeoutException(Http2Stream.kt:675)
	at okhttp3.internal.http2.Http2Stream$StreamTimeout.exitAndThrowIfTimedOut(Http2Stream.kt:684)
	at okhttp3.internal.http2.Http2Stream.takeHeaders(Http2Stream.kt:143)
	at okhttp3.internal.http2.Http2ExchangeCodec.readResponseHeaders(Http2ExchangeCodec.kt:97)
	at okhttp3.internal.connection.Exchange.readResponseHeaders(Exchange.kt:110)
	at okhttp3.internal.http.CallServerInterceptor.intercept(CallServerInterceptor.kt:93)
	at okhttp3.internal.http.RealInterceptorChain.proceed(RealInterceptorChain.kt:109)
	at okhttp3.internal.connection.ConnectInterceptor.intercept(ConnectInterceptor.kt:34)
	at okhttp3.internal.http.RealInterceptorChain.proceed(RealInterceptorChain.kt:109)
	at okhttp3.internal.cache.CacheInterceptor.intercept(CacheInterceptor.kt:95)
	at okhttp3.internal.http.RealInterceptorChain.proceed(RealInterceptorChain.kt:109)
	at okhttp3.internal.http.BridgeInterceptor.intercept(BridgeInterceptor.kt:83)
	at okhttp3.internal.http.RealInterceptorChain.proceed(RealInterceptorChain.kt:109)
	at okhttp3.internal.http.RetryAndFollowUpInterceptor.intercept(RetryAndFollowUpInterceptor.kt:76)
	at okhttp3.internal.http.RealInterceptorChain.proceed(RealInterceptorChain.kt:109)
	at okhttp3.internal.connection.RealCall.getResponseWithInterceptorChain$okhttp(RealCall.kt:201)
	at okhttp3.internal.connection.RealCall.execute(RealCall.kt:154)
	at com.turnkey.naicombacklog.service.ThirdPartyApiClient.postTransaction(ThirdPartyApiClient.java:39)
	at com.turnkey.naicombacklog.service.NaicomPostingService.terminateNaicomPolicy(NaicomPostingService.java:738)
	at com.turnkey.naicombacklog.service.BacklogService.post(BacklogService.java:357)
	at com.turnkey.naicombacklog.service.BacklogService.attemptBacklog(BacklogService.java:253)
	at com.turnkey.naicombacklog.service.BacklogService.processBacklog(BacklogService.java:209)
	at com.turnkey.naicombacklog.service.BacklogService.lambda$processConcurrently$1(BacklogService.java:397)
	at java.base/java.util.concurrent.FutureTask.run$$$capture(FutureTask.java:264)
	at java.base/java.util.concurrent.FutureTask.run(FutureTask.java)
	at java.base/java.util.concurrent.ThreadPoolExecutor.runWorker(ThreadPoolExecutor.java:1136)
	at java.base/java.util.concurrent.ThreadPoolExecutor$Worker.run(ThreadPoolExecutor.java:635)
	at java.base/java.lang.Thread.run(Thread.java:840)
2026-09-21 11:12:49.594 WARN  [backlog-poster-49] c.t.n.service.BacklogService - RETRY for Transaction with batch=2021239737, type=EN: attempt 1/3 failed at stage=POST, reason=POST: TEX-502: NAICOM returned no usable JSON (HTTP 504): timeout Encountered while posting Naicom Policy - staging and posting it afresh
2026-09-21 11:13:58.812 WARN  [backlog-poster-49] c.t.n.service.BacklogService - RETRY for Transaction with batch=2021239737, type=EN: attempt 2/3 failed at stage=POST, reason=POST: 1000: Can not parse the sending data. JSON ERROR: Could not find a part of the path 'C:\inetpub\wwwroot\api\Logs\sql.log'. - staging and posting it afresh
2026-09-21 11:14:19.152 INFO  [backlog-poster-49] c.t.n.service.BacklogService - 1. SUCCESS for Transaction with batch=2021239737, type=EN, action=TERMINATE, status=200 OK, uniqueId=null, elapsedMs=158948, attempts=3 [1/1 ok=1 fail=0]
2026-09-21 11:14:19.156 INFO  [http-nio-8090-exec-2] c.t.n.service.BacklogService - Backlog run finished: transactionType=EN, offset=0, count=1, succeeded=1, failed=0, elapsedMs=159730 (159730 ms/policy)
2026-09-21 11:16:52.440 INFO  [SpringApplicationShutdownHook] o.s.b.w.e.tomcat.GracefulShutdown - Commencing graceful shutdown. Waiting for active requests to complete
2026-09-21 11:16:54.237 INFO  [tomcat-shutdown] o.s.b.w.e.tomcat.GracefulShutdown - Graceful shutdown complete
2026-09-21 11:16:54.240 INFO  [SpringApplicationShutdownHook] o.s.o.j.LocalContainerEntityManagerFactoryBean - Closing JPA EntityManagerFactory for persistence unit 'default'
2026-09-21 11:16:54.246 INFO  [SpringApplicationShutdownHook] com.zaxxer.hikari.HikariDataSource - HikariPool-1 - Shutdown initiated...
2026-09-21 11:16:57.188 INFO  [SpringApplicationShutdownHook] com.zaxxer.hikari.HikariDataSource - HikariPool-1 - Shutdown completed.
2026-09-21 11:17:05.197 INFO  [main] c.t.n.NaicomBacklogPosterApplication - Starting NaicomBacklogPosterApplication using Java 17.0.20.1 with PID 12860 (D:\repos\apis\naicom_posting_backlog\target\classes started by Mutua in D:\repos\apis\naicom_posting_backlog)
2026-09-21 11:17:05.202 INFO  [main] c.t.n.NaicomBacklogPosterApplication - No active profile set, falling back to 1 default profile: "default"
2026-09-21 11:17:07.657 INFO  [main] o.s.d.r.c.RepositoryConfigurationDelegate - Bootstrapping Spring Data JPA repositories in DEFAULT mode.
2026-09-21 11:17:07.815 INFO  [main] o.s.d.r.c.RepositoryConfigurationDelegate - Finished Spring Data repository scanning in 141 ms. Found 4 JPA repository interfaces.
2026-09-21 11:17:09.316 INFO  [main] o.s.b.w.e.tomcat.TomcatWebServer - Tomcat initialized with port 8090 (http)
2026-09-21 11:17:09.352 INFO  [main] o.a.catalina.core.StandardService - Starting service [Tomcat]
2026-09-21 11:17:09.353 INFO  [main] o.a.catalina.core.StandardEngine - Starting Servlet engine: [Apache Tomcat/10.1.31]
2026-09-21 11:17:09.571 INFO  [main] o.a.c.c.C.[Tomcat].[localhost].[/] - Initializing Spring embedded WebApplicationContext
2026-09-21 11:17:09.572 INFO  [main] o.s.b.w.s.c.ServletWebServerApplicationContext - Root WebApplicationContext: initialization completed in 4264 ms
2026-09-21 11:17:10.192 INFO  [main] o.h.jpa.internal.util.LogHelper - HHH000204: Processing PersistenceUnitInfo [name: default]
2026-09-21 11:17:10.333 INFO  [main] org.hibernate.Version - HHH000412: Hibernate ORM core version 6.4.10.Final
2026-09-21 11:17:10.432 INFO  [main] o.h.c.i.RegionFactoryInitiator - HHH000026: Second-level cache disabled
2026-09-21 11:17:11.044 INFO  [main] o.s.o.j.p.SpringPersistenceUnitInfo - No LoadTimeWeaver setup: ignoring JPA class transformer
2026-09-21 11:17:11.114 INFO  [main] com.zaxxer.hikari.HikariDataSource - HikariPool-1 - Starting...
2026-09-21 11:17:15.169 INFO  [main] com.zaxxer.hikari.pool.HikariPool - HikariPool-1 - Added connection oracle.jdbc.driver.T4CConnection@4fd37449
2026-09-21 11:17:15.173 INFO  [main] com.zaxxer.hikari.HikariDataSource - HikariPool-1 - Start completed.
2026-09-21 11:17:16.320 WARN  [main] org.hibernate.orm.deprecation - HHH90000025: OracleDialect does not need to be specified explicitly using 'hibernate.dialect' (remove the property setting and it will be selected by default)
2026-09-21 11:17:21.137 INFO  [main] o.h.e.t.j.p.i.JtaPlatformInitiator - HHH000489: No JTA platform available (set 'hibernate.transaction.jta.platform' to enable JTA platform integration)
2026-09-21 11:17:21.142 INFO  [main] o.s.o.j.LocalContainerEntityManagerFactoryBean - Initialized JPA EntityManagerFactory for persistence unit 'default'
2026-09-21 11:17:21.894 INFO  [main] o.s.d.j.r.query.QueryEnhancerFactory - Hibernate is in classpath; If applicable, HQL parser will be used.
2026-09-21 11:17:22.670 WARN  [main] c.t.n.config.RestClientConfig - naicom.trust-all-ssl is enabled: TLS certificate and hostname verification is DISABLED for NAICOM calls.
2026-09-21 11:17:23.853 INFO  [main] o.s.b.w.e.tomcat.TomcatWebServer - Tomcat started on port 8090 (http) with context path ''
2026-09-21 11:17:23.876 INFO  [main] c.t.n.NaicomBacklogPosterApplication - Started NaicomBacklogPosterApplication in 20.3 seconds (process running for 21.563)
2026-09-21 11:17:36.588 INFO  [http-nio-8090-exec-1] o.a.c.c.C.[Tomcat].[localhost].[/] - Initializing Spring DispatcherServlet 'dispatcherServlet'
2026-09-21 11:17:36.589 INFO  [http-nio-8090-exec-1] o.s.web.servlet.DispatcherServlet - Initializing Servlet 'dispatcherServlet'
2026-09-21 11:17:36.592 INFO  [http-nio-8090-exec-1] o.s.web.servlet.DispatcherServlet - Completed initialization in 3 ms
2026-09-21 11:17:36.690 INFO  [http-nio-8090-exec-1] c.t.n.controller.BacklogController - Received /postbacklog request: transactionType=EN, offset=0, limit=50, concurrency=8
2026-09-21 11:17:37.523 INFO  [http-nio-8090-exec-1] c.t.n.dao.PolicyTransactionDao - Fetched 1 backlog batch numbers (offset=0, limit=50) for transaction type EN in 830 ms
2026-09-21 11:17:37.523 INFO  [http-nio-8090-exec-1] c.t.n.service.BacklogService - Backlog run starting: transactionType=EN, offset=0, count=1, concurrency=8
2026-09-21 11:18:46.860 ERROR [backlog-poster-49] c.t.n.service.ThirdPartyApiClient - Error posting to NAICOM_POLICY_TERMINATION_URL (504 GATEWAY_TIMEOUT): timeout
java.net.SocketTimeoutException: timeout
	at okhttp3.internal.http2.Http2Stream$StreamTimeout.newTimeoutException(Http2Stream.kt:675)
	at okhttp3.internal.http2.Http2Stream$StreamTimeout.exitAndThrowIfTimedOut(Http2Stream.kt:684)
	at okhttp3.internal.http2.Http2Stream.takeHeaders(Http2Stream.kt:143)
	at okhttp3.internal.http2.Http2ExchangeCodec.readResponseHeaders(Http2ExchangeCodec.kt:97)
	at okhttp3.internal.connection.Exchange.readResponseHeaders(Exchange.kt:110)
	at okhttp3.internal.http.CallServerInterceptor.intercept(CallServerInterceptor.kt:93)
	at okhttp3.internal.http.RealInterceptorChain.proceed(RealInterceptorChain.kt:109)
	at okhttp3.internal.connection.ConnectInterceptor.intercept(ConnectInterceptor.kt:34)
	at okhttp3.internal.http.RealInterceptorChain.proceed(RealInterceptorChain.kt:109)
	at okhttp3.internal.cache.CacheInterceptor.intercept(CacheInterceptor.kt:95)
	at okhttp3.internal.http.RealInterceptorChain.proceed(RealInterceptorChain.kt:109)
	at okhttp3.internal.http.BridgeInterceptor.intercept(BridgeInterceptor.kt:83)
	at okhttp3.internal.http.RealInterceptorChain.proceed(RealInterceptorChain.kt:109)
	at okhttp3.internal.http.RetryAndFollowUpInterceptor.intercept(RetryAndFollowUpInterceptor.kt:76)
	at okhttp3.internal.http.RealInterceptorChain.proceed(RealInterceptorChain.kt:109)
	at okhttp3.internal.connection.RealCall.getResponseWithInterceptorChain$okhttp(RealCall.kt:201)
	at okhttp3.internal.connection.RealCall.execute(RealCall.kt:154)
	at com.turnkey.naicombacklog.service.ThirdPartyApiClient.postTransaction(ThirdPartyApiClient.java:39)
	at com.turnkey.naicombacklog.service.NaicomPostingService.terminateNaicomPolicy(NaicomPostingService.java:738)
	at com.turnkey.naicombacklog.service.BacklogService.post(BacklogService.java:360)
	at com.turnkey.naicombacklog.service.BacklogService.attemptBacklog(BacklogService.java:256)
	at com.turnkey.naicombacklog.service.BacklogService.processBacklog(BacklogService.java:212)
	at com.turnkey.naicombacklog.service.BacklogService.lambda$processConcurrently$1(BacklogService.java:400)
	at java.base/java.util.concurrent.FutureTask.run$$$capture(FutureTask.java:264)
	at java.base/java.util.concurrent.FutureTask.run(FutureTask.java)
	at java.base/java.util.concurrent.ThreadPoolExecutor.runWorker(ThreadPoolExecutor.java:1136)
	at java.base/java.util.concurrent.ThreadPoolExecutor$Worker.run(ThreadPoolExecutor.java:635)
	at java.base/java.lang.Thread.run(Thread.java:840)
2026-09-21 11:18:47.687 WARN  [backlog-poster-49] c.t.n.service.BacklogService - RETRY for Transaction with batch=2021239737, type=EN: attempt 1/3 failed at stage=POST, reason=POST: TEX-502: NAICOM returned no usable JSON (HTTP 504): timeout Encountered while posting Naicom Policy - staging and posting it afresh
2026-09-21 11:19:56.153 ERROR [backlog-poster-49] c.t.n.service.ThirdPartyApiClient - Error posting to NAICOM_POLICY_TERMINATION_URL (504 GATEWAY_TIMEOUT): timeout
java.net.SocketTimeoutException: timeout
	at okhttp3.internal.http2.Http2Stream$StreamTimeout.newTimeoutException(Http2Stream.kt:675)
	at okhttp3.internal.http2.Http2Stream$StreamTimeout.exitAndThrowIfTimedOut(Http2Stream.kt:684)
	at okhttp3.internal.http2.Http2Stream.takeHeaders(Http2Stream.kt:143)
	at okhttp3.internal.http2.Http2ExchangeCodec.readResponseHeaders(Http2ExchangeCodec.kt:97)
	at okhttp3.internal.connection.Exchange.readResponseHeaders(Exchange.kt:110)
	at okhttp3.internal.http.CallServerInterceptor.intercept(CallServerInterceptor.kt:93)
	at okhttp3.internal.http.RealInterceptorChain.proceed(RealInterceptorChain.kt:109)
	at okhttp3.internal.connection.ConnectInterceptor.intercept(ConnectInterceptor.kt:34)
	at okhttp3.internal.http.RealInterceptorChain.proceed(RealInterceptorChain.kt:109)
	at okhttp3.internal.cache.CacheInterceptor.intercept(CacheInterceptor.kt:95)
	at okhttp3.internal.http.RealInterceptorChain.proceed(RealInterceptorChain.kt:109)
	at okhttp3.internal.http.BridgeInterceptor.intercept(BridgeInterceptor.kt:83)
	at okhttp3.internal.http.RealInterceptorChain.proceed(RealInterceptorChain.kt:109)
	at okhttp3.internal.http.RetryAndFollowUpInterceptor.intercept(RetryAndFollowUpInterceptor.kt:76)
	at okhttp3.internal.http.RealInterceptorChain.proceed(RealInterceptorChain.kt:109)
	at okhttp3.internal.connection.RealCall.getResponseWithInterceptorChain$okhttp(RealCall.kt:201)
	at okhttp3.internal.connection.RealCall.execute(RealCall.kt:154)
	at com.turnkey.naicombacklog.service.ThirdPartyApiClient.postTransaction(ThirdPartyApiClient.java:39)
	at com.turnkey.naicombacklog.service.NaicomPostingService.terminateNaicomPolicy(NaicomPostingService.java:738)
	at com.turnkey.naicombacklog.service.BacklogService.post(BacklogService.java:360)
	at com.turnkey.naicombacklog.service.BacklogService.attemptBacklog(BacklogService.java:256)
	at com.turnkey.naicombacklog.service.BacklogService.processBacklog(BacklogService.java:212)
	at com.turnkey.naicombacklog.service.BacklogService.lambda$processConcurrently$1(BacklogService.java:400)
	at java.base/java.util.concurrent.FutureTask.run$$$capture(FutureTask.java:264)
	at java.base/java.util.concurrent.FutureTask.run(FutureTask.java)
	at java.base/java.util.concurrent.ThreadPoolExecutor.runWorker(ThreadPoolExecutor.java:1136)
	at java.base/java.util.concurrent.ThreadPoolExecutor$Worker.run(ThreadPoolExecutor.java:635)
	at java.base/java.lang.Thread.run(Thread.java:840)
2026-09-21 11:19:56.878 WARN  [backlog-poster-49] c.t.n.service.BacklogService - RETRY for Transaction with batch=2021239737, type=EN: attempt 2/3 failed at stage=POST, reason=POST: TEX-502: NAICOM returned no usable JSON (HTTP 504): timeout Encountered while posting Naicom Policy - staging and posting it afresh
2026-09-21 11:21:03.623 ERROR [backlog-poster-49] c.t.n.service.ThirdPartyApiClient - Error posting to NAICOM_POLICY_TERMINATION_URL (504 GATEWAY_TIMEOUT): timeout
java.net.SocketTimeoutException: timeout
	at okhttp3.internal.http2.Http2Stream$StreamTimeout.newTimeoutException(Http2Stream.kt:675)
	at okhttp3.internal.http2.Http2Stream$StreamTimeout.exitAndThrowIfTimedOut(Http2Stream.kt:684)
	at okhttp3.internal.http2.Http2Stream.takeHeaders(Http2Stream.kt:143)
	at okhttp3.internal.http2.Http2ExchangeCodec.readResponseHeaders(Http2ExchangeCodec.kt:97)
	at okhttp3.internal.connection.Exchange.readResponseHeaders(Exchange.kt:110)
	at okhttp3.internal.http.CallServerInterceptor.intercept(CallServerInterceptor.kt:93)
	at okhttp3.internal.http.RealInterceptorChain.proceed(RealInterceptorChain.kt:109)
	at okhttp3.internal.connection.ConnectInterceptor.intercept(ConnectInterceptor.kt:34)
	at okhttp3.internal.http.RealInterceptorChain.proceed(RealInterceptorChain.kt:109)
	at okhttp3.internal.cache.CacheInterceptor.intercept(CacheInterceptor.kt:95)
	at okhttp3.internal.http.RealInterceptorChain.proceed(RealInterceptorChain.kt:109)
	at okhttp3.internal.http.BridgeInterceptor.intercept(BridgeInterceptor.kt:83)
	at okhttp3.internal.http.RealInterceptorChain.proceed(RealInterceptorChain.kt:109)
	at okhttp3.internal.http.RetryAndFollowUpInterceptor.intercept(RetryAndFollowUpInterceptor.kt:76)
	at okhttp3.internal.http.RealInterceptorChain.proceed(RealInterceptorChain.kt:109)
	at okhttp3.internal.connection.RealCall.getResponseWithInterceptorChain$okhttp(RealCall.kt:201)
	at okhttp3.internal.connection.RealCall.execute(RealCall.kt:154)
	at com.turnkey.naicombacklog.service.ThirdPartyApiClient.postTransaction(ThirdPartyApiClient.java:39)
	at com.turnkey.naicombacklog.service.NaicomPostingService.terminateNaicomPolicy(NaicomPostingService.java:738)
	at com.turnkey.naicombacklog.service.BacklogService.post(BacklogService.java:360)
	at com.turnkey.naicombacklog.service.BacklogService.attemptBacklog(BacklogService.java:256)
	at com.turnkey.naicombacklog.service.BacklogService.processBacklog(BacklogService.java:212)
	at com.turnkey.naicombacklog.service.BacklogService.lambda$processConcurrently$1(BacklogService.java:400)
	at java.base/java.util.concurrent.FutureTask.run$$$capture(FutureTask.java:264)
	at java.base/java.util.concurrent.FutureTask.run(FutureTask.java)
	at java.base/java.util.concurrent.ThreadPoolExecutor.runWorker(ThreadPoolExecutor.java:1136)
	at java.base/java.util.concurrent.ThreadPoolExecutor$Worker.run(ThreadPoolExecutor.java:635)
	at java.base/java.lang.Thread.run(Thread.java:840)
2026-09-21 11:21:05.346 WARN  [backlog-poster-49] c.t.n.service.BacklogService - 1. FAILURE for Transaction with batch=2021239737, type=EN, action=TERMINATE, stage=POST, status=504 GATEWAY_TIMEOUT, elapsedMs=206845, attempts=3, reason=TEX-502: NAICOM returned no usable JSON (HTTP 504): timeout Encountered while posting Naicom Policy [1/1 ok=0 fail=1]
2026-09-21 11:21:05.348 INFO  [http-nio-8090-exec-1] c.t.n.service.BacklogService - Backlog run finished: transactionType=EN, offset=0, count=1, succeeded=0, failed=1, elapsedMs=208658 (208658 ms/policy)
2026-09-21 11:21:55.537 INFO  [http-nio-8090-exec-4] c.t.n.controller.BacklogController - Received /postbacklog request: transactionType=EN, offset=0, limit=10, concurrency=8
2026-09-21 11:21:57.828 INFO  [http-nio-8090-exec-4] c.t.n.dao.PolicyTransactionDao - Fetched 10 backlog batch numbers (offset=0, limit=10) for transaction type EN in 2291 ms
2026-09-21 11:21:57.828 INFO  [http-nio-8090-exec-4] c.t.n.service.BacklogService - Backlog run starting: transactionType=EN, offset=0, count=10, concurrency=8
2026-09-21 11:22:02.383 WARN  [backlog-poster-75] c.t.n.service.BacklogService - RETRY for Transaction with batch=2021235273, type=EN: attempt 1/3 failed at stage=POST, reason=POST: TEX-400: Burglary coverage Details cannot be null. - staging and posting it afresh
2026-09-21 11:22:02.806 WARN  [backlog-poster-78] c.t.n.service.BacklogService - RETRY for Transaction with batch=2021241375, type=EN: attempt 1/3 failed at stage=POST, reason=POST: TEX-400: Burglary coverage Details cannot be null. - staging and posting it afresh
2026-09-21 11:22:03.592 WARN  [backlog-poster-80] c.t.n.service.BacklogService - RETRY for Transaction with batch=2021241761, type=EN: attempt 1/3 failed at stage=POST, reason=POST: TEX-400: Burglary coverage Details cannot be null. - staging and posting it afresh
2026-09-21 11:22:06.998 WARN  [backlog-poster-75] c.t.n.service.BacklogService - RETRY for Transaction with batch=2021235273, type=EN: attempt 2/3 failed at stage=POST, reason=POST: TEX-400: Burglary coverage Details cannot be null. - staging and posting it afresh
2026-09-21 11:22:07.713 WARN  [backlog-poster-78] c.t.n.service.BacklogService - RETRY for Transaction with batch=2021241375, type=EN: attempt 2/3 failed at stage=POST, reason=POST: TEX-400: Burglary coverage Details cannot be null. - staging and posting it afresh
2026-09-21 11:22:08.996 WARN  [backlog-poster-80] c.t.n.service.BacklogService - RETRY for Transaction with batch=2021241761, type=EN: attempt 2/3 failed at stage=POST, reason=POST: TEX-400: Burglary coverage Details cannot be null. - staging and posting it afresh
2026-09-21 11:22:13.308 WARN  [backlog-poster-75] c.t.n.service.BacklogService - 1. FAILURE for Transaction with batch=2021235273, type=EN, action=POST, stage=POST, status=400 BAD_REQUEST, elapsedMs=14491, attempts=3, reason=TEX-400: Burglary coverage Details cannot be null. [1/10 ok=0 fail=1]
2026-09-21 11:22:14.428 WARN  [backlog-poster-78] c.t.n.service.BacklogService - 2. FAILURE for Transaction with batch=2021241375, type=EN, action=ENDORSE, stage=POST, status=400 BAD_REQUEST, elapsedMs=15664, attempts=3, reason=TEX-400: Burglary coverage Details cannot be null. [2/10 ok=0 fail=2]
2026-09-21 11:22:15.122 WARN  [backlog-poster-80] c.t.n.service.BacklogService - 3. FAILURE for Transaction with batch=2021241761, type=EN, action=ENDORSE, stage=POST, status=400 BAD_REQUEST, elapsedMs=16463, attempts=3, reason=TEX-400: Burglary coverage Details cannot be null. [3/10 ok=0 fail=3]
2026-09-21 11:22:36.715 WARN  [backlog-poster-82] c.t.n.service.BacklogService - RETRY for Transaction with batch=2021242207, type=EN: attempt 1/3 failed at stage=POST, reason=POST: 1007: Unexpected error. Cannot record policy - staging and posting it afresh
2026-09-21 11:22:49.970 WARN  [backlog-poster-75] c.t.n.service.BacklogService - RETRY for Transaction with batch=2021242548, type=EN: attempt 1/3 failed at stage=POST, reason=POST: 1007: Unexpected error. Cannot record policy - staging and posting it afresh
2026-09-21 11:22:51.240 WARN  [backlog-poster-78] c.t.n.service.BacklogService - RETRY for Transaction with batch=2021242658, type=EN: attempt 1/3 failed at stage=POST, reason=POST: 1007: Unexpected error. Cannot record policy - staging and posting it afresh
2026-09-21 11:23:04.450 ERROR [backlog-poster-76] c.t.n.service.ThirdPartyApiClient - Error posting to NAICOM_POLICY_TERMINATION_URL (504 GATEWAY_TIMEOUT): timeout
java.net.SocketTimeoutException: timeout
	at okhttp3.internal.http2.Http2Stream$StreamTimeout.newTimeoutException(Http2Stream.kt:675)
	at okhttp3.internal.http2.Http2Stream$StreamTimeout.exitAndThrowIfTimedOut(Http2Stream.kt:684)
	at okhttp3.internal.http2.Http2Stream.takeHeaders(Http2Stream.kt:143)
	at okhttp3.internal.http2.Http2ExchangeCodec.readResponseHeaders(Http2ExchangeCodec.kt:97)
	at okhttp3.internal.connection.Exchange.readResponseHeaders(Exchange.kt:110)
	at okhttp3.internal.http.CallServerInterceptor.intercept(CallServerInterceptor.kt:93)
	at okhttp3.internal.http.RealInterceptorChain.proceed(RealInterceptorChain.kt:109)
	at okhttp3.internal.connection.ConnectInterceptor.intercept(ConnectInterceptor.kt:34)
	at okhttp3.internal.http.RealInterceptorChain.proceed(RealInterceptorChain.kt:109)
	at okhttp3.internal.cache.CacheInterceptor.intercept(CacheInterceptor.kt:95)
	at okhttp3.internal.http.RealInterceptorChain.proceed(RealInterceptorChain.kt:109)
	at okhttp3.internal.http.BridgeInterceptor.intercept(BridgeInterceptor.kt:83)
	at okhttp3.internal.http.RealInterceptorChain.proceed(RealInterceptorChain.kt:109)
	at okhttp3.internal.http.RetryAndFollowUpInterceptor.intercept(RetryAndFollowUpInterceptor.kt:76)
	at okhttp3.internal.http.RealInterceptorChain.proceed(RealInterceptorChain.kt:109)
	at okhttp3.internal.connection.RealCall.getResponseWithInterceptorChain$okhttp(RealCall.kt:201)
	at okhttp3.internal.connection.RealCall.execute(RealCall.kt:154)
	at com.turnkey.naicombacklog.service.ThirdPartyApiClient.postTransaction(ThirdPartyApiClient.java:39)
	at com.turnkey.naicombacklog.service.NaicomPostingService.terminateNaicomPolicy(NaicomPostingService.java:738)
	at com.turnkey.naicombacklog.service.BacklogService.post(BacklogService.java:360)
	at com.turnkey.naicombacklog.service.BacklogService.attemptBacklog(BacklogService.java:256)
	at com.turnkey.naicombacklog.service.BacklogService.processBacklog(BacklogService.java:212)
	at com.turnkey.naicombacklog.service.BacklogService.lambda$processConcurrently$1(BacklogService.java:400)
	at java.base/java.util.concurrent.FutureTask.run$$$capture(FutureTask.java:264)
	at java.base/java.util.concurrent.FutureTask.run(FutureTask.java)
	at java.base/java.util.concurrent.ThreadPoolExecutor.runWorker(ThreadPoolExecutor.java:1136)
	at java.base/java.util.concurrent.ThreadPoolExecutor$Worker.run(ThreadPoolExecutor.java:635)
	at java.base/java.lang.Thread.run(Thread.java:840)
2026-09-21 11:23:04.985 ERROR [backlog-poster-79] c.t.n.service.ThirdPartyApiClient - Error posting to NAICOM_POLICY_ENDORSEMENT_URL (504 GATEWAY_TIMEOUT): timeout
java.net.SocketTimeoutException: timeout
	at okhttp3.internal.http2.Http2Stream$StreamTimeout.newTimeoutException(Http2Stream.kt:675)
	at okhttp3.internal.http2.Http2Stream$StreamTimeout.exitAndThrowIfTimedOut(Http2Stream.kt:684)
	at okhttp3.internal.http2.Http2Stream.takeHeaders(Http2Stream.kt:143)
	at okhttp3.internal.http2.Http2ExchangeCodec.readResponseHeaders(Http2ExchangeCodec.kt:97)
	at okhttp3.internal.connection.Exchange.readResponseHeaders(Exchange.kt:110)
	at okhttp3.internal.http.CallServerInterceptor.intercept(CallServerInterceptor.kt:93)
	at okhttp3.internal.http.RealInterceptorChain.proceed(RealInterceptorChain.kt:109)
	at okhttp3.internal.connection.ConnectInterceptor.intercept(ConnectInterceptor.kt:34)
	at okhttp3.internal.http.RealInterceptorChain.proceed(RealInterceptorChain.kt:109)
	at okhttp3.internal.cache.CacheInterceptor.intercept(CacheInterceptor.kt:95)
	at okhttp3.internal.http.RealInterceptorChain.proceed(RealInterceptorChain.kt:109)
	at okhttp3.internal.http.BridgeInterceptor.intercept(BridgeInterceptor.kt:83)
	at okhttp3.internal.http.RealInterceptorChain.proceed(RealInterceptorChain.kt:109)
	at okhttp3.internal.http.RetryAndFollowUpInterceptor.intercept(RetryAndFollowUpInterceptor.kt:76)
	at okhttp3.internal.http.RealInterceptorChain.proceed(RealInterceptorChain.kt:109)
	at okhttp3.internal.connection.RealCall.getResponseWithInterceptorChain$okhttp(RealCall.kt:201)
	at okhttp3.internal.connection.RealCall.execute(RealCall.kt:154)
	at com.turnkey.naicombacklog.service.ThirdPartyApiClient.postTransaction(ThirdPartyApiClient.java:39)
	at com.turnkey.naicombacklog.service.NaicomPostingService.endorseProductPolicy(NaicomPostingService.java:488)
	at com.turnkey.naicombacklog.service.NaicomPostingService.endorsePolicy(NaicomPostingService.java:314)
	at com.turnkey.naicombacklog.service.BacklogService.post(BacklogService.java:358)
	at com.turnkey.naicombacklog.service.BacklogService.attemptBacklog(BacklogService.java:256)
	at com.turnkey.naicombacklog.service.BacklogService.processBacklog(BacklogService.java:212)
	at com.turnkey.naicombacklog.service.BacklogService.lambda$processConcurrently$1(BacklogService.java:400)
	at java.base/java.util.concurrent.FutureTask.run$$$capture(FutureTask.java:264)
	at java.base/java.util.concurrent.FutureTask.run(FutureTask.java)
	at java.base/java.util.concurrent.ThreadPoolExecutor.runWorker(ThreadPoolExecutor.java:1136)
	at java.base/java.util.concurrent.ThreadPoolExecutor$Worker.run(ThreadPoolExecutor.java:635)
	at java.base/java.lang.Thread.run(Thread.java:840)
2026-09-21 11:23:05.117 ERROR [backlog-poster-77] c.t.n.service.ThirdPartyApiClient - Error posting to NAICOM_POLICY_TERMINATION_URL (504 GATEWAY_TIMEOUT): timeout
java.net.SocketTimeoutException: timeout
	at okhttp3.internal.http2.Http2Stream$StreamTimeout.newTimeoutException(Http2Stream.kt:675)
	at okhttp3.internal.http2.Http2Stream$StreamTimeout.exitAndThrowIfTimedOut(Http2Stream.kt:684)
	at okhttp3.internal.http2.Http2Stream.takeHeaders(Http2Stream.kt:143)
	at okhttp3.internal.http2.Http2ExchangeCodec.readResponseHeaders(Http2ExchangeCodec.kt:97)
	at okhttp3.internal.connection.Exchange.readResponseHeaders(Exchange.kt:110)
	at okhttp3.internal.http.CallServerInterceptor.intercept(CallServerInterceptor.kt:93)
	at okhttp3.internal.http.RealInterceptorChain.proceed(RealInterceptorChain.kt:109)
	at okhttp3.internal.connection.ConnectInterceptor.intercept(ConnectInterceptor.kt:34)
	at okhttp3.internal.http.RealInterceptorChain.proceed(RealInterceptorChain.kt:109)
	at okhttp3.internal.cache.CacheInterceptor.intercept(CacheInterceptor.kt:95)
	at okhttp3.internal.http.RealInterceptorChain.proceed(RealInterceptorChain.kt:109)
	at okhttp3.internal.http.BridgeInterceptor.intercept(BridgeInterceptor.kt:83)
	at okhttp3.internal.http.RealInterceptorChain.proceed(RealInterceptorChain.kt:109)
	at okhttp3.internal.http.RetryAndFollowUpInterceptor.intercept(RetryAndFollowUpInterceptor.kt:76)
	at okhttp3.internal.http.RealInterceptorChain.proceed(RealInterceptorChain.kt:109)
	at okhttp3.internal.connection.RealCall.getResponseWithInterceptorChain$okhttp(RealCall.kt:201)
	at okhttp3.internal.connection.RealCall.execute(RealCall.kt:154)
	at com.turnkey.naicombacklog.service.ThirdPartyApiClient.postTransaction(ThirdPartyApiClient.java:39)
	at com.turnkey.naicombacklog.service.NaicomPostingService.terminateNaicomPolicy(NaicomPostingService.java:738)
	at com.turnkey.naicombacklog.service.BacklogService.post(BacklogService.java:360)
	at com.turnkey.naicombacklog.service.BacklogService.attemptBacklog(BacklogService.java:256)
	at com.turnkey.naicombacklog.service.BacklogService.processBacklog(BacklogService.java:212)
	at com.turnkey.naicombacklog.service.BacklogService.lambda$processConcurrently$1(BacklogService.java:400)
	at java.base/java.util.concurrent.FutureTask.run$$$capture(FutureTask.java:264)
	at java.base/java.util.concurrent.FutureTask.run(FutureTask.java)
	at java.base/java.util.concurrent.ThreadPoolExecutor.runWorker(ThreadPoolExecutor.java:1136)
	at java.base/java.util.concurrent.ThreadPoolExecutor$Worker.run(ThreadPoolExecutor.java:635)
	at java.base/java.lang.Thread.run(Thread.java:840)
2026-09-21 11:23:05.200 WARN  [backlog-poster-76] c.t.n.service.BacklogService - RETRY for Transaction with batch=2021238799, type=EN: attempt 1/3 failed at stage=POST, reason=POST: TEX-502: NAICOM returned no usable JSON (HTTP 504): timeout Encountered while posting Naicom Policy - staging and posting it afresh
2026-09-21 11:23:05.261 ERROR [backlog-poster-81] c.t.n.service.ThirdPartyApiClient - Error posting to NAICOM_POLICY_ENDORSEMENT_URL (504 GATEWAY_TIMEOUT): timeout
java.net.SocketTimeoutException: timeout
	at okhttp3.internal.http2.Http2Stream$StreamTimeout.newTimeoutException(Http2Stream.kt:675)
	at okhttp3.internal.http2.Http2Stream$StreamTimeout.exitAndThrowIfTimedOut(Http2Stream.kt:684)
	at okhttp3.internal.http2.Http2Stream.takeHeaders(Http2Stream.kt:143)
	at okhttp3.internal.http2.Http2ExchangeCodec.readResponseHeaders(Http2ExchangeCodec.kt:97)
	at okhttp3.internal.connection.Exchange.readResponseHeaders(Exchange.kt:110)
	at okhttp3.internal.http.CallServerInterceptor.intercept(CallServerInterceptor.kt:93)
	at okhttp3.internal.http.RealInterceptorChain.proceed(RealInterceptorChain.kt:109)
	at okhttp3.internal.connection.ConnectInterceptor.intercept(ConnectInterceptor.kt:34)
	at okhttp3.internal.http.RealInterceptorChain.proceed(RealInterceptorChain.kt:109)
	at okhttp3.internal.cache.CacheInterceptor.intercept(CacheInterceptor.kt:95)
	at okhttp3.internal.http.RealInterceptorChain.proceed(RealInterceptorChain.kt:109)
	at okhttp3.internal.http.BridgeInterceptor.intercept(BridgeInterceptor.kt:83)
	at okhttp3.internal.http.RealInterceptorChain.proceed(RealInterceptorChain.kt:109)
	at okhttp3.internal.http.RetryAndFollowUpInterceptor.intercept(RetryAndFollowUpInterceptor.kt:76)
	at okhttp3.internal.http.RealInterceptorChain.proceed(RealInterceptorChain.kt:109)
	at okhttp3.internal.connection.RealCall.getResponseWithInterceptorChain$okhttp(RealCall.kt:201)
	at okhttp3.internal.connection.RealCall.execute(RealCall.kt:154)
	at com.turnkey.naicombacklog.service.ThirdPartyApiClient.postTransaction(ThirdPartyApiClient.java:39)
	at com.turnkey.naicombacklog.service.NaicomPostingService.endorseProductPolicy(NaicomPostingService.java:488)
	at com.turnkey.naicombacklog.service.NaicomPostingService.endorsePolicy(NaicomPostingService.java:313)
	at com.turnkey.naicombacklog.service.BacklogService.post(BacklogService.java:358)
	at com.turnkey.naicombacklog.service.BacklogService.attemptBacklog(BacklogService.java:256)
	at com.turnkey.naicombacklog.service.BacklogService.processBacklog(BacklogService.java:212)
	at com.turnkey.naicombacklog.service.BacklogService.lambda$processConcurrently$1(BacklogService.java:400)
	at java.base/java.util.concurrent.FutureTask.run$$$capture(FutureTask.java:264)
	at java.base/java.util.concurrent.FutureTask.run(FutureTask.java)
	at java.base/java.util.concurrent.ThreadPoolExecutor.runWorker(ThreadPoolExecutor.java:1136)
	at java.base/java.util.concurrent.ThreadPoolExecutor$Worker.run(ThreadPoolExecutor.java:635)
	at java.base/java.lang.Thread.run(Thread.java:840)
2026-09-21 11:23:05.790 WARN  [backlog-poster-79] c.t.n.service.BacklogService - RETRY for Transaction with batch=2021241635, type=EN: attempt 1/3 failed at stage=POST, reason=POST: TEX-502: NAICOM returned no usable JSON (HTTP 504): timeout Encountered while posting Naicom Policy - staging and posting it afresh
2026-09-21 11:23:05.923 WARN  [backlog-poster-77] c.t.n.service.BacklogService - RETRY for Transaction with batch=2021239737, type=EN: attempt 1/3 failed at stage=POST, reason=POST: TEX-502: NAICOM returned no usable JSON (HTTP 504): timeout Encountered while posting Naicom Policy - staging and posting it afresh
2026-09-21 11:23:06.114 WARN  [backlog-poster-81] c.t.n.service.BacklogService - RETRY for Transaction with batch=2021241819, type=EN: attempt 1/3 failed at stage=POST, reason=POST: TEX-502: NAICOM returned no usable JSON (HTTP 504): timeout Encountered while posting Naicom Policy - staging and posting it afresh
2026-09-21 11:23:17.106 INFO  [backlog-poster-75] c.t.n.service.BacklogService - 4. SUCCESS for Transaction with batch=2021242548, type=EN, action=POST, status=201 CREATED, uniqueId=029260048119754654, elapsedMs=63798, attempts=2 [4/10 ok=1 fail=3]
2026-09-21 11:23:17.242 INFO  [backlog-poster-78] c.t.n.service.BacklogService - 5. SUCCESS for Transaction with batch=2021242658, type=EN, action=POST, status=201 CREATED, uniqueId=029260041119754653, elapsedMs=62814, attempts=2 [5/10 ok=2 fail=3]
2026-09-21 11:23:17.461 INFO  [backlog-poster-82] c.t.n.service.BacklogService - 6. SUCCESS for Transaction with batch=2021242207, type=EN, action=POST, status=201 CREATED, uniqueId=029260041119754650, elapsedMs=79627, attempts=2 [6/10 ok=3 fail=3]
2026-09-21 11:23:22.144 INFO  [backlog-poster-76] c.t.n.service.BacklogService - 7. SUCCESS for Transaction with batch=2021238799, type=EN, action=TERMINATE, status=200 OK, uniqueId=null, elapsedMs=84312, attempts=2 [7/10 ok=4 fail=3]
2026-09-21 11:23:27.295 INFO  [backlog-poster-77] c.t.n.service.BacklogService - 8. SUCCESS for Transaction with batch=2021239737, type=EN, action=TERMINATE, status=200 OK, uniqueId=null, elapsedMs=89463, attempts=2 [8/10 ok=5 fail=3]
2026-09-21 11:23:27.977 INFO  [backlog-poster-79] c.t.n.service.BacklogService - 9. SUCCESS for Transaction with batch=2021241635, type=EN, action=ENDORSE, status=200 OK, uniqueId=029250048058050204, elapsedMs=90145, attempts=2 [9/10 ok=6 fail=3]
2026-09-21 11:23:28.579 INFO  [backlog-poster-81] c.t.n.service.BacklogService - 10. SUCCESS for Transaction with batch=2021241819, type=EN, action=ENDORSE, status=200 OK, uniqueId=029240041024614457, elapsedMs=90745, attempts=2 [10/10 ok=7 fail=3]
2026-09-21 11:23:28.579 INFO  [http-nio-8090-exec-4] c.t.n.service.BacklogService - Backlog run finished: transactionType=EN, offset=0, count=10, succeeded=7, failed=3, elapsedMs=93042 (9304 ms/policy)
2026-09-21 11:28:58.913 INFO  [SpringApplicationShutdownHook] o.s.b.w.e.tomcat.GracefulShutdown - Commencing graceful shutdown. Waiting for active requests to complete
2026-09-21 11:29:00.532 INFO  [tomcat-shutdown] o.s.b.w.e.tomcat.GracefulShutdown - Graceful shutdown complete
2026-09-21 11:29:00.536 INFO  [SpringApplicationShutdownHook] o.s.o.j.LocalContainerEntityManagerFactoryBean - Closing JPA EntityManagerFactory for persistence unit 'default'
2026-09-21 11:29:00.538 INFO  [SpringApplicationShutdownHook] com.zaxxer.hikari.HikariDataSource - HikariPool-1 - Shutdown initiated...
2026-09-21 11:29:03.360 INFO  [SpringApplicationShutdownHook] com.zaxxer.hikari.HikariDataSource - HikariPool-1 - Shutdown completed.
2026-09-21 11:29:12.249 INFO  [main] c.t.n.NaicomBacklogPosterApplication - Starting NaicomBacklogPosterApplication using Java 17.0.20.1 with PID 26740 (D:\repos\apis\naicom_posting_backlog\target\classes started by Mutua in D:\repos\apis\naicom_posting_backlog)
2026-09-21 11:29:12.253 INFO  [main] c.t.n.NaicomBacklogPosterApplication - No active profile set, falling back to 1 default profile: "default"
2026-09-21 11:29:15.147 INFO  [main] o.s.d.r.c.RepositoryConfigurationDelegate - Bootstrapping Spring Data JPA repositories in DEFAULT mode.
2026-09-21 11:29:15.302 INFO  [main] o.s.d.r.c.RepositoryConfigurationDelegate - Finished Spring Data repository scanning in 138 ms. Found 4 JPA repository interfaces.
2026-09-21 11:29:17.041 INFO  [main] o.s.b.w.e.tomcat.TomcatWebServer - Tomcat initialized with port 8090 (http)
2026-09-21 11:29:17.070 INFO  [main] o.a.catalina.core.StandardService - Starting service [Tomcat]
2026-09-21 11:29:17.071 INFO  [main] o.a.catalina.core.StandardEngine - Starting Servlet engine: [Apache Tomcat/10.1.31]
2026-09-21 11:29:17.247 INFO  [main] o.a.c.c.C.[Tomcat].[localhost].[/] - Initializing Spring embedded WebApplicationContext
2026-09-21 11:29:17.247 INFO  [main] o.s.b.w.s.c.ServletWebServerApplicationContext - Root WebApplicationContext: initialization completed in 4880 ms
2026-09-21 11:29:17.826 INFO  [main] o.h.jpa.internal.util.LogHelper - HHH000204: Processing PersistenceUnitInfo [name: default]
2026-09-21 11:29:17.974 INFO  [main] org.hibernate.Version - HHH000412: Hibernate ORM core version 6.4.10.Final
2026-09-21 11:29:18.082 INFO  [main] o.h.c.i.RegionFactoryInitiator - HHH000026: Second-level cache disabled
2026-09-21 11:29:18.846 INFO  [main] o.s.o.j.p.SpringPersistenceUnitInfo - No LoadTimeWeaver setup: ignoring JPA class transformer
2026-09-21 11:29:18.940 INFO  [main] com.zaxxer.hikari.HikariDataSource - HikariPool-1 - Starting...
2026-09-21 11:29:22.958 INFO  [main] com.zaxxer.hikari.pool.HikariPool - HikariPool-1 - Added connection oracle.jdbc.driver.T4CConnection@2f73f0c7
2026-09-21 11:29:22.966 INFO  [main] com.zaxxer.hikari.HikariDataSource - HikariPool-1 - Start completed.
2026-09-21 11:29:24.043 WARN  [main] org.hibernate.orm.deprecation - HHH90000025: OracleDialect does not need to be specified explicitly using 'hibernate.dialect' (remove the property setting and it will be selected by default)
2026-09-21 11:29:29.115 INFO  [main] o.h.e.t.j.p.i.JtaPlatformInitiator - HHH000489: No JTA platform available (set 'hibernate.transaction.jta.platform' to enable JTA platform integration)
2026-09-21 11:29:29.120 INFO  [main] o.s.o.j.LocalContainerEntityManagerFactoryBean - Initialized JPA EntityManagerFactory for persistence unit 'default'
2026-09-21 11:29:30.222 INFO  [main] o.s.d.j.r.query.QueryEnhancerFactory - Hibernate is in classpath; If applicable, HQL parser will be used.
2026-09-21 11:29:31.159 WARN  [main] c.t.n.config.RestClientConfig - naicom.trust-all-ssl is enabled: TLS certificate and hostname verification is DISABLED for NAICOM calls.
2026-09-21 11:29:32.522 INFO  [main] o.s.b.w.e.tomcat.TomcatWebServer - Tomcat started on port 8090 (http) with context path ''
2026-09-21 11:29:32.548 INFO  [main] c.t.n.NaicomBacklogPosterApplication - Started NaicomBacklogPosterApplication in 21.871 seconds (process running for 23.434)
2026-09-21 11:29:41.572 INFO  [http-nio-8090-exec-1] o.a.c.c.C.[Tomcat].[localhost].[/] - Initializing Spring DispatcherServlet 'dispatcherServlet'
2026-09-21 11:29:41.572 INFO  [http-nio-8090-exec-1] o.s.web.servlet.DispatcherServlet - Initializing Servlet 'dispatcherServlet'
2026-09-21 11:29:41.572 INFO  [http-nio-8090-exec-1] o.s.web.servlet.DispatcherServlet - Completed initialization in 0 ms
2026-09-21 11:29:41.648 INFO  [http-nio-8090-exec-1] c.t.n.controller.BacklogController - Received /postbacklog request: transactionType=EN, offset=0, limit=10, concurrency=8
2026-09-21 11:29:43.790 INFO  [http-nio-8090-exec-1] c.t.n.dao.PolicyTransactionDao - Fetched 10 backlog batch numbers (offset=0, limit=10) for transaction type EN in 2138 ms
2026-09-21 11:29:43.790 INFO  [http-nio-8090-exec-1] c.t.n.service.BacklogService - Backlog run starting: transactionType=EN, offset=0, count=10, concurrency=8
2026-09-21 11:29:49.644 WARN  [backlog-poster-49] c.t.n.service.BacklogService - 1. FAILURE for Transaction with batch=2021235273, type=EN, action=POST, stage=POST, status=400 BAD_REQUEST, elapsedMs=4603, reason=TEX-400: Burglary coverage Details cannot be null. [1/10 ok=0 fail=1]
2026-09-21 11:29:50.692 WARN  [backlog-poster-52] c.t.n.service.BacklogService - 2. FAILURE for Transaction with batch=2021241375, type=EN, action=ENDORSE, stage=POST, status=400 BAD_REQUEST, elapsedMs=5180, reason=TEX-400: Burglary coverage Details cannot be null. [2/10 ok=0 fail=2]
2026-09-21 11:29:51.606 WARN  [backlog-poster-53] c.t.n.service.BacklogService - 3. FAILURE for Transaction with batch=2021241761, type=EN, action=ENDORSE, stage=POST, status=400 BAD_REQUEST, elapsedMs=6904, reason=TEX-400: Burglary coverage Details cannot be null. [3/10 ok=0 fail=3]
2026-09-21 11:30:53.688 WARN  [backlog-poster-50] c.t.n.service.ThirdPartyApiClient - Timed out posting to NAICOM_POLICY_TERMINATION_URL after 504 GATEWAY_TIMEOUT: timeout
2026-09-21 11:30:53.689 WARN  [backlog-poster-51] c.t.n.service.ThirdPartyApiClient - Timed out posting to NAICOM_POLICY_TERMINATION_URL after 504 GATEWAY_TIMEOUT: timeout
2026-09-21 11:30:53.690 WARN  [backlog-poster-54] c.t.n.service.ThirdPartyApiClient - Timed out posting to NAICOM_POLICY_ENDORSEMENT_URL after 504 GATEWAY_TIMEOUT: timeout
2026-09-21 11:30:53.690 WARN  [backlog-poster-55] c.t.n.service.ThirdPartyApiClient - Timed out posting to NAICOM_POLICY_ENDORSEMENT_URL after 504 GATEWAY_TIMEOUT: timeout
2026-09-21 11:30:54.090 WARN  [backlog-poster-56] c.t.n.service.ThirdPartyApiClient - Timed out posting to NAICOM_POLICY_ENDORSEMENT_URL after 504 GATEWAY_TIMEOUT: timeout
2026-09-21 11:30:54.368 WARN  [backlog-poster-49] c.t.n.service.ThirdPartyApiClient - Timed out posting to NAICOM_POLICY_TERMINATION_URL after 504 GATEWAY_TIMEOUT: timeout
2026-09-21 11:30:54.738 WARN  [backlog-poster-52] c.t.n.service.ThirdPartyApiClient - Timed out posting to NAICOM_POLICY_TERMINATION_URL after 504 GATEWAY_TIMEOUT: timeout
2026-09-21 11:30:55.337 WARN  [backlog-poster-50] c.t.n.service.BacklogService - 4. FAILURE for Transaction with batch=2021238799, type=EN, action=TERMINATE, stage=POST, status=504 GATEWAY_TIMEOUT, elapsedMs=70702, reason=TEX-502: NAICOM returned no usable JSON (HTTP 504): timeout Encountered while posting Naicom Policy [4/10 ok=0 fail=4]
2026-09-21 11:30:55.649 WARN  [backlog-poster-54] c.t.n.service.BacklogService - 5. FAILURE for Transaction with batch=2022242817, type=EN, action=ENDORSE, stage=POST, status=504 GATEWAY_TIMEOUT, elapsedMs=70966, reason=TEX-502: NAICOM returned no usable JSON (HTTP 504): timeout Encountered while posting Naicom Policy [5/10 ok=0 fail=5]
2026-09-21 11:30:55.649 WARN  [backlog-poster-55] c.t.n.service.BacklogService - 6. FAILURE for Transaction with batch=2022242837, type=EN, action=ENDORSE, stage=POST, status=504 GATEWAY_TIMEOUT, elapsedMs=70966, reason=TEX-502: NAICOM returned no usable JSON (HTTP 504): timeout Encountered while posting Naicom Policy [6/10 ok=0 fail=6]
2026-09-21 11:30:55.650 WARN  [backlog-poster-51] c.t.n.service.BacklogService - 7. FAILURE for Transaction with batch=2021239737, type=EN, action=TERMINATE, stage=POST, status=504 GATEWAY_TIMEOUT, elapsedMs=70966, reason=TEX-502: NAICOM returned no usable JSON (HTTP 504): timeout Encountered while posting Naicom Policy [7/10 ok=0 fail=7]
2026-09-21 11:30:55.806 WARN  [backlog-poster-56] c.t.n.service.BacklogService - 8. FAILURE for Transaction with batch=2022242921, type=EN, action=ENDORSE, stage=POST, status=504 GATEWAY_TIMEOUT, elapsedMs=71088, reason=TEX-502: NAICOM returned no usable JSON (HTTP 504): timeout Encountered while posting Naicom Policy [8/10 ok=0 fail=8]
2026-09-21 11:30:56.075 WARN  [backlog-poster-49] c.t.n.service.BacklogService - 9. FAILURE for Transaction with batch=2022242928, type=EN, action=TERMINATE, stage=POST, status=504 GATEWAY_TIMEOUT, elapsedMs=65530, reason=TEX-502: NAICOM returned no usable JSON (HTTP 504): timeout Encountered while posting Naicom Policy [9/10 ok=0 fail=9]
2026-09-21 11:30:56.436 WARN  [backlog-poster-52] c.t.n.service.BacklogService - 10. FAILURE for Transaction with batch=2022242933, type=EN, action=TERMINATE, stage=POST, status=504 GATEWAY_TIMEOUT, elapsedMs=64957, reason=TEX-502: NAICOM returned no usable JSON (HTTP 504): timeout Encountered while posting Naicom Policy [10/10 ok=0 fail=10]
2026-09-21 11:30:56.438 INFO  [http-nio-8090-exec-1] c.t.n.service.BacklogService - Backlog run finished: transactionType=EN, offset=0, count=10, succeeded=0, failed=10, elapsedMs=74788 (7478 ms/policy)
2026-09-21 11:31:46.218 INFO  [http-nio-8090-exec-5] c.t.n.controller.BacklogController - Received /postbacklog request: transactionType=EN, offset=0, limit=10, concurrency=8
2026-09-21 11:31:48.364 INFO  [http-nio-8090-exec-5] c.t.n.dao.PolicyTransactionDao - Fetched 10 backlog batch numbers (offset=0, limit=10) for transaction type EN in 2146 ms
2026-09-21 11:31:48.364 INFO  [http-nio-8090-exec-5] c.t.n.service.BacklogService - Backlog run starting: transactionType=EN, offset=0, count=10, concurrency=8
2026-09-21 11:31:53.629 WARN  [backlog-poster-80] c.t.n.service.BacklogService - 1. FAILURE for Transaction with batch=2021235273, type=EN, action=POST, stage=POST, status=400 BAD_REQUEST, elapsedMs=4240, reason=TEX-400: Burglary coverage Details cannot be null. [1/10 ok=0 fail=1]
2026-09-21 11:31:54.018 WARN  [backlog-poster-84] c.t.n.service.BacklogService - 2. FAILURE for Transaction with batch=2021241761, type=EN, action=ENDORSE, stage=POST, status=400 BAD_REQUEST, elapsedMs=4640, reason=TEX-400: Burglary coverage Details cannot be null. [2/10 ok=0 fail=2]
2026-09-21 11:31:54.019 WARN  [backlog-poster-83] c.t.n.service.BacklogService - 3. FAILURE for Transaction with batch=2021241375, type=EN, action=ENDORSE, stage=POST, status=400 BAD_REQUEST, elapsedMs=4728, reason=TEX-400: Burglary coverage Details cannot be null. [3/10 ok=0 fail=3]
2026-09-21 11:32:54.367 WARN  [backlog-poster-82] c.t.n.service.ThirdPartyApiClient - Timed out posting to NAICOM_POLICY_TERMINATION_URL after 504 GATEWAY_TIMEOUT: timeout
2026-09-21 11:32:54.680 WARN  [backlog-poster-86] c.t.n.service.ThirdPartyApiClient - Timed out posting to NAICOM_POLICY_ENDORSEMENT_URL after 504 GATEWAY_TIMEOUT: timeout
2026-09-21 11:32:54.680 WARN  [backlog-poster-81] c.t.n.service.ThirdPartyApiClient - Timed out posting to NAICOM_POLICY_TERMINATION_URL after 504 GATEWAY_TIMEOUT: timeout
2026-09-21 11:32:54.680 WARN  [backlog-poster-85] c.t.n.service.ThirdPartyApiClient - Timed out posting to NAICOM_POLICY_ENDORSEMENT_URL after 504 GATEWAY_TIMEOUT: timeout
2026-09-21 11:32:56.037 WARN  [backlog-poster-87] c.t.n.service.ThirdPartyApiClient - Timed out posting to NAICOM_POLICY_ENDORSEMENT_URL after 504 GATEWAY_TIMEOUT: timeout
2026-09-21 11:32:56.444 WARN  [backlog-poster-82] c.t.n.service.BacklogService - 4. FAILURE for Transaction with batch=2021239737, type=EN, action=TERMINATE, stage=POST, status=504 GATEWAY_TIMEOUT, elapsedMs=66870, reason=TEX-502: NAICOM returned no usable JSON (HTTP 504): timeout Encountered while posting Naicom Policy [4/10 ok=0 fail=4]
2026-09-21 11:32:56.984 WARN  [backlog-poster-86] c.t.n.service.BacklogService - 7. FAILURE for Transaction with batch=2022242837, type=EN, action=ENDORSE, stage=POST, status=504 GATEWAY_TIMEOUT, elapsedMs=67406, reason=TEX-502: NAICOM returned no usable JSON (HTTP 504): timeout Encountered while posting Naicom Policy [7/10 ok=0 fail=7]
2026-09-21 11:32:56.984 WARN  [backlog-poster-85] c.t.n.service.BacklogService - 6. FAILURE for Transaction with batch=2022242817, type=EN, action=ENDORSE, stage=POST, status=504 GATEWAY_TIMEOUT, elapsedMs=67406, reason=TEX-502: NAICOM returned no usable JSON (HTTP 504): timeout Encountered while posting Naicom Policy [6/10 ok=0 fail=6]
2026-09-21 11:32:56.984 WARN  [backlog-poster-81] c.t.n.service.BacklogService - 5. FAILURE for Transaction with batch=2021238799, type=EN, action=TERMINATE, stage=POST, status=504 GATEWAY_TIMEOUT, elapsedMs=67407, reason=TEX-502: NAICOM returned no usable JSON (HTTP 504): timeout Encountered while posting Naicom Policy [5/10 ok=0 fail=5]
2026-09-21 11:32:58.201 WARN  [backlog-poster-87] c.t.n.service.BacklogService - 8. FAILURE for Transaction with batch=2022242921, type=EN, action=ENDORSE, stage=POST, status=504 GATEWAY_TIMEOUT, elapsedMs=68822, reason=TEX-502: NAICOM returned no usable JSON (HTTP 504): timeout Encountered while posting Naicom Policy [8/10 ok=0 fail=8]
2026-09-21 11:32:59.276 WARN  [backlog-poster-80] c.t.n.service.ThirdPartyApiClient - Timed out posting to NAICOM_POLICY_TERMINATION_URL after 504 GATEWAY_TIMEOUT: timeout
2026-09-21 11:32:59.527 WARN  [backlog-poster-84] c.t.n.service.ThirdPartyApiClient - Timed out posting to NAICOM_POLICY_TERMINATION_URL after 504 GATEWAY_TIMEOUT: timeout
2026-09-21 11:33:01.947 WARN  [backlog-poster-80] c.t.n.service.BacklogService - 9. FAILURE for Transaction with batch=2022242928, type=EN, action=TERMINATE, stage=POST, status=504 GATEWAY_TIMEOUT, elapsedMs=66954, reason=TEX-502: NAICOM returned no usable JSON (HTTP 504): timeout Encountered while posting Naicom Policy [9/10 ok=0 fail=9]
2026-09-21 11:33:02.143 WARN  [backlog-poster-84] c.t.n.service.BacklogService - 10. FAILURE for Transaction with batch=2022242933, type=EN, action=TERMINATE, stage=POST, status=504 GATEWAY_TIMEOUT, elapsedMs=66820, reason=TEX-502: NAICOM returned no usable JSON (HTTP 504): timeout Encountered while posting Naicom Policy [10/10 ok=0 fail=10]
2026-09-21 11:33:02.143 INFO  [http-nio-8090-exec-5] c.t.n.service.BacklogService - Backlog run finished: transactionType=EN, offset=0, count=10, succeeded=0, failed=10, elapsedMs=75925 (7592 ms/policy)
2026-09-21 11:33:17.822 INFO  [http-nio-8090-exec-8] c.t.n.controller.BacklogController - Received /postbacklog request: transactionType=EN, offset=0, limit=10, concurrency=8
2026-09-21 11:33:19.479 INFO  [http-nio-8090-exec-8] c.t.n.dao.PolicyTransactionDao - Fetched 10 backlog batch numbers (offset=0, limit=10) for transaction type EN in 1657 ms
2026-09-21 11:33:19.479 INFO  [http-nio-8090-exec-8] c.t.n.service.BacklogService - Backlog run starting: transactionType=EN, offset=0, count=10, concurrency=8
2026-09-21 11:33:26.322 WARN  [backlog-poster-116] c.t.n.service.BacklogService - RETRY for Transaction with batch=2022243080, type=EN: attempt 1/3 failed at stage=POST, reason=POST: 1131: Policy auto total premium is invalid. - staging and posting it afresh
2026-09-21 11:33:34.226 WARN  [backlog-poster-116] c.t.n.service.BacklogService - RETRY for Transaction with batch=2022243080, type=EN: attempt 2/3 failed at stage=POST, reason=POST: 1131: Policy auto total premium is invalid. - staging and posting it afresh
2026-09-21 11:33:34.882 INFO  [backlog-poster-110] c.t.n.service.BacklogService - 1. SUCCESS for Transaction with batch=2022242928, type=EN, action=TERMINATE, status=200 OK, uniqueId=null, elapsedMs=15400 [1/10 ok=1 fail=0]
2026-09-21 11:33:35.299 INFO  [backlog-poster-109] c.t.n.service.BacklogService - 2. SUCCESS for Transaction with batch=2021238799, type=EN, action=TERMINATE, status=200 OK, uniqueId=null, elapsedMs=15818 [2/10 ok=2 fail=0]
2026-09-21 11:33:35.565 INFO  [backlog-poster-117] c.t.n.service.BacklogService - 3. SUCCESS for Transaction with batch=2022243094, type=EN, action=TERMINATE, status=200 OK, uniqueId=null, elapsedMs=16082 [3/10 ok=3 fail=0]
2026-09-21 11:33:39.484 WARN  [backlog-poster-111] c.t.n.service.BacklogService - RETRY for Transaction with batch=2022242937, type=EN: attempt 1/3 failed at stage=POST, reason=POST: 1000: Can not parse the sending data. JSON ERROR: Could not find a part of the path 'C:\inetpub\wwwroot\api\Logs\sql.log'. - staging and posting it afresh
2026-09-21 11:34:24.581 WARN  [backlog-poster-112] c.t.n.service.ThirdPartyApiClient - Timed out posting to NAICOM_POLICY_TERMINATION_URL after 504 GATEWAY_TIMEOUT: timeout
2026-09-21 11:34:24.865 WARN  [backlog-poster-113] c.t.n.service.ThirdPartyApiClient - Timed out posting to NAICOM_POLICY_TERMINATION_URL after 504 GATEWAY_TIMEOUT: timeout
2026-09-21 11:34:24.865 WARN  [backlog-poster-114] c.t.n.service.ThirdPartyApiClient - Timed out posting to NAICOM_POLICY_TERMINATION_URL after 504 GATEWAY_TIMEOUT: timeout
2026-09-21 11:34:26.277 WARN  [backlog-poster-112] c.t.n.service.BacklogService - 4. FAILURE for Transaction with batch=2022242945, type=EN, action=TERMINATE, stage=POST, status=504 GATEWAY_TIMEOUT, elapsedMs=65908, reason=TEX-502: NAICOM returned no usable JSON (HTTP 504): timeout Encountered while posting Naicom Policy [4/10 ok=3 fail=1]
2026-09-21 11:34:26.704 WARN  [backlog-poster-114] c.t.n.service.BacklogService - 5. FAILURE for Transaction with batch=2022242953, type=EN, action=TERMINATE, stage=POST, status=504 GATEWAY_TIMEOUT, elapsedMs=66372, reason=TEX-502: NAICOM returned no usable JSON (HTTP 504): timeout Encountered while posting Naicom Policy [5/10 ok=3 fail=2]
2026-09-21 11:34:26.877 WARN  [backlog-poster-113] c.t.n.service.BacklogService - 6. FAILURE for Transaction with batch=2022242950, type=EN, action=TERMINATE, stage=POST, status=504 GATEWAY_TIMEOUT, elapsedMs=66372, reason=TEX-502: NAICOM returned no usable JSON (HTTP 504): timeout Encountered while posting Naicom Policy [6/10 ok=3 fail=3]
2026-09-21 11:34:40.143 WARN  [backlog-poster-109] c.t.n.service.ThirdPartyApiClient - Timed out posting to NAICOM_POLICY_TERMINATION_URL after 504 GATEWAY_TIMEOUT: timeout
2026-09-21 11:34:40.312 WARN  [backlog-poster-110] c.t.n.service.ThirdPartyApiClient - Timed out posting to NAICOM_POLICY_POSTING_URL after 504 GATEWAY_TIMEOUT: timeout
2026-09-21 11:34:42.080 WARN  [backlog-poster-116] c.t.n.service.ThirdPartyApiClient - Timed out posting to NAICOM_POLICY_POSTING_URL after 504 GATEWAY_TIMEOUT: timeout
2026-09-21 11:34:42.106 WARN  [backlog-poster-109] c.t.n.service.BacklogService - 7. FAILURE for Transaction with batch=2022243217, type=EN, action=TERMINATE, stage=POST, status=504 GATEWAY_TIMEOUT, elapsedMs=65920, reason=TEX-502: NAICOM returned no usable JSON (HTTP 504): timeout Encountered while posting Naicom Policy [7/10 ok=3 fail=4]
2026-09-21 11:34:42.231 WARN  [backlog-poster-110] c.t.n.service.BacklogService - 8. FAILURE for Transaction with batch=2022243173, type=EN, action=POST, stage=POST, status=504 GATEWAY_TIMEOUT, elapsedMs=66517, reason=TEX-502: NAICOM returned no usable JSON (HTTP 504): timeout Encountered while posting Naicom Policy [8/10 ok=3 fail=5]
2026-09-21 11:34:43.842 WARN  [backlog-poster-116] c.t.n.service.BacklogService - 9. FAILURE for Transaction with batch=2022243080, type=EN, action=POST, stage=POST, status=504 GATEWAY_TIMEOUT, elapsedMs=83437, attempts=3, reason=TEX-502: NAICOM returned no usable JSON (HTTP 504): timeout Encountered while posting Naicom Policy [9/10 ok=3 fail=6]
2026-09-21 11:34:46.311 WARN  [backlog-poster-111] c.t.n.service.ThirdPartyApiClient - Timed out posting to NAICOM_POLICY_TERMINATION_URL after 504 GATEWAY_TIMEOUT: timeout
2026-09-21 11:34:48.327 WARN  [backlog-poster-111] c.t.n.service.BacklogService - 10. FAILURE for Transaction with batch=2022242937, type=EN, action=TERMINATE, stage=POST, status=504 GATEWAY_TIMEOUT, elapsedMs=87647, attempts=2, reason=TEX-502: NAICOM returned no usable JSON (HTTP 504): timeout Encountered while posting Naicom Policy [10/10 ok=3 fail=7]
2026-09-21 11:34:48.329 INFO  [http-nio-8090-exec-8] c.t.n.service.BacklogService - Backlog run finished: transactionType=EN, offset=0, count=10, succeeded=3, failed=7, elapsedMs=90507 (9050 ms/policy)
2026-09-21 11:35:06.526 INFO  [http-nio-8090-exec-10] c.t.n.controller.BacklogController - Received /postbacklog request: transactionType=EN, offset=0, limit=10, concurrency=8
2026-09-21 11:35:08.289 INFO  [http-nio-8090-exec-10] c.t.n.dao.PolicyTransactionDao - Fetched 10 backlog batch numbers (offset=0, limit=10) for transaction type EN in 1763 ms
2026-09-21 11:35:08.289 INFO  [http-nio-8090-exec-10] c.t.n.service.BacklogService - Backlog run starting: transactionType=EN, offset=0, count=10, concurrency=8
2026-09-21 11:36:13.546 WARN  [backlog-poster-155] c.t.n.service.ThirdPartyApiClient - Timed out posting to NAICOM_POLICY_TERMINATION_URL after 504 GATEWAY_TIMEOUT: timeout
2026-09-21 11:36:13.685 WARN  [backlog-poster-157] c.t.n.service.ThirdPartyApiClient - Timed out posting to NAICOM_POLICY_TERMINATION_URL after 504 GATEWAY_TIMEOUT: timeout
2026-09-21 11:36:13.685 WARN  [backlog-poster-154] c.t.n.service.ThirdPartyApiClient - Timed out posting to NAICOM_POLICY_TERMINATION_URL after 504 GATEWAY_TIMEOUT: timeout
2026-09-21 11:36:13.817 WARN  [backlog-poster-151] c.t.n.service.ThirdPartyApiClient - Timed out posting to NAICOM_POLICY_TERMINATION_URL after 504 GATEWAY_TIMEOUT: timeout
2026-09-21 11:36:13.970 WARN  [backlog-poster-162] c.t.n.service.ThirdPartyApiClient - Timed out posting to NAICOM_POLICY_TERMINATION_URL after 504 GATEWAY_TIMEOUT: timeout
2026-09-21 11:36:13.970 WARN  [backlog-poster-153] c.t.n.service.ThirdPartyApiClient - Timed out posting to NAICOM_POLICY_TERMINATION_URL after 504 GATEWAY_TIMEOUT: timeout
2026-09-21 11:36:13.971 WARN  [backlog-poster-152] c.t.n.service.ThirdPartyApiClient - Timed out posting to NAICOM_POLICY_TERMINATION_URL after 504 GATEWAY_TIMEOUT: timeout
2026-09-21 11:36:14.352 WARN  [backlog-poster-159] c.t.n.service.ThirdPartyApiClient - Timed out posting to NAICOM_POLICY_POSTING_URL after 504 GATEWAY_TIMEOUT: timeout
2026-09-21 11:36:15.307 WARN  [backlog-poster-155] c.t.n.service.BacklogService - 1. FAILURE for Transaction with batch=2022242950, type=EN, action=TERMINATE, stage=POST, status=504 GATEWAY_TIMEOUT, elapsedMs=66159, reason=TEX-502: NAICOM returned no usable JSON (HTTP 504): timeout Encountered while posting Naicom Policy [1/10 ok=0 fail=1]
2026-09-21 11:36:15.457 WARN  [backlog-poster-157] c.t.n.service.BacklogService - 2. FAILURE for Transaction with batch=2022242953, type=EN, action=TERMINATE, stage=POST, status=504 GATEWAY_TIMEOUT, elapsedMs=66301, reason=TEX-502: NAICOM returned no usable JSON (HTTP 504): timeout Encountered while posting Naicom Policy [2/10 ok=0 fail=2]
2026-09-21 11:36:15.457 WARN  [backlog-poster-154] c.t.n.service.BacklogService - 3. FAILURE for Transaction with batch=2022242945, type=EN, action=TERMINATE, stage=POST, status=504 GATEWAY_TIMEOUT, elapsedMs=66301, reason=TEX-502: NAICOM returned no usable JSON (HTTP 504): timeout Encountered while posting Naicom Policy [3/10 ok=0 fail=3]
2026-09-21 11:36:15.639 WARN  [backlog-poster-151] c.t.n.service.BacklogService - 4. FAILURE for Transaction with batch=2021238799, type=EN, action=TERMINATE, stage=POST, status=504 GATEWAY_TIMEOUT, elapsedMs=66446, reason=TEX-502: NAICOM returned no usable JSON (HTTP 504): timeout Encountered while posting Naicom Policy [4/10 ok=0 fail=4]
2026-09-21 11:36:15.786 WARN  [backlog-poster-152] c.t.n.service.BacklogService - 6. FAILURE for Transaction with batch=2022242928, type=EN, action=TERMINATE, stage=POST, status=504 GATEWAY_TIMEOUT, elapsedMs=66583, reason=TEX-502: NAICOM returned no usable JSON (HTTP 504): timeout Encountered while posting Naicom Policy [6/10 ok=0 fail=6]
2026-09-21 11:36:15.786 WARN  [backlog-poster-153] c.t.n.service.BacklogService - 5. FAILURE for Transaction with batch=2022242937, type=EN, action=TERMINATE, stage=POST, status=504 GATEWAY_TIMEOUT, elapsedMs=66583, reason=TEX-502: NAICOM returned no usable JSON (HTTP 504): timeout Encountered while posting Naicom Policy [5/10 ok=0 fail=5]
2026-09-21 11:36:15.786 WARN  [backlog-poster-162] c.t.n.service.BacklogService - 7. FAILURE for Transaction with batch=2022243094, type=EN, action=TERMINATE, stage=POST, status=504 GATEWAY_TIMEOUT, elapsedMs=66583, reason=TEX-502: NAICOM returned no usable JSON (HTTP 504): timeout Encountered while posting Naicom Policy [7/10 ok=0 fail=7]
2026-09-21 11:36:16.032 WARN  [backlog-poster-159] c.t.n.service.BacklogService - 8. FAILURE for Transaction with batch=2022243080, type=EN, action=POST, stage=POST, status=504 GATEWAY_TIMEOUT, elapsedMs=66867, reason=TEX-502: NAICOM returned no usable JSON (HTTP 504): timeout Encountered while posting Naicom Policy [8/10 ok=0 fail=8]
2026-09-21 11:36:51.156 WARN  [backlog-poster-155] c.t.n.service.BacklogService - RETRY for Transaction with batch=2022243173, type=EN: attempt 1/3 failed at stage=POST, reason=POST: 1125: Policy auto phone postcode is invalid. - staging and posting it afresh
2026-09-21 11:37:07.770 WARN  [backlog-poster-155] c.t.n.service.BacklogService - RETRY for Transaction with batch=2022243173, type=EN: attempt 2/3 failed at stage=POST, reason=POST: 1125: Policy auto phone postcode is invalid. - staging and posting it afresh
2026-09-21 11:37:18.441 WARN  [backlog-poster-155] c.t.n.service.BacklogService - 9. FAILURE for Transaction with batch=2022243173, type=EN, action=POST, stage=POST, status=400 BAD_REQUEST, elapsedMs=62157, attempts=3, reason=1125: Policy auto phone postcode is invalid. [9/10 ok=0 fail=9]
2026-09-21 11:37:19.653 WARN  [backlog-poster-157] c.t.n.service.ThirdPartyApiClient - Timed out posting to NAICOM_POLICY_TERMINATION_URL after 504 GATEWAY_TIMEOUT: timeout
2026-09-21 11:37:21.359 WARN  [backlog-poster-157] c.t.n.service.BacklogService - 10. FAILURE for Transaction with batch=2022243217, type=EN, action=TERMINATE, stage=POST, status=504 GATEWAY_TIMEOUT, elapsedMs=64963, reason=TEX-502: NAICOM returned no usable JSON (HTTP 504): timeout Encountered while posting Naicom Policy [10/10 ok=0 fail=10]
2026-09-21 11:37:21.360 INFO  [http-nio-8090-exec-10] c.t.n.service.BacklogService - Backlog run finished: transactionType=EN, offset=0, count=10, succeeded=0, failed=10, elapsedMs=134834 (13483 ms/policy)
2026-09-21 11:37:36.205 INFO  [http-nio-8090-exec-3] c.t.n.controller.BacklogController - Received /postbacklog request: transactionType=EN, offset=0, limit=10, concurrency=8
2026-09-21 11:37:38.924 INFO  [http-nio-8090-exec-3] c.t.n.dao.PolicyTransactionDao - Fetched 10 backlog batch numbers (offset=0, limit=10) for transaction type EN in 2719 ms
2026-09-21 11:37:38.924 INFO  [http-nio-8090-exec-3] c.t.n.service.BacklogService - Backlog run starting: transactionType=EN, offset=0, count=10, concurrency=8
2026-09-21 11:37:42.649 WARN  [backlog-poster-197] c.t.n.service.BacklogService - 1. FAILURE for Transaction with batch=2021235273, type=EN, action=POST, stage=POST, status=400 BAD_REQUEST, elapsedMs=2928, reason=TEX-400: Burglary coverage Details cannot be null. [1/10 ok=0 fail=1]
2026-09-21 11:37:42.900 WARN  [backlog-poster-200] c.t.n.service.BacklogService - 2. FAILURE for Transaction with batch=2021241375, type=EN, action=ENDORSE, stage=POST, status=400 BAD_REQUEST, elapsedMs=3220, reason=TEX-400: Burglary coverage Details cannot be null. [2/10 ok=0 fail=2]
2026-09-21 11:37:43.205 WARN  [backlog-poster-201] c.t.n.service.BacklogService - 3. FAILURE for Transaction with batch=2021241761, type=EN, action=ENDORSE, stage=POST, status=400 BAD_REQUEST, elapsedMs=3464, reason=TEX-400: Burglary coverage Details cannot be null. [3/10 ok=0 fail=3]
2026-09-21 11:38:43.403 WARN  [backlog-poster-199] c.t.n.service.ThirdPartyApiClient - Timed out posting to NAICOM_POLICY_TERMINATION_URL after 504 GATEWAY_TIMEOUT: timeout
2026-09-21 11:38:44.051 WARN  [backlog-poster-198] c.t.n.service.ThirdPartyApiClient - Timed out posting to NAICOM_POLICY_TERMINATION_URL after 504 GATEWAY_TIMEOUT: timeout
2026-09-21 11:38:44.051 WARN  [backlog-poster-207] c.t.n.service.ThirdPartyApiClient - Timed out posting to NAICOM_POLICY_ENDORSEMENT_URL after 504 GATEWAY_TIMEOUT: timeout
2026-09-21 11:38:44.201 WARN  [backlog-poster-205] c.t.n.service.ThirdPartyApiClient - Timed out posting to NAICOM_POLICY_ENDORSEMENT_URL after 504 GATEWAY_TIMEOUT: timeout
2026-09-21 11:38:44.371 WARN  [backlog-poster-202] c.t.n.service.ThirdPartyApiClient - Timed out posting to NAICOM_POLICY_ENDORSEMENT_URL after 504 GATEWAY_TIMEOUT: timeout
2026-09-21 11:38:45.060 WARN  [backlog-poster-199] c.t.n.service.BacklogService - 4. FAILURE for Transaction with batch=2021239737, type=EN, action=TERMINATE, stage=POST, status=504 GATEWAY_TIMEOUT, elapsedMs=65246, reason=TEX-502: NAICOM returned no usable JSON (HTTP 504): timeout Encountered while posting Naicom Policy [4/10 ok=0 fail=4]
2026-09-21 11:38:45.786 WARN  [backlog-poster-207] c.t.n.service.BacklogService - 6. FAILURE for Transaction with batch=2022242921, type=EN, action=ENDORSE, stage=POST, status=504 GATEWAY_TIMEOUT, elapsedMs=65992, reason=TEX-502: NAICOM returned no usable JSON (HTTP 504): timeout Encountered while posting Naicom Policy [6/10 ok=0 fail=6]
2026-09-21 11:38:45.786 WARN  [backlog-poster-198] c.t.n.service.BacklogService - 5. FAILURE for Transaction with batch=2021238799, type=EN, action=TERMINATE, stage=POST, status=504 GATEWAY_TIMEOUT, elapsedMs=65997, reason=TEX-502: NAICOM returned no usable JSON (HTTP 504): timeout Encountered while posting Naicom Policy [5/10 ok=0 fail=5]
2026-09-21 11:38:45.986 WARN  [backlog-poster-205] c.t.n.service.BacklogService - 7. FAILURE for Transaction with batch=2022242837, type=EN, action=ENDORSE, stage=POST, status=504 GATEWAY_TIMEOUT, elapsedMs=66134, reason=TEX-502: NAICOM returned no usable JSON (HTTP 504): timeout Encountered while posting Naicom Policy [7/10 ok=0 fail=7]
2026-09-21 11:38:46.233 WARN  [backlog-poster-202] c.t.n.service.BacklogService - 8. FAILURE for Transaction with batch=2022242817, type=EN, action=ENDORSE, stage=POST, status=504 GATEWAY_TIMEOUT, elapsedMs=66442, reason=TEX-502: NAICOM returned no usable JSON (HTTP 504): timeout Encountered while posting Naicom Policy [8/10 ok=0 fail=8]
2026-09-21 11:38:47.000 WARN  [backlog-poster-197] c.t.n.service.ThirdPartyApiClient - Timed out posting to NAICOM_POLICY_TERMINATION_URL after 504 GATEWAY_TIMEOUT: timeout
2026-09-21 11:38:47.854 WARN  [backlog-poster-200] c.t.n.service.ThirdPartyApiClient - Timed out posting to NAICOM_POLICY_TERMINATION_URL after 504 GATEWAY_TIMEOUT: timeout
2026-09-21 11:38:48.543 WARN  [backlog-poster-197] c.t.n.service.BacklogService - 9. FAILURE for Transaction with batch=2022242928, type=EN, action=TERMINATE, stage=POST, status=504 GATEWAY_TIMEOUT, elapsedMs=65072, reason=TEX-502: NAICOM returned no usable JSON (HTTP 504): timeout Encountered while posting Naicom Policy [9/10 ok=0 fail=9]
2026-09-21 11:38:49.712 WARN  [backlog-poster-200] c.t.n.service.BacklogService - 10. FAILURE for Transaction with batch=2022242933, type=EN, action=TERMINATE, stage=POST, status=504 GATEWAY_TIMEOUT, elapsedMs=65841, reason=TEX-502: NAICOM returned no usable JSON (HTTP 504): timeout Encountered while posting Naicom Policy [10/10 ok=0 fail=10]
2026-09-21 11:38:49.712 INFO  [http-nio-8090-exec-3] c.t.n.service.BacklogService - Backlog run finished: transactionType=EN, offset=0, count=10, succeeded=0, failed=10, elapsedMs=73507 (7350 ms/policy)
2026-09-21 11:39:03.474 INFO  [http-nio-8090-exec-5] c.t.n.controller.BacklogController - Received /postbacklog request: transactionType=EN, offset=0, limit=5, concurrency=8
2026-09-21 11:39:05.618 INFO  [http-nio-8090-exec-5] c.t.n.dao.PolicyTransactionDao - Fetched 5 backlog batch numbers (offset=0, limit=5) for transaction type EN in 2144 ms
2026-09-21 11:39:05.618 INFO  [http-nio-8090-exec-5] c.t.n.service.BacklogService - Backlog run starting: transactionType=EN, offset=0, count=5, concurrency=8
2026-09-21 11:39:11.190 WARN  [backlog-poster-234] c.t.n.service.BacklogService - 1. FAILURE for Transaction with batch=2021241375, type=EN, action=ENDORSE, stage=POST, status=400 BAD_REQUEST, elapsedMs=4231, reason=TEX-400: Burglary coverage Details cannot be null. [1/5 ok=0 fail=1]
2026-09-21 11:39:11.678 WARN  [backlog-poster-231] c.t.n.service.BacklogService - 2. FAILURE for Transaction with batch=2021235273, type=EN, action=POST, stage=POST, status=400 BAD_REQUEST, elapsedMs=4414, reason=TEX-400: Burglary coverage Details cannot be null. [2/5 ok=0 fail=2]
2026-09-21 11:39:11.678 WARN  [backlog-poster-235] c.t.n.service.BacklogService - 3. FAILURE for Transaction with batch=2021241761, type=EN, action=ENDORSE, stage=POST, status=400 BAD_REQUEST, elapsedMs=4652, reason=TEX-400: Burglary coverage Details cannot be null. [3/5 ok=0 fail=3]
2026-09-21 11:39:17.786 INFO  [backlog-poster-232] c.t.n.service.BacklogService - 4. SUCCESS for Transaction with batch=2021238799, type=EN, action=TERMINATE, status=200 OK, uniqueId=null, elapsedMs=12144 [4/5 ok=1 fail=3]
2026-09-21 11:39:17.967 INFO  [backlog-poster-233] c.t.n.service.BacklogService - 5. SUCCESS for Transaction with batch=2021239737, type=EN, action=TERMINATE, status=200 OK, uniqueId=null, elapsedMs=12325 [5/5 ok=2 fail=3]
2026-09-21 11:39:17.967 INFO  [http-nio-8090-exec-5] c.t.n.service.BacklogService - Backlog run finished: transactionType=EN, offset=0, count=5, succeeded=2, failed=3, elapsedMs=14493 (2898 ms/policy)
